trait	autosomal_biallelic	in_ld_panel	ld_panel_missing
Acetate	7204	6326	878
Acetoacetate	4627	4376	251
Acetone	6581	5758	823
Alanine	39541	37643	1898
Albumin	33814	31935	1879
ApoA1	75053	70178	4875
ApoB_by_ApoA1	63887	59137	4750
ApoB	60491	56070	4421
Average_diameter_for_LDL_particles	20167	19364	803
Average_diameter_for_VLDL_particles	77050	72344	4706
Cholesterol_in_IDL	56256	52540	3716
Cholesterol_in_chylomicrons_and_extremely_large_VLDL	70295	66121	4174
Cholesterol_in_large_HDL	107653	100910	6743
Cholesterol_in_large_LDL	54939	51015	3924
Cholesterol_in_large_VLDL	73591	69179	4412
Cholesterol_in_medium_HDL	77149	72256	4893
Cholesterol_in_medium_LDL	57616	53541	4075
Cholesterol_in_medium_VLDL	57312	53260	4052
Cholesterol_in_small_HDL	53200	50202	2998
Cholesterol_in_small_LDL	58040	53675	4365
Cholesterol_in_small_VLDL	70168	65476	4692
Cholesterol_in_very_large_HDL	97101	91417	5684
Cholesterol_in_very_large_VLDL	74343	69603	4740
Cholesterol_in_very_small_VLDL	61752	57328	4424
Cholesterol_to_total_lipids_ratio_in_IDL	64179	59539	4640
Cholesterol_to_total_lipids_ratio_in_chylomicrons_and_extremely_large_VLDL	19688	18525	1163
Cholesterol_to_total_lipids_ratio_in_large_HDL	94941	90098	4843
Cholesterol_to_total_lipids_ratio_in_large_LDL	49454	46546	2908
Cholesterol_to_total_lipids_ratio_in_large_VLDL	46293	43747	2546
Cholesterol_to_total_lipids_ratio_in_medium_HDL	80740	76338	4402
Cholesterol_to_total_lipids_ratio_in_medium_LDL	22084	20525	1559
Cholesterol_to_total_lipids_ratio_in_medium_VLDL	77370	73450	3920
Cholesterol_to_total_lipids_ratio_in_small_HDL	53626	50528	3098
Cholesterol_to_total_lipids_ratio_in_small_LDL	27410	25912	1498
Cholesterol_to_total_lipids_ratio_in_small_VLDL	67729	64133	3596
Cholesterol_to_total_lipids_ratio_in_very_large_HDL	36110	32928	3182
Cholesterol_to_total_lipids_ratio_in_very_large_VLDL	58923	55952	2971
Cholesterol_to_total_lipids_ratio_in_very_small_VLDL	82113	77248	4865
Cholesteryl_esters_in_LDL	56155	52265	3890
Cholesteryl_esters_in_VLDL	64470	60094	4376
Cholesteryl_esters_in_chylomicrons_and_extremely_large_VLDL	70188	65948	4240
Cholesteryl_esters_in_large_HDL	109021	102252	6769
Cholesteryl_esters_in_large_LDL	55194	51257	3937
Cholesteryl_esters_in_large_VLDL	69212	64848	4364
Cholesteryl_esters_in_medium_HDL	77050	72172	4878
Cholesteryl_esters_in_medium_LDL	58726	54585	4141
Cholesteryl_esters_in_medium_VLDL	52615	48870	3745
Cholesteryl_esters_in_small_HDL	49606	46413	3193
Cholesteryl_esters_in_small_LDL	59860	55463	4397
Cholesteryl_esters_in_small_VLDL	71035	66326	4709
Cholesteryl_esters_in_very_large_HDL	102073	96176	5897
Cholesteryl_esters_in_very_large_VLDL	72090	67335	4755
Cholesteryl_esters_in_very_small_VLDL	59221	55093	4128
Cholesteryl_esters_to_total_lipids_ratio_in_chylomicrons_and_extremely_large_VLDL	17333	16226	1107
Cholesteryl_esters_to_total_lipids_ratio_in_large_HDL	82254	78162	4092
Cholesteryl_esters_to_total_lipids_ratio_in_large_LDL	35964	33418	2546
Cholesteryl_esters_to_total_lipids_ratio_in_large_VLDL	54993	52252	2741
Cholesteryl_esters_to_total_lipids_ratio_in_medium_HDL	68465	64381	4084
Cholesteryl_esters_to_total_lipids_ratio_in_medium_LDL	42379	39734	2645
Cholesteryl_esters_to_total_lipids_ratio_in_medium_VLDL	78599	74649	3950
Cholesteryl_esters_to_total_lipids_ratio_in_small_HDL	44487	41402	3085
Cholesteryl_esters_to_total_lipids_ratio_in_small_LDL	49797	46704	3093
Cholesteryl_esters_to_total_lipids_ratio_in_small_VLDL	61338	58116	3222
Cholesteryl_esters_to_total_lipids_ratio_in_very_large_HDL	28712	26801	1911
Cholesteryl_esters_to_total_lipids_ratio_in_very_large_VLDL	58647	55658	2989
Cholesteryl_esters_to_total_lipids_ratio_in_very_small_VLDL	84358	79212	5146
Cholines	67021	62799	4222
Citrate	33165	31797	1368
Clinical_LDL_C	51371	47525	3846
Concentration_of_IDL_particles	49979	46320	3659
Concentration_of_LDL_particles	62542	57839	4703
Concentration_of_VLDL_particles	68668	64138	4530
Concentration_of_chylomicrons_and_extremely_large_VLDL_particles	66933	63010	3923
Concentration_of_large_HDL_particles	101894	95150	6744
Concentration_of_large_LDL_particles	60582	56102	4480
Concentration_of_large_VLDL_particles	74792	70431	4361
Concentration_of_medium_HDL_particles	73994	69259	4735
Concentration_of_medium_LDL_particles	53155	49554	3601
Concentration_of_medium_VLDL_particles	64189	59970	4219
Concentration_of_small_HDL_particles	54578	51350	3228
Concentration_of_small_LDL_particles	60161	55751	4410
Concentration_of_small_VLDL_particles	78363	73484	4879
Concentration_of_very_large_HDL_particles	82798	77599	5199
Concentration_of_very_large_VLDL_particles	76101	71731	4370
Concentration_of_very_small_VLDL_particles	66116	61179	4937
Creatinine	72738	70710	2028
DHA	43697	40424	3273
DHA_pct	32692	30386	2306
Degree_of_unsaturation	44530	41087	3443
Free_cholesterol_in_IDL	57993	54299	3694
Free_cholesterol_in_LDL	52186	48574	3612
Free_cholesterol_in_VLDL	67995	63617	4378
Free_cholesterol_in_chylomicrons_and_extremely_large_VLDL	68875	64925	3950
Free_cholesterol_in_large_HDL	100374	93791	6583
Free_cholesterol_in_large_LDL	54271	50668	3603
Free_cholesterol_in_large_VLDL	78873	74125	4748
Free_cholesterol_in_medium_HDL	74741	69962	4779
Free_cholesterol_in_medium_LDL	53833	50010	3823
Free_cholesterol_in_medium_VLDL	62090	57876	4214
Free_cholesterol_in_small_HDL	60828	57638	3190
Free_cholesterol_in_small_LDL	51816	47591	4225
Free_cholesterol_in_small_VLDL	64463	60182	4281
Free_cholesterol_in_very_large_HDL	77694	73047	4647
Free_cholesterol_in_very_large_VLDL	72723	68481	4242
Free_cholesterol_in_very_small_VLDL	64124	59390	4734
Free_cholesterol_to_total_lipids_ratio_in_IDL	42120	40185	1935
Free_cholesterol_to_total_lipids_ratio_in_chylomicrons_and_extremely_large_VLDL	18193	17011	1182
Free_cholesterol_to_total_lipids_ratio_in_large_HDL	69743	65326	4417
Free_cholesterol_to_total_lipids_ratio_in_large_LDL	88070	82949	5121
Free_cholesterol_to_total_lipids_ratio_in_large_VLDL	37168	34933	2235
Free_cholesterol_to_total_lipids_ratio_in_medium_HDL	87205	81490	5715
Free_cholesterol_to_total_lipids_ratio_in_medium_LDL	79396	74635	4761
Free_cholesterol_to_total_lipids_ratio_in_medium_VLDL	70680	67021	3659
Free_cholesterol_to_total_lipids_ratio_in_small_HDL	67411	62212	5199
Free_cholesterol_to_total_lipids_ratio_in_small_LDL	67323	62882	4441
Free_cholesterol_to_total_lipids_ratio_in_small_VLDL	75612	71394	4218
Free_cholesterol_to_total_lipids_ratio_in_very_large_HDL	76368	71326	5042
Free_cholesterol_to_total_lipids_ratio_in_very_large_VLDL	44835	42706	2129
Free_cholesterol_to_total_lipids_ratio_in_very_small_VLDL	44516	42336	2180
Gln	45555	42866	2689
Glucose	15799	15043	756
Gly	59173	50815	8358
GlycA	74675	69281	5394
HDL_CE	90489	85015	5474
HDL_C	90058	84510	5548
HDL_FC	83012	77564	5448
HDL_L	78598	73511	5087
HDL_PL	73583	68777	4806
HDL_P	71158	67177	3981
HDL_TG	63805	59554	4251
HDL_size	95513	89053	6460
His	12505	11362	1143
IDL_CE	54765	51148	3617
IDL_CE_pct	41196	37635	3561
Isoleucine	8899	8569	330
LDL_cholesterol	53786	49909	3877
Lactate	10394	9840	554
Leucine	14067	13494	573
Linoleic_acid	69257	64754	4503
Monounsaturated_fatty_acids	72292	67897	4395
Omega3_fatty_acids	61407	56308	5099
Omega6_fatty_acids	71231	66698	4533
Phenylalanine	8930	7437	1493
Phosphatidylcholines	66244	61877	4367
Phosphoglycerides	64777	60637	4140
Phospholipids_in_IDL	63228	58785	4443
Phospholipids_in_LDL	56518	52219	4299
Phospholipids_in_VLDL	71958	67397	4561
Phospholipids_in_chylomicrons_and_extremely_large_VLDL	68782	64834	3948
Phospholipids_in_large_HDL	94234	87876	6358
Phospholipids_in_large_LDL	52311	48575	3736
Phospholipids_in_large_VLDL	78176	73558	4618
Phospholipids_in_medium_HDL	68150	63953	4197
Phospholipids_in_medium_LDL	60790	56409	4381
Phospholipids_in_medium_VLDL	64382	60111	4271
Phospholipids_in_small_HDL	58868	55722	3146
Phospholipids_in_small_LDL	59483	54506	4977
Phospholipids_in_small_VLDL	72184	67310	4874
Phospholipids_in_very_large_HDL	89595	83764	5831
Phospholipids_in_very_large_VLDL	72986	68766	4220
Phospholipids_in_very_small_VLDL	67616	62342	5274
Phospholipids_to_total_lipids_ratio_in_IDL	22197	20259	1938
Phospholipids_to_total_lipids_ratio_in_chylomicrons_and_extremely_large_VLDL	19906	18610	1296
Phospholipids_to_total_lipids_ratio_in_large_HDL	74061	70715	3346
Phospholipids_to_total_lipids_ratio_in_large_LDL	37878	34891	2987
Phospholipids_to_total_lipids_ratio_in_large_VLDL	65919	61323	4596
Phospholipids_to_total_lipids_ratio_in_medium_HDL	76497	72202	4295
Phospholipids_to_total_lipids_ratio_in_medium_LDL	28269	26549	1720
Phospholipids_to_total_lipids_ratio_in_medium_VLDL	63283	59920	3363
Phospholipids_to_total_lipids_ratio_in_small_HDL	49520	46303	3217
Phospholipids_to_total_lipids_ratio_in_small_LDL	52417	49350	3067
Phospholipids_to_total_lipids_ratio_in_small_VLDL	73550	69326	4224
Phospholipids_to_total_lipids_ratio_in_very_large_HDL	65316	60780	4536
Phospholipids_to_total_lipids_ratio_in_very_large_VLDL	35959	33763	2196
Phospholipids_to_total_lipids_ratio_in_very_small_VLDL	43936	40784	3152
Polyunsaturated_fatty_acids	74737	69879	4858
Pyruvate	14535	13696	839
Ratio_of_linoleic_acid_to_total_fatty_acids	38964	37059	1905
Ratio_of_monounsaturated_fatty_acids_to_total_fatty_acids	72835	68293	4542
Ratio_of_omega3_fatty_acids_to_total_fatty_acids	36803	32934	3869
Ratio_of_omega6_fatty_acids_to_omega3_fatty_acids	41465	37580	3885
Ratio_of_omega6_fatty_acids_to_total_fatty_acids	48532	45830	2702
Ratio_of_polyunsaturated_fatty_acids_to_monounsaturated_fatty_acids	64376	60520	3856
Ratio_of_polyunsaturated_fatty_acids_to_total_fatty_acids	43445	41403	2042
Ratio_of_saturated_fatty_acids_to_total_fatty_acids	13630	13183	447
Ratio_of_triglycerides_to_phosphoglycerides	84266	79630	4636
Remnant_cholesterol_nonHDL_nonLDL_cholesterol	57671	53583	4088
Saturated_fatty_acids	57969	54412	3557
Sphingomyelins	67441	63655	3786
Total_cholesterol	64697	60706	3991
Total_cholesterol_minus_HDLC	56485	52436	4049
Total_concentration_of_branchedchain_amino_acids_leucine_isoleucine_valine	17111	16524	587
Total_concentration_of_lipoprotein_particles	71747	67842	3905
Total_esterified_cholesterol	66028	62070	3958
Total_fatty_acids	69906	65489	4417
Total_free_cholesterol	60614	56528	4086
Total_lipids_in_IDL	57978	53994	3984
Total_lipids_in_LDL	56275	52311	3964
Total_lipids_in_VLDL	72438	67967	4471
Total_lipids_in_chylomicrons_and_extremely_large_VLDL	62964	59210	3754
Total_lipids_in_large_HDL	99320	92711	6609
Total_lipids_in_large_LDL	55589	51623	3966
Total_lipids_in_large_VLDL	72763	68542	4221
Total_lipids_in_lipoprotein_particles	62326	58327	3999
Total_lipids_in_medium_HDL	71296	66754	4542
Total_lipids_in_medium_LDL	60345	56106	4239
Total_lipids_in_medium_VLDL	66646	62389	4257
Total_lipids_in_small_HDL	57831	54656	3175
Total_lipids_in_small_LDL	60807	56102	4705
Total_lipids_in_small_VLDL	76882	72057	4825
Total_lipids_in_very_large_HDL	92120	86098	6022
Total_lipids_in_very_large_VLDL	74297	70039	4258
Total_lipids_in_very_small_VLDL	66302	61318	4984
Total_phospholipids_in_lipoprotein_particles	65828	61689	4139
Total_triglycerides	75855	71303	4552
Triglycerides_in_IDL	71263	65970	5293
Triglycerides_in_LDL	73463	68583	4880
Triglycerides_in_VLDL	74850	70459	4391
Triglycerides_in_chylomicrons_and_extremely_large_VLDL	53830	50471	3359
Triglycerides_in_large_HDL	44759	40883	3876
Triglycerides_in_large_LDL	69862	65005	4857
Triglycerides_in_large_VLDL	68532	64598	3934
Triglycerides_in_medium_HDL	63552	59473	4079
Triglycerides_in_medium_LDL	76795	71796	4999
Triglycerides_in_medium_VLDL	73617	69236	4381
Triglycerides_in_small_HDL	82493	77568	4925
Triglycerides_in_small_LDL	78853	73840	5013
Triglycerides_in_small_VLDL	80729	75732	4997
Triglycerides_in_very_large_HDL	57461	52981	4480
Triglycerides_in_very_large_VLDL	74467	70289	4178
Triglycerides_in_very_small_VLDL	79137	73705	5432
Triglycerides_to_total_lipids_ratio_in_IDL	75284	70583	4701
Triglycerides_to_total_lipids_ratio_in_chylomicrons_and_extremely_large_VLDL	13348	12124	1224
Triglycerides_to_total_lipids_ratio_in_large_HDL	81055	76578	4477
Triglycerides_to_total_lipids_ratio_in_large_LDL	58544	54820	3724
Triglycerides_to_total_lipids_ratio_in_large_VLDL	40984	38387	2597
Triglycerides_to_total_lipids_ratio_in_medium_HDL	77889	73360	4529
Triglycerides_to_total_lipids_ratio_in_medium_LDL	53652	49990	3662
Triglycerides_to_total_lipids_ratio_in_medium_VLDL	75289	71403	3886
Triglycerides_to_total_lipids_ratio_in_small_HDL	82386	77539	4847
Triglycerides_to_total_lipids_ratio_in_small_LDL	70760	66165	4595
Triglycerides_to_total_lipids_ratio_in_small_VLDL	69630	65845	3785
Triglycerides_to_total_lipids_ratio_in_very_large_HDL	86426	81416	5010
Triglycerides_to_total_lipids_ratio_in_very_large_VLDL	50970	48541	2429
Triglycerides_to_total_lipids_ratio_in_very_small_VLDL	82695	77987	4708
Tyrosine	29059	27209	1850
VLDL_cholesterol	64992	60666	4326
Valine	21049	20279	770
bOHbutyrate	13651	13221	430
