trait_id	trait_display	screen_level	n_iv	min_f	median_f	cumulative_r2_approx	maf_min	maf_q25	maf_median	maf_q75	maf_max	i2gx	nome_i2gx_ge_0_90	ld_panel_missing_n	ld_panel_eligible_n	ld_panel_missing_fraction	ld_panel_missingness_note
Acetate	Acetate	null	47	29.8339932916306	40.1972865925662	0.00585876346557934	0.0233367	0.1663965	0.311633	0.412609	0.493757	0.986541548725576	TRUE	NA	NA	NA	Selection-stage LD-panel denominator was not supplied; final-IV files alone cannot reconstruct missingness
Acetoacetate	Acetoacetate	null	42	30.1578010047542	41.7645913495788	0.00618322326198201	0.00994328	0.1889505	0.267694	0.351506	0.474345	0.988283280870353	TRUE	NA	NA	NA	Selection-stage LD-panel denominator was not supplied; final-IV files alone cannot reconstruct missingness
Acetone	Acetone	null	57	30.0025083557835	42.0178129604857	0.00876362121157521	0.0160835	0.185012	0.269345	0.414671	0.498027	0.989188126874213	TRUE	NA	NA	NA	Selection-stage LD-panel denominator was not supplied; final-IV files alone cannot reconstruct missingness
Alanine	Alanine	null	250	29.7443157125174	50.0553861489767	0.0457783813076055	0.00236045	0.147844	0.258394	0.38536475	0.499938	0.991280087616887	TRUE	NA	NA	NA	Selection-stage LD-panel denominator was not supplied; final-IV files alone cannot reconstruct missingness
Albumin	Albumin	null	268	29.7187427128163	48.0810025900178	0.0348305254842403	0.00796414	0.1251635	0.2679725	0.369784	0.496635	0.988252676518752	TRUE	NA	NA	NA	Selection-stage LD-panel denominator was not supplied; final-IV files alone cannot reconstruct missingness
ApoA1	Apolipoprotein A1	null	348	29.719524080788	54.6125238838587	0.069446022072473	0.00394911	0.1281935	0.265433	0.3937985	0.494456	0.993769562154134	TRUE	NA	NA	NA	Selection-stage LD-panel denominator was not supplied; final-IV files alone cannot reconstruct missingness
ApoB	Apolipoprotein B	null	282	29.7435489061067	61.223823572561	0.0717520239633748	0.00666668	0.081944625	0.21321	0.3609035	0.498506	0.994452560849038	TRUE	NA	NA	NA	Selection-stage LD-panel denominator was not supplied; final-IV files alone cannot reconstruct missingness
ApoB_by_ApoA1	Apolipoprotein B/apolipoprotein A1 ratio	null	339	29.7622772193741	58.989300240294	0.07918345038817	0.00276596	0.10306	0.232805	0.37961	0.498353	0.994139243674954	TRUE	NA	NA	NA	Selection-stage LD-panel denominator was not supplied; final-IV files alone cannot reconstruct missingness
Average_diameter_for_LDL_particles	Mean low-density lipoprotein particle diameter	nominal	141	29.754334054649	55.5694480550967	0.030406387158785	0.00211264	0.0897774	0.227649	0.374428	0.498309	0.992818156368477	TRUE	NA	NA	NA	Selection-stage LD-panel denominator was not supplied; final-IV files alone cannot reconstruct missingness
Average_diameter_for_VLDL_particles	Mean very-low-density lipoprotein particle diameter	fdr_only	381	29.7864133348092	55.3825304081472	0.0809853051703106	0.00547602	0.122336	0.271857	0.392871	0.499321	0.993928858766181	TRUE	NA	NA	NA	Selection-stage LD-panel denominator was not supplied; final-IV files alone cannot reconstruct missingness
Cholesterol_in_IDL	Cholesterol in intermediate-density lipoprotein	nominal	276	29.7351341871368	58.4503113925016	0.0736892357257551	0.00666668	0.0790377	0.2153725	0.35680125	0.49844	0.994875857338889	TRUE	NA	NA	NA	Selection-stage LD-panel denominator was not supplied; final-IV files alone cannot reconstruct missingness
Cholesterol_in_chylomicrons_and_extremely_large_VLDL	Cholesterol in chylomicrons and extremely large very-low-density lipoprotein	fdr_only	345	29.7307929793753	53.8664192866872	0.0791446280223896	0.00547602	0.103973	0.25744	0.388104	0.499321	0.993934048294122	TRUE	NA	NA	NA	Selection-stage LD-panel denominator was not supplied; final-IV files alone cannot reconstruct missingness
Cholesterol_in_large_HDL	Cholesterol in large high-density lipoprotein	fdr_only	496	29.8463813630911	56.6000242253858	0.0867934879645492	0.0079341	0.10975725	0.258183	0.38599225	0.49904	0.993783542189917	TRUE	NA	NA	NA	Selection-stage LD-panel denominator was not supplied; final-IV files alone cannot reconstruct missingness
Cholesterol_in_large_LDL	Cholesterol in large low-density lipoprotein	null	266	29.7281863010583	60.3024213734502	0.0704582519669462	0.00498781	0.081944625	0.2126555	0.35522125	0.498534	0.99461257024302	TRUE	NA	NA	NA	Selection-stage LD-panel denominator was not supplied; final-IV files alone cannot reconstruct missingness
Cholesterol_in_large_VLDL	Cholesterol in large very-low-density lipoprotein	null	374	29.727637937404	55.8490516098606	0.0808798072639801	0.00547602	0.110013	0.2558115	0.39495375	0.499321	0.993633445538861	TRUE	NA	NA	NA	Selection-stage LD-panel denominator was not supplied; final-IV files alone cannot reconstruct missingness
Cholesterol_in_medium_HDL	Cholesterol in medium high-density lipoprotein	null	396	29.8188545179057	53.3995297864025	0.0782638789335596	0.00830289	0.15479775	0.274575	0.39908625	0.497392	0.993678926729211	TRUE	NA	NA	NA	Selection-stage LD-panel denominator was not supplied; final-IV files alone cannot reconstruct missingness
Cholesterol_in_medium_LDL	Cholesterol in medium low-density lipoprotein	null	285	29.725672988837	55.5691066039686	0.0709667919190063	0.00498241	0.100759	0.2256	0.387396	0.49897	0.994204606662374	TRUE	NA	NA	NA	Selection-stage LD-panel denominator was not supplied; final-IV files alone cannot reconstruct missingness
Cholesterol_in_medium_VLDL	Cholesterol in medium very-low-density lipoprotein	null	277	29.9784206268447	56.6867647314268	0.0726626810095416	0.00792158	0.0817765	0.215666	0.364071	0.494467	0.994446407478867	TRUE	NA	NA	NA	Selection-stage LD-panel denominator was not supplied; final-IV files alone cannot reconstruct missingness
Cholesterol_in_small_HDL	Cholesterol in small high-density lipoprotein	nominal	257	29.7329264022435	54.2515910575864	0.0557570353306256	0.0108678	0.145238	0.247029	0.388154	0.498624	0.992899855036874	TRUE	NA	NA	NA	Selection-stage LD-panel denominator was not supplied; final-IV files alone cannot reconstruct missingness
Cholesterol_in_small_LDL	Cholesterol in small low-density lipoprotein	null	282	29.7335194005518	57.8554708971844	0.0711993305272882	0.00498781	0.09217135	0.225957	0.37278075	0.498506	0.994320849623331	TRUE	NA	NA	NA	Selection-stage LD-panel denominator was not supplied; final-IV files alone cannot reconstruct missingness
Cholesterol_in_small_VLDL	Cholesterol in small very-low-density lipoprotein	null	327	29.8184898784188	56.471369325689	0.0808954542827055	0.00792158	0.1045985	0.232374	0.3775225	0.496837	0.994286870408611	TRUE	NA	NA	NA	Selection-stage LD-panel denominator was not supplied; final-IV files alone cannot reconstruct missingness
Cholesterol_in_very_large_HDL	Cholesterol in very large high-density lipoprotein	bonferroni_hit	455	29.7168760049588	53.6705649050863	0.0866232024666724	0.0079341	0.118065	0.272192	0.393335	0.499831	0.993892769109754	TRUE	NA	NA	NA	Selection-stage LD-panel denominator was not supplied; final-IV files alone cannot reconstruct missingness
Cholesterol_in_very_large_VLDL	Cholesterol in very large very-low-density lipoprotein	null	367	29.894092795192	55.4146705779581	0.0807407793351701	0.00547602	0.110384	0.257226	0.396617	0.499321	0.993758116899471	TRUE	NA	NA	NA	Selection-stage LD-panel denominator was not supplied; final-IV files alone cannot reconstruct missingness
Cholesterol_in_very_small_VLDL	Cholesterol in very small very-low-density lipoprotein	null	271	29.7556830206738	60.3766293603612	0.0751603032230807	0.00792158	0.1196515	0.244917	0.376829	0.495765	0.995157588384794	TRUE	NA	NA	NA	Selection-stage LD-panel denominator was not supplied; final-IV files alone cannot reconstruct missingness
Cholesterol_to_total_lipids_ratio_in_IDL	Cholesterol/total lipids ratio in intermediate-density lipoprotein	nominal	330	29.72289972337	59.0965432458605	0.0900532531146514	0.00276596	0.094972225	0.2361895	0.36107575	0.496489	0.994823635246378	TRUE	NA	NA	NA	Selection-stage LD-panel denominator was not supplied; final-IV files alone cannot reconstruct missingness
Cholesterol_to_total_lipids_ratio_in_chylomicrons_and_extremely_large_VLDL	Cholesterol/total lipids ratio in chylomicrons and extremely large very-low-density lipoprotein	null	152	29.8118229743967	48.7434233598331	0.0376038511987231	0.00477848	0.107386	0.2511515	0.36801375	0.499937	0.993591591003226	TRUE	NA	NA	NA	Selection-stage LD-panel denominator was not supplied; final-IV files alone cannot reconstruct missingness
Cholesterol_to_total_lipids_ratio_in_large_HDL	Cholesterol/total lipids ratio in large high-density lipoprotein	bonferroni_hit	450	29.7270699328688	54.9248090662604	0.085810425956524	0.00553192	0.12308525	0.2789895	0.38742125	0.499831	0.993191800530844	TRUE	NA	NA	NA	Selection-stage LD-panel denominator was not supplied; final-IV files alone cannot reconstruct missingness
Cholesterol_to_total_lipids_ratio_in_large_LDL	Cholesterol/total lipids ratio in large low-density lipoprotein	fdr_only	280	29.8254576472237	54.4191400462767	0.065940789911626	0.00276596	0.10153975	0.242807	0.38498625	0.498463	0.993741758247749	TRUE	NA	NA	NA	Selection-stage LD-panel denominator was not supplied; final-IV files alone cannot reconstruct missingness
Cholesterol_to_total_lipids_ratio_in_large_VLDL	Cholesterol/total lipids ratio in large very-low-density lipoprotein	fdr_only	254	29.9138326095421	53.1058413592108	0.0603629502451346	0.00397831	0.1061185	0.226387	0.34933825	0.495215	0.993699741033787	TRUE	NA	NA	NA	Selection-stage LD-panel denominator was not supplied; final-IV files alone cannot reconstruct missingness
Cholesterol_to_total_lipids_ratio_in_medium_HDL	Cholesterol/total lipids ratio in medium high-density lipoprotein	nominal	415	29.7516697663116	56.2187054953134	0.0878303859203525	0.00553192	0.1251095	0.270788	0.388314	0.499321	0.993694586499482	TRUE	NA	NA	NA	Selection-stage LD-panel denominator was not supplied; final-IV files alone cannot reconstruct missingness
Cholesterol_to_total_lipids_ratio_in_medium_LDL	Cholesterol/total lipids ratio in medium low-density lipoprotein	null	147	29.8350681939562	59.4361974359469	0.0405801839976581	0.00397831	0.1064735	0.254325	0.376403	0.494717	0.994063051941013	TRUE	NA	NA	NA	Selection-stage LD-panel denominator was not supplied; final-IV files alone cannot reconstruct missingness
Cholesterol_to_total_lipids_ratio_in_medium_VLDL	Cholesterol/total lipids ratio in medium very-low-density lipoprotein	bonferroni_hit	372	29.7594829207276	57.3123360504728	0.080531245818448	0.00910306	0.12145925	0.2757725	0.391111	0.499831	0.993698446793546	TRUE	NA	NA	NA	Selection-stage LD-panel denominator was not supplied; final-IV files alone cannot reconstruct missingness
Cholesterol_to_total_lipids_ratio_in_small_HDL	Cholesterol/total lipids ratio in small high-density lipoprotein	null	267	29.7689939273551	60.4581180694819	0.0742566646733368	0.00547602	0.08562305	0.23252	0.3864705	0.495516	0.994641067431836	TRUE	NA	NA	NA	Selection-stage LD-panel denominator was not supplied; final-IV files alone cannot reconstruct missingness
Cholesterol_to_total_lipids_ratio_in_small_LDL	Cholesterol/total lipids ratio in small low-density lipoprotein	null	178	29.8128284081678	52.1276553880953	0.0416134095109028	0.00397831	0.108968	0.237144	0.37673175	0.498465	0.993225609394876	TRUE	NA	NA	NA	Selection-stage LD-panel denominator was not supplied; final-IV files alone cannot reconstruct missingness
Cholesterol_to_total_lipids_ratio_in_small_VLDL	Cholesterol/total lipids ratio in small very-low-density lipoprotein	fdr_only	297	29.7987701476683	60.4604788550853	0.0831456642399985	0.00276596	0.0845124	0.24038	0.376514	0.495394	0.994778050316594	TRUE	NA	NA	NA	Selection-stage LD-panel denominator was not supplied; final-IV files alone cannot reconstruct missingness
Cholesterol_to_total_lipids_ratio_in_very_large_HDL	Cholesterol/total lipids ratio in very large high-density lipoprotein	null	189	29.7515478452622	63.7284602518904	0.0548073436041374	0.00394911	0.105657	0.21619	0.350863	0.493041	0.995274668625383	TRUE	NA	NA	NA	Selection-stage LD-panel denominator was not supplied; final-IV files alone cannot reconstruct missingness
Cholesterol_to_total_lipids_ratio_in_very_large_VLDL	Cholesterol/total lipids ratio in very large very-low-density lipoprotein	bonferroni_hit	316	29.8142693164267	49.7744496477893	0.0669185272469036	0.00910306	0.12470725	0.263448	0.3684285	0.496031	0.993221130345553	TRUE	NA	NA	NA	Selection-stage LD-panel denominator was not supplied; final-IV files alone cannot reconstruct missingness
Cholesterol_to_total_lipids_ratio_in_very_small_VLDL	Cholesterol/total lipids ratio in very small very-low-density lipoprotein	fdr_only	389	29.8446609510507	57.5288107815961	0.0925486362556557	0.00276596	0.101509	0.237557	0.375924	0.499831	0.99431472015448	TRUE	NA	NA	NA	Selection-stage LD-panel denominator was not supplied; final-IV files alone cannot reconstruct missingness
Cholesteryl_esters_in_LDL	Cholesteryl esters in low-density lipoprotein	null	287	29.7366865144747	55.3435917905131	0.069516450385703	0.00498781	0.0953389	0.227649	0.3726175	0.498506	0.994072636956426	TRUE	NA	NA	NA	Selection-stage LD-panel denominator was not supplied; final-IV files alone cannot reconstruct missingness
Cholesteryl_esters_in_VLDL	Cholesteryl esters in very-low-density lipoprotein	null	309	29.7332698897209	58.1458674814982	0.0803730751268999	0.00792158	0.105716	0.219291	0.368898	0.496837	0.99449816799853	TRUE	NA	NA	NA	Selection-stage LD-panel denominator was not supplied; final-IV files alone cannot reconstruct missingness
Cholesteryl_esters_in_chylomicrons_and_extremely_large_VLDL	Cholesteryl esters in chylomicrons and extremely large very-low-density lipoprotein	fdr_only	349	29.8675924813096	54.3971396954416	0.0820312011357291	0.00547602	0.104092	0.275592	0.393115	0.499321	0.994086705018786	TRUE	NA	NA	NA	Selection-stage LD-panel denominator was not supplied; final-IV files alone cannot reconstruct missingness
Cholesteryl_esters_in_large_HDL	Cholesteryl esters in large high-density lipoprotein	fdr_only	498	29.7470981444191	55.8340316460303	0.0861924421999227	0.0079341	0.122435	0.2765075	0.39560525	0.49904	0.993677270991766	TRUE	NA	NA	NA	Selection-stage LD-panel denominator was not supplied; final-IV files alone cannot reconstruct missingness
Cholesteryl_esters_in_large_LDL	Cholesteryl esters in large low-density lipoprotein	null	267	29.7348046778889	59.6765361784268	0.0691050215068808	0.00498781	0.08329255	0.215728	0.3608305	0.498534	0.994476301278667	TRUE	NA	NA	NA	Selection-stage LD-panel denominator was not supplied; final-IV files alone cannot reconstruct missingness
Cholesteryl_esters_in_large_VLDL	Cholesteryl esters in large very-low-density lipoprotein	null	347	29.737675511239	60.2210175513171	0.0791681188253139	0.00547602	0.0998174	0.251345	0.388701	0.499321	0.993882772680828	TRUE	NA	NA	NA	Selection-stage LD-panel denominator was not supplied; final-IV files alone cannot reconstruct missingness
Cholesteryl_esters_in_medium_HDL	Cholesteryl esters in medium high-density lipoprotein	null	397	29.7360534811778	53.4234269478636	0.0781549798055657	0.00830289	0.154362	0.279195	0.396034	0.49904	0.993602790048341	TRUE	NA	NA	NA	Selection-stage LD-panel denominator was not supplied; final-IV files alone cannot reconstruct missingness
Cholesteryl_esters_in_medium_LDL	Cholesteryl esters in medium low-density lipoprotein	null	300	29.7388454938675	54.7463423401745	0.0751213697579395	0.00870423	0.10570125	0.2366505	0.39161225	0.498506	0.994241029772962	TRUE	NA	NA	NA	Selection-stage LD-panel denominator was not supplied; final-IV files alone cannot reconstruct missingness
Cholesteryl_esters_in_medium_VLDL	Cholesteryl esters in medium very-low-density lipoprotein	null	249	29.9669047016746	58.7356618685418	0.0645119463009565	0.00741011	0.079331	0.222529	0.35796	0.498534	0.994366999882666	TRUE	NA	NA	NA	Selection-stage LD-panel denominator was not supplied; final-IV files alone cannot reconstruct missingness
Cholesteryl_esters_in_small_HDL	Cholesteryl esters in small high-density lipoprotein	null	247	29.7527785378321	54.1256091681876	0.0532208690381395	0.00397831	0.1316775	0.246977	0.3878095	0.497179	0.992824279401698	TRUE	NA	NA	NA	Selection-stage LD-panel denominator was not supplied; final-IV files alone cannot reconstruct missingness
Cholesteryl_esters_in_small_LDL	Cholesteryl esters in small low-density lipoprotein	null	302	29.7700634244614	57.1577728895629	0.0755586015285243	0.00217964	0.08166765	0.2222255	0.37344075	0.49897	0.994259435395197	TRUE	NA	NA	NA	Selection-stage LD-panel denominator was not supplied; final-IV files alone cannot reconstruct missingness
Cholesteryl_esters_in_small_VLDL	Cholesteryl esters in small very-low-density lipoprotein	null	327	29.8569519878968	60.3671778616362	0.0834649048199422	0.00738925	0.108444	0.238959	0.3752875	0.499321	0.994485955734281	TRUE	NA	NA	NA	Selection-stage LD-panel denominator was not supplied; final-IV files alone cannot reconstruct missingness
Cholesteryl_esters_in_very_large_HDL	Cholesteryl esters in very large high-density lipoprotein	fdr_only	473	29.7261744260596	55.389381703036	0.0868188878847933	0.0079341	0.119874	0.271544	0.391058	0.499831	0.99379231327943	TRUE	NA	NA	NA	Selection-stage LD-panel denominator was not supplied; final-IV files alone cannot reconstruct missingness
Cholesteryl_esters_in_very_large_VLDL	Cholesteryl esters in very large very-low-density lipoprotein	null	352	29.8552382187344	57.8832646820128	0.076853577651202	0.00547602	0.1032045	0.2605655	0.396691	0.499321	0.993671614541134	TRUE	NA	NA	NA	Selection-stage LD-panel denominator was not supplied; final-IV files alone cannot reconstruct missingness
Cholesteryl_esters_in_very_small_VLDL	Cholesteryl esters in very small very-low-density lipoprotein	null	267	29.758419661382	58.0671626229982	0.0739631299242717	0.00792158	0.111295	0.241082	0.376509	0.494102	0.995164919657987	TRUE	NA	NA	NA	Selection-stage LD-panel denominator was not supplied; final-IV files alone cannot reconstruct missingness
Cholesteryl_esters_to_total_lipids_ratio_in_chylomicrons_and_extremely_large_VLDL	Cholesteryl esters/total lipids ratio in chylomicrons and extremely large very-low-density lipoprotein	null	140	30.1665489313016	52.1169067511216	0.0376990298295937	0.00211098	0.074229175	0.2130195	0.34495525	0.499937	0.994091494791756	TRUE	NA	NA	NA	Selection-stage LD-panel denominator was not supplied; final-IV files alone cannot reconstruct missingness
Cholesteryl_esters_to_total_lipids_ratio_in_large_HDL	Cholesteryl esters/total lipids ratio in large high-density lipoprotein	fdr_only	415	29.923220403068	54.1310358044188	0.0794945093248535	0.00553192	0.131937	0.281685	0.391079	0.499831	0.992960009926989	TRUE	NA	NA	NA	Selection-stage LD-panel denominator was not supplied; final-IV files alone cannot reconstruct missingness
Cholesteryl_esters_to_total_lipids_ratio_in_large_LDL	Cholesteryl esters/total lipids ratio in large low-density lipoprotein	null	184	29.7327565153034	51.8161179297795	0.0495457754452178	0.00934999999999997	0.07248965	0.22013	0.37465625	0.491159	0.994235264142623	TRUE	NA	NA	NA	Selection-stage LD-panel denominator was not supplied; final-IV files alone cannot reconstruct missingness
Cholesteryl_esters_to_total_lipids_ratio_in_large_VLDL	Cholesteryl esters/total lipids ratio in large very-low-density lipoprotein	fdr_only	296	29.7999351516293	50.6617758649101	0.0679045483488887	0.00397831	0.10215975	0.2433845	0.3671375	0.498689	0.993747061329757	TRUE	NA	NA	NA	Selection-stage LD-panel denominator was not supplied; final-IV files alone cannot reconstruct missingness
Cholesteryl_esters_to_total_lipids_ratio_in_medium_HDL	Cholesteryl esters/total lipids ratio in medium high-density lipoprotein	null	374	29.7619790952267	56.4002074002443	0.0846447758165542	0.00547602	0.1240505	0.2673845	0.39302125	0.499321	0.99382134456035	TRUE	NA	NA	NA	Selection-stage LD-panel denominator was not supplied; final-IV files alone cannot reconstruct missingness
Cholesteryl_esters_to_total_lipids_ratio_in_medium_LDL	Cholesteryl esters/total lipids ratio in medium low-density lipoprotein	null	228	29.7313126860665	53.4357246926049	0.056338152893909	0.00547602	0.090889825	0.251121	0.3847755	0.498595	0.993976430233592	TRUE	NA	NA	NA	Selection-stage LD-panel denominator was not supplied; final-IV files alone cannot reconstruct missingness
Cholesteryl_esters_to_total_lipids_ratio_in_medium_VLDL	Cholesteryl esters/total lipids ratio in medium very-low-density lipoprotein	bonferroni_hit	385	29.7696134312288	55.6215133112068	0.0805416355802212	0.00553192	0.126347	0.277718	0.39151	0.499831	0.993524012370895	TRUE	NA	NA	NA	Selection-stage LD-panel denominator was not supplied; final-IV files alone cannot reconstruct missingness
Cholesteryl_esters_to_total_lipids_ratio_in_small_HDL	Cholesteryl esters/total lipids ratio in small high-density lipoprotein	null	239	29.775274046254	65.2246515306781	0.0655850492421575	0.00464248	0.0960978	0.254834	0.388339	0.499103	0.994633337096801	TRUE	NA	NA	NA	Selection-stage LD-panel denominator was not supplied; final-IV files alone cannot reconstruct missingness
Cholesteryl_esters_to_total_lipids_ratio_in_small_LDL	Cholesteryl esters/total lipids ratio in small low-density lipoprotein	null	246	29.7275474675188	56.6131781826869	0.0687263377225796	0.00547602	0.093270925	0.2248975	0.383941	0.499992	0.994571070280602	TRUE	NA	NA	NA	Selection-stage LD-panel denominator was not supplied; final-IV files alone cannot reconstruct missingness
Cholesteryl_esters_to_total_lipids_ratio_in_small_VLDL	Cholesteryl esters/total lipids ratio in small very-low-density lipoprotein	nominal	264	29.8696416903723	57.5096378097309	0.0730414084282926	0.00999835	0.072072275	0.221124	0.3483745	0.495394	0.994579148220855	TRUE	NA	NA	NA	Selection-stage LD-panel denominator was not supplied; final-IV files alone cannot reconstruct missingness
Cholesteryl_esters_to_total_lipids_ratio_in_very_large_HDL	Cholesteryl esters/total lipids ratio in very large high-density lipoprotein	null	202	29.7375346850741	50.338515592061	0.0534772482615287	0.00792158	0.083582425	0.249223	0.38224525	0.494294	0.994144379058755	TRUE	NA	NA	NA	Selection-stage LD-panel denominator was not supplied; final-IV files alone cannot reconstruct missingness
Cholesteryl_esters_to_total_lipids_ratio_in_very_large_VLDL	Cholesteryl esters/total lipids ratio in very large very-low-density lipoprotein	fdr_only	319	29.8898343914876	51.3368543913584	0.067493812893503	0.00910306	0.121389	0.259828	0.3742925	0.499575	0.99321402184923	TRUE	NA	NA	NA	Selection-stage LD-panel denominator was not supplied; final-IV files alone cannot reconstruct missingness
Cholesteryl_esters_to_total_lipids_ratio_in_very_small_VLDL	Cholesteryl esters/total lipids ratio in very small very-low-density lipoprotein	bonferroni_hit	399	29.7708724390397	55.4158249216623	0.0921834859889755	0.00276596	0.104559	0.24806	0.375217	0.499831	0.994221928735371	TRUE	NA	NA	NA	Selection-stage LD-panel denominator was not supplied; final-IV files alone cannot reconstruct missingness
Cholines	Cholines	null	296	29.7329634971256	55.6124116401045	0.0676657821633626	0.00904465	0.09867495	0.233963	0.38472675	0.496095	0.994213517304205	TRUE	NA	NA	NA	Selection-stage LD-panel denominator was not supplied; final-IV files alone cannot reconstruct missingness
Citrate	Citrate	null	217	29.724277464212	51.3981747620361	0.044546477885686	0.00823614	0.134111	0.28178	0.401394	0.490612	0.992658859382629	TRUE	NA	NA	NA	Selection-stage LD-panel denominator was not supplied; final-IV files alone cannot reconstruct missingness
Clinical_LDL_C	Clinical low-density lipoprotein cholesterol	null	255	30.0118475967996	56.4477108029895	0.0694619907452149	0.00479934	0.08211275	0.219309	0.35641	0.493327	0.99474011792985	TRUE	NA	NA	NA	Selection-stage LD-panel denominator was not supplied; final-IV files alone cannot reconstruct missingness
Concentration_of_IDL_particles	Intermediate-density lipoprotein particle concentration	null	235	29.8116662391349	65.9988718687104	0.0712202137595174	0.00666668	0.07971145	0.222529	0.36807	0.493327	0.995344245989376	TRUE	NA	NA	NA	Selection-stage LD-panel denominator was not supplied; final-IV files alone cannot reconstruct missingness
Concentration_of_LDL_particles	Low-density lipoprotein particle concentration	null	290	29.8150988771034	59.7431792401578	0.0754610376065322	0.00498781	0.081944625	0.2033635	0.355993	0.49897	0.994535550463336	TRUE	NA	NA	NA	Selection-stage LD-panel denominator was not supplied; final-IV files alone cannot reconstruct missingness
Concentration_of_VLDL_particles	Very-low-density lipoprotein particle concentration	null	336	29.7170489817722	61.3770975788761	0.0824341575922527	0.00547602	0.10516075	0.242453	0.390392	0.499321	0.994309764407072	TRUE	NA	NA	NA	Selection-stage LD-panel denominator was not supplied; final-IV files alone cannot reconstruct missingness
Concentration_of_chylomicrons_and_extremely_large_VLDL_particles	Chylomicrons and extremely large very-low-density lipoprotein particle concentration	nominal	335	29.7607466901081	54.7506638626082	0.0737398820096826	0.00547602	0.111572	0.255164	0.3851	0.499321	0.993622654932554	TRUE	NA	NA	NA	Selection-stage LD-panel denominator was not supplied; final-IV files alone cannot reconstruct missingness
Concentration_of_large_HDL_particles	Large high-density lipoprotein particle concentration	fdr_only	487	29.7250661809692	55.8466254283295	0.0820778358576053	0.0079341	0.120937	0.271544	0.3855505	0.499035	0.99361699789898	TRUE	NA	NA	NA	Selection-stage LD-panel denominator was not supplied; final-IV files alone cannot reconstruct missingness
Concentration_of_large_LDL_particles	Large low-density lipoprotein particle concentration	null	280	29.8070100437699	58.0150693249285	0.0739048373914672	0.00498781	0.096465125	0.2183755	0.36122375	0.49897	0.994618029494228	TRUE	NA	NA	NA	Selection-stage LD-panel denominator was not supplied; final-IV files alone cannot reconstruct missingness
Concentration_of_large_VLDL_particles	Large very-low-density lipoprotein particle concentration	null	380	29.7344070881492	53.9261337100316	0.0805117452859831	0.00547602	0.12232025	0.2698105	0.39702475	0.499321	0.993565181634108	TRUE	NA	NA	NA	Selection-stage LD-panel denominator was not supplied; final-IV files alone cannot reconstruct missingness
Concentration_of_medium_HDL_particles	Medium high-density lipoprotein particle concentration	null	360	29.7291564034953	54.5196014853885	0.0709738781628069	0.00394911	0.13028475	0.27018	0.3930705	0.499679	0.993615156489587	TRUE	NA	NA	NA	Selection-stage LD-panel denominator was not supplied; final-IV files alone cannot reconstruct missingness
Concentration_of_medium_LDL_particles	Medium low-density lipoprotein particle concentration	null	279	29.8084112118996	57.1281590419571	0.0729550562947934	0.00870423	0.0874795	0.221922	0.3733055	0.498506	0.994453530098384	TRUE	NA	NA	NA	Selection-stage LD-panel denominator was not supplied; final-IV files alone cannot reconstruct missingness
Concentration_of_medium_VLDL_particles	Medium very-low-density lipoprotein particle concentration	null	309	29.9265876886565	61.6334917003151	0.0727574436811553	0.00547602	0.0934094	0.22365	0.386109	0.498506	0.993998869345438	TRUE	NA	NA	NA	Selection-stage LD-panel denominator was not supplied; final-IV files alone cannot reconstruct missingness
Concentration_of_small_HDL_particles	Small high-density lipoprotein particle concentration	null	271	29.779166978233	54.6021185332801	0.0565695805221623	0.011154	0.1421775	0.269017	0.393014	0.498624	0.992631511777405	TRUE	NA	NA	NA	Selection-stage LD-panel denominator was not supplied; final-IV files alone cannot reconstruct missingness
Concentration_of_small_LDL_particles	Small low-density lipoprotein particle concentration	null	304	29.7709670315324	57.6381684105609	0.0739547793027505	0.00666668	0.101120675	0.223291	0.38883825	0.498506	0.994125601172042	TRUE	NA	NA	NA	Selection-stage LD-panel denominator was not supplied; final-IV files alone cannot reconstruct missingness
Concentration_of_small_VLDL_particles	Small very-low-density lipoprotein particle concentration	null	372	29.7239335732865	61.1504713733608	0.0871173164689407	0.00547602	0.099384225	0.2450695	0.38503025	0.499321	0.994133108587011	TRUE	NA	NA	NA	Selection-stage LD-panel denominator was not supplied; final-IV files alone cannot reconstruct missingness
Concentration_of_very_large_HDL_particles	Very large high-density lipoprotein particle concentration	fdr_only	414	29.7206365728365	54.8143981262653	0.0761914366886594	0.00464248	0.11974175	0.261338	0.39147825	0.499831	0.993674371797788	TRUE	NA	NA	NA	Selection-stage LD-panel denominator was not supplied; final-IV files alone cannot reconstruct missingness
Concentration_of_very_large_VLDL_particles	Very large very-low-density lipoprotein particle concentration	nominal	392	29.7351410051492	53.004630521434	0.0828984626889986	0.00547602	0.13010525	0.286001	0.39588275	0.499321	0.993596524769102	TRUE	NA	NA	NA	Selection-stage LD-panel denominator was not supplied; final-IV files alone cannot reconstruct missingness
Concentration_of_very_small_VLDL_particles	Very small very-low-density lipoprotein particle concentration	null	294	29.8652589562648	64.0266608712347	0.0767524390744035	0.00464248	0.106379	0.2321935	0.36642775	0.49737	0.99476159584142	TRUE	NA	NA	NA	Selection-stage LD-panel denominator was not supplied; final-IV files alone cannot reconstruct missingness
Creatinine	Creatinine	null	396	29.7706313208298	51.4380334980112	0.0392584919250379	0.00999835	0.163788	0.287757	0.38255775	0.499698	0.988881892641077	TRUE	NA	NA	NA	Selection-stage LD-panel denominator was not supplied; final-IV files alone cannot reconstruct missingness
DHA	Docosahexaenoic acid	nominal	222	29.7335796704036	52.2432210666544	0.0417113628777154	0.00394911	0.1192675	0.256704	0.3848025	0.49705	0.992753270117907	TRUE	NA	NA	NA	Selection-stage LD-panel denominator was not supplied; final-IV files alone cannot reconstruct missingness
DHA_pct	Docosahexaenoic acid/total fatty acids ratio	fdr_only	200	29.7691862635463	43.2182404236988	0.0329394267882834	0.0064973	0.174516	0.2849455	0.39359025	0.496582	0.990796527635513	TRUE	NA	NA	NA	Selection-stage LD-panel denominator was not supplied; final-IV files alone cannot reconstruct missingness
Degree_of_unsaturation	Degree of unsaturation	fdr_only	267	29.7802620382404	48.1146179182452	0.0523943601943873	0.0065799	0.1387205	0.263761	0.379291	0.496806	0.992789502157738	TRUE	NA	NA	NA	Selection-stage LD-panel denominator was not supplied; final-IV files alone cannot reconstruct missingness
Free_cholesterol_in_IDL	Free cholesterol in intermediate-density lipoprotein	null	289	29.7703487333133	56.8652289053507	0.0752272899999364	0.00870423	0.0781578	0.208025	0.353597	0.495947	0.994789289591815	TRUE	NA	NA	NA	Selection-stage LD-panel denominator was not supplied; final-IV files alone cannot reconstruct missingness
Free_cholesterol_in_LDL	Free cholesterol in low-density lipoprotein	null	266	29.7175580055442	53.4532903071916	0.0674015474435535	0.00870423	0.0811213	0.2234755	0.3545215	0.495947	0.994310302945243	TRUE	NA	NA	NA	Selection-stage LD-panel denominator was not supplied; final-IV files alone cannot reconstruct missingness
Free_cholesterol_in_VLDL	Free cholesterol in very-low-density lipoprotein	null	339	29.7900340647035	58.9101722978948	0.078008477843392	0.00547602	0.107488	0.246964	0.3979605	0.499321	0.993892176709405	TRUE	NA	NA	NA	Selection-stage LD-panel denominator was not supplied; final-IV files alone cannot reconstruct missingness
Free_cholesterol_in_chylomicrons_and_extremely_large_VLDL	Free cholesterol in chylomicrons and extremely large very-low-density lipoprotein	fdr_only	327	29.8718730224906	56.7851744202407	0.0757434197184314	0.00547602	0.1093125	0.25744	0.390415	0.499321	0.99392097253234	TRUE	NA	NA	NA	Selection-stage LD-panel denominator was not supplied; final-IV files alone cannot reconstruct missingness
Free_cholesterol_in_large_HDL	Free cholesterol in large high-density lipoprotein	fdr_only	466	29.7479315385184	55.5385117279544	0.0808547955259083	0.0079341	0.12885525	0.2789215	0.38544775	0.499035	0.993772778995843	TRUE	NA	NA	NA	Selection-stage LD-panel denominator was not supplied; final-IV files alone cannot reconstruct missingness
Free_cholesterol_in_large_LDL	Free cholesterol in large low-density lipoprotein	null	276	29.7219652243265	56.8315336564335	0.0725484438076641	0.00870423	0.08020205	0.2192205	0.35820275	0.495947	0.994584473924525	TRUE	NA	NA	NA	Selection-stage LD-panel denominator was not supplied; final-IV files alone cannot reconstruct missingness
Free_cholesterol_in_large_VLDL	Free cholesterol in large very-low-density lipoprotein	null	392	29.790789815833	53.7693907671519	0.0822698402452113	0.00547602	0.1354555	0.2636535	0.40004175	0.499321	0.993563533704705	TRUE	NA	NA	NA	Selection-stage LD-panel denominator was not supplied; final-IV files alone cannot reconstruct missingness
Free_cholesterol_in_medium_HDL	Free cholesterol in medium high-density lipoprotein	null	365	29.7353397919466	52.616960445323	0.0704457543974149	0.00394911	0.122442	0.269572	0.393684	0.494743	0.993651002058028	TRUE	NA	NA	NA	Selection-stage LD-panel denominator was not supplied; final-IV files alone cannot reconstruct missingness
Free_cholesterol_in_medium_LDL	Free cholesterol in medium low-density lipoprotein	null	250	30.1734423923252	55.3311333006301	0.0651203635609372	0.00796414	0.0934657	0.2302205	0.36191525	0.498534	0.994402866259411	TRUE	NA	NA	NA	Selection-stage LD-panel denominator was not supplied; final-IV files alone cannot reconstruct missingness
Free_cholesterol_in_medium_VLDL	Free cholesterol in medium very-low-density lipoprotein	null	295	29.8108357766625	58.4881515283255	0.0766518964940272	0.00966042	0.102914	0.238959	0.395131	0.498506	0.994478340719922	TRUE	NA	NA	NA	Selection-stage LD-panel denominator was not supplied; final-IV files alone cannot reconstruct missingness
Free_cholesterol_in_small_HDL	Free cholesterol in small high-density lipoprotein	null	266	29.7339939285022	57.748801740825	0.0619900381542788	0.0122161	0.128324	0.263634	0.38568825	0.494374	0.993734864562009	TRUE	NA	NA	NA	Selection-stage LD-panel denominator was not supplied; final-IV files alone cannot reconstruct missingness
Free_cholesterol_in_small_LDL	Free cholesterol in small low-density lipoprotein	null	243	29.9396605174169	56.779650450373	0.0632293963472006	0.00494536	0.08250325	0.228185	0.3572575	0.499463	0.994498216346069	TRUE	NA	NA	NA	Selection-stage LD-panel denominator was not supplied; final-IV files alone cannot reconstruct missingness
Free_cholesterol_in_small_VLDL	Free cholesterol in small very-low-density lipoprotein	null	313	29.8833768162258	58.3981103101152	0.0744424437132397	0.00845976	0.098087	0.225162	0.376999	0.496879	0.993989972782749	TRUE	NA	NA	NA	Selection-stage LD-panel denominator was not supplied; final-IV files alone cannot reconstruct missingness
Free_cholesterol_in_very_large_HDL	Free cholesterol in very large high-density lipoprotein	bonferroni_hit	377	29.7551859527582	53.3295081220817	0.0772359112546384	0.00734845	0.119832	0.268463	0.389312	0.499831	0.993825561165145	TRUE	NA	NA	NA	Selection-stage LD-panel denominator was not supplied; final-IV files alone cannot reconstruct missingness
Free_cholesterol_in_very_large_VLDL	Free cholesterol in very large very-low-density lipoprotein	null	372	29.826538560427	52.5546948847043	0.0790771087761044	0.00547602	0.124512	0.2640885	0.3966125	0.499321	0.99357293040141	TRUE	NA	NA	NA	Selection-stage LD-panel denominator was not supplied; final-IV files alone cannot reconstruct missingness
Free_cholesterol_in_very_small_VLDL	Free cholesterol in very small very-low-density lipoprotein	null	281	29.8522267680267	61.915297303005	0.0750405940013882	0.00464248	0.118377	0.24259	0.371973	0.49737	0.994888424018856	TRUE	NA	NA	NA	Selection-stage LD-panel denominator was not supplied; final-IV files alone cannot reconstruct missingness
Free_cholesterol_to_total_lipids_ratio_in_IDL	Free cholesterol/total lipids ratio in intermediate-density lipoprotein	fdr_only	228	29.8332005171602	56.0455617866259	0.0558195850126189	0.00547602	0.1166815	0.2707	0.38225825	0.499831	0.993600749479058	TRUE	NA	NA	NA	Selection-stage LD-panel denominator was not supplied; final-IV files alone cannot reconstruct missingness
Free_cholesterol_to_total_lipids_ratio_in_chylomicrons_and_extremely_large_VLDL	Free cholesterol/total lipids ratio in chylomicrons and extremely large very-low-density lipoprotein	null	144	29.896691129361	46.0317796215915	0.0306565784249317	0.00999835	0.11619275	0.272132	0.37868225	0.493723	0.992681490911162	TRUE	NA	NA	NA	Selection-stage LD-panel denominator was not supplied; final-IV files alone cannot reconstruct missingness
Free_cholesterol_to_total_lipids_ratio_in_large_HDL	Free cholesterol/total lipids ratio in large high-density lipoprotein	fdr_only	336	29.8240821653897	52.8297863250465	0.0800582306384404	0.00597998	0.1074265	0.263648	0.37946375	0.49705	0.994624588520663	TRUE	NA	NA	NA	Selection-stage LD-panel denominator was not supplied; final-IV files alone cannot reconstruct missingness
Free_cholesterol_to_total_lipids_ratio_in_large_LDL	Free cholesterol/total lipids ratio in large low-density lipoprotein	fdr_only	412	29.7195296438576	54.7023577449242	0.0886655943780007	0.00547602	0.122633	0.2638875	0.38265575	0.499831	0.993759466457371	TRUE	NA	NA	NA	Selection-stage LD-panel denominator was not supplied; final-IV files alone cannot reconstruct missingness
Free_cholesterol_to_total_lipids_ratio_in_large_VLDL	Free cholesterol/total lipids ratio in large very-low-density lipoprotein	null	217	29.7806449085293	54.7701189289235	0.0542947963272841	0.011587	0.109725	0.22704	0.349796	0.497254	0.99383635260856	TRUE	NA	NA	NA	Selection-stage LD-panel denominator was not supplied; final-IV files alone cannot reconstruct missingness
Free_cholesterol_to_total_lipids_ratio_in_medium_HDL	Free cholesterol/total lipids ratio in medium high-density lipoprotein	fdr_only	423	29.7606810121546	55.4674936535482	0.0846408096127433	0.00810097	0.1256625	0.252003	0.3929545	0.499141	0.994398433297761	TRUE	NA	NA	NA	Selection-stage LD-panel denominator was not supplied; final-IV files alone cannot reconstruct missingness
Free_cholesterol_to_total_lipids_ratio_in_medium_LDL	Free cholesterol/total lipids ratio in medium low-density lipoprotein	fdr_only	371	29.8188810973511	56.2621693130569	0.0874088986189013	0.00547602	0.127146	0.271052	0.3868905	0.499321	0.994162020232497	TRUE	NA	NA	NA	Selection-stage LD-panel denominator was not supplied; final-IV files alone cannot reconstruct missingness
Free_cholesterol_to_total_lipids_ratio_in_medium_VLDL	Free cholesterol/total lipids ratio in medium very-low-density lipoprotein	bonferroni_hit	342	29.9153839424212	55.7238797417026	0.0824766513788569	0.0062812	0.1062205	0.2604155	0.376571	0.495922	0.994252139447287	TRUE	NA	NA	NA	Selection-stage LD-panel denominator was not supplied; final-IV files alone cannot reconstruct missingness
Free_cholesterol_to_total_lipids_ratio_in_small_HDL	Free cholesterol/total lipids ratio in small high-density lipoprotein	null	348	29.7582312061669	56.0490690822343	0.0795093203747894	0.00792158	0.1036875	0.2496175	0.39673275	0.498441	0.99454669675807	TRUE	NA	NA	NA	Selection-stage LD-panel denominator was not supplied; final-IV files alone cannot reconstruct missingness
Free_cholesterol_to_total_lipids_ratio_in_small_LDL	Free cholesterol/total lipids ratio in small low-density lipoprotein	fdr_only	315	29.8059382549349	56.6150355508362	0.084913891341297	0.00293451	0.0791841	0.228185	0.3770385	0.4987	0.994666957511794	TRUE	NA	NA	NA	Selection-stage LD-panel denominator was not supplied; final-IV files alone cannot reconstruct missingness
Free_cholesterol_to_total_lipids_ratio_in_small_VLDL	Free cholesterol/total lipids ratio in small very-low-density lipoprotein	fdr_only	353	29.729321274956	55.0918385229249	0.0852242127535224	0.00479934	0.107504	0.271052	0.382425	0.495394	0.994237819748979	TRUE	NA	NA	NA	Selection-stage LD-panel denominator was not supplied; final-IV files alone cannot reconstruct missingness
Free_cholesterol_to_total_lipids_ratio_in_very_large_HDL	Free cholesterol/total lipids ratio in very large high-density lipoprotein	null	387	29.7462138067366	52.0719314754531	0.0651006647111893	0.00464248	0.121113	0.272168	0.381549	0.498421	0.993243542050716	TRUE	NA	NA	NA	Selection-stage LD-panel denominator was not supplied; final-IV files alone cannot reconstruct missingness
Free_cholesterol_to_total_lipids_ratio_in_very_large_VLDL	Free cholesterol/total lipids ratio in very large very-low-density lipoprotein	fdr_only	251	29.7954231001877	55.2906841666129	0.0576217410927803	0.00999835	0.1077105	0.245299	0.368568	0.498501	0.993516500443744	TRUE	NA	NA	NA	Selection-stage LD-panel denominator was not supplied; final-IV files alone cannot reconstruct missingness
Free_cholesterol_to_total_lipids_ratio_in_very_small_VLDL	Free cholesterol/total lipids ratio in very small very-low-density lipoprotein	nominal	190	29.9511617555204	65.4734214812231	0.0639908913363693	0.00810097	0.09338875	0.232755	0.356819	0.498804	0.995321601838267	TRUE	NA	NA	NA	Selection-stage LD-panel denominator was not supplied; final-IV files alone cannot reconstruct missingness
Gln	Glutamine	nominal	287	29.7493500999816	52.7340739941094	0.0525701427602811	0.0068202	0.168386	0.278008	0.402163	0.499626	0.991334310964092	TRUE	NA	NA	NA	Selection-stage LD-panel denominator was not supplied; final-IV files alone cannot reconstruct missingness
Glucose	Glucose	null	147	29.7353509968602	46.8915707539604	0.0211924839321228	0.0117247	0.151548	0.27905	0.3788665	0.49506	0.988740024720824	TRUE	NA	NA	NA	Selection-stage LD-panel denominator was not supplied; final-IV files alone cannot reconstruct missingness
Gly	Glycine	null	251	29.7547879488125	50.8977418735412	0.0545324115210076	0.00945517	0.1127695	0.275776	0.3865985	0.498757	0.993889433903136	TRUE	NA	NA	NA	Selection-stage LD-panel denominator was not supplied; final-IV files alone cannot reconstruct missingness
GlycA	Glycoprotein acetyls	bonferroni_hit	381	29.7288177742453	48.7699872943835	0.0622925186853026	0.00760452	0.152894	0.295747	0.393032	0.499463	0.990854733607447	TRUE	NA	NA	NA	Selection-stage LD-panel denominator was not supplied; final-IV files alone cannot reconstruct missingness
HDL_C	Total cholesterol in high-density lipoprotein	null	443	29.8940727702994	53.530018492831	0.080762817078454	0.0079341	0.1326745	0.271433	0.3916595	0.499035	0.993696077168087	TRUE	NA	NA	NA	Selection-stage LD-panel denominator was not supplied; final-IV files alone cannot reconstruct missingness
HDL_CE	Cholesteryl esters in high-density lipoprotein	null	456	29.7416161759316	52.5685712341409	0.0813862239462993	0.0079341	0.13864375	0.2789645	0.398118	0.499035	0.993495094942312	TRUE	NA	NA	NA	Selection-stage LD-panel denominator was not supplied; final-IV files alone cannot reconstruct missingness
HDL_FC	Free cholesterol in high-density lipoprotein	null	388	29.7881422734241	58.4223694160443	0.0744480612678065	0.0079341	0.11343	0.252444	0.3807	0.499035	0.994093388965199	TRUE	NA	NA	NA	Selection-stage LD-panel denominator was not supplied; final-IV files alone cannot reconstruct missingness
HDL_L	Total lipids in high-density lipoprotein	null	392	29.7970435297721	51.185432532887	0.0725703245029323	0.00904465	0.12112225	0.2707905	0.38808375	0.496837	0.993620959863634	TRUE	NA	NA	NA	Selection-stage LD-panel denominator was not supplied; final-IV files alone cannot reconstruct missingness
HDL_P	High-density lipoprotein particle concentration	null	336	29.923506736595	54.9888351040469	0.0666017434608144	0.00904465	0.162376	0.265433	0.38474775	0.49904	0.993257973225901	TRUE	NA	NA	NA	Selection-stage LD-panel denominator was not supplied; final-IV files alone cannot reconstruct missingness
HDL_PL	Phospholipids in high-density lipoprotein	null	342	29.7336722202397	54.5751592382784	0.069225538070463	0.00904465	0.14576675	0.278465	0.38795575	0.499679	0.994051343712234	TRUE	NA	NA	NA	Selection-stage LD-panel denominator was not supplied; final-IV files alone cannot reconstruct missingness
HDL_TG	Triglycerides in high-density lipoprotein	nominal	288	29.7752068050296	59.9600073500352	0.0819676451386652	0.00547602	0.09564545	0.226532	0.38387	0.496837	0.994940635507987	TRUE	NA	NA	NA	Selection-stage LD-panel denominator was not supplied; final-IV files alone cannot reconstruct missingness
HDL_size	Mean high-density lipoprotein particle diameter	fdr_only	439	29.7347450059208	54.2188861284097	0.0783495479188313	0.00464248	0.12253	0.269819	0.3889385	0.496837	0.993820227478748	TRUE	NA	NA	NA	Selection-stage LD-panel denominator was not supplied; final-IV files alone cannot reconstruct missingness
His	Histidine	null	117	30.0256287955167	46.7594984477766	0.0198778038860248	0.00840135	0.124956	0.272989	0.397012	0.499015	0.990600482602065	TRUE	NA	NA	NA	Selection-stage LD-panel denominator was not supplied; final-IV files alone cannot reconstruct missingness
IDL_CE	Cholesteryl esters in intermediate-density lipoprotein	null	271	29.8967223192468	56.106039205548	0.0730295418480632	0.00666668	0.07969265	0.221774	0.363166	0.49844	0.994902373309398	TRUE	NA	NA	NA	Selection-stage LD-panel denominator was not supplied; final-IV files alone cannot reconstruct missingness
IDL_CE_pct	Cholesteryl esters/total lipids ratio in intermediate-density lipoprotein	null	256	29.7410954794632	59.0347105908566	0.0730446362772925	0.00293284	0.085439625	0.2071495	0.35721575	0.49981	0.994920571760677	TRUE	NA	NA	NA	Selection-stage LD-panel denominator was not supplied; final-IV files alone cannot reconstruct missingness
Isoleucine	Isoleucine	null	89	29.8223206402306	43.7288473968848	0.0122250719257904	0.0110296	0.139079	0.27544	0.392307	0.499326	0.98871337877384	TRUE	NA	NA	NA	Selection-stage LD-panel denominator was not supplied; final-IV files alone cannot reconstruct missingness
LDL_cholesterol	Low-density lipoprotein cholesterol	null	277	29.7731323109845	55.5068869319874	0.069219549952246	0.00498781	0.0841361	0.228216	0.364071	0.498534	0.994251411725714	TRUE	NA	NA	NA	Selection-stage LD-panel denominator was not supplied; final-IV files alone cannot reconstruct missingness
Lactate	Lactate	nominal	95	29.9965644646795	45.0774934101552	0.0111218740557703	0.0127585	0.180475	0.277884	0.4001565	0.488306	0.985962738758669	TRUE	NA	NA	NA	Selection-stage LD-panel denominator was not supplied; final-IV files alone cannot reconstruct missingness
Leucine	Leucine	null	135	29.8636434833068	45.1873053124445	0.0175854759267165	0.00942143	0.1370685	0.275931	0.3958455	0.492139	0.988581845337961	TRUE	NA	NA	NA	Selection-stage LD-panel denominator was not supplied; final-IV files alone cannot reconstruct missingness
Linoleic_acid	Linoleic acid	nominal	265	29.8132877589134	59.6554486188629	0.0717013400155044	0.00547602	0.098127	0.225012	0.388154	0.497031	0.994620274603827	TRUE	NA	NA	NA	Selection-stage LD-panel denominator was not supplied; final-IV files alone cannot reconstruct missingness
Monounsaturated_fatty_acids	Monounsaturated fatty acids	bonferroni_hit	336	29.7869083049376	54.5676077615424	0.076202430628779	0.00547602	0.10099675	0.256036	0.38860525	0.499321	0.993653771024323	TRUE	NA	NA	NA	Selection-stage LD-panel denominator was not supplied; final-IV files alone cannot reconstruct missingness
Omega3_fatty_acids	Omega-3 fatty acids	null	284	29.7858386167455	54.2221484549736	0.0626938038939294	0.00394911	0.1045145	0.2436665	0.380736	0.499459	0.993968431688688	TRUE	NA	NA	NA	Selection-stage LD-panel denominator was not supplied; final-IV files alone cannot reconstruct missingness
Omega6_fatty_acids	Omega-6 fatty acids	null	288	29.7556028192936	61.8929024092812	0.0729500216621599	0.00666668	0.0940379	0.216678	0.36861825	0.492749	0.994409492914491	TRUE	NA	NA	NA	Selection-stage LD-panel denominator was not supplied; final-IV files alone cannot reconstruct missingness
Phenylalanine	Phenylalanine	null	53	30.0054708413333	60.0696555270157	0.0109376908099304	0.0107918	0.111423	0.223113	0.318213	0.494534	0.992094835795945	TRUE	NA	NA	NA	Selection-stage LD-panel denominator was not supplied; final-IV files alone cannot reconstruct missingness
Phosphatidylcholines	Phosphatidylcholines	null	287	29.7438605081458	58.0724296326664	0.0661149123224239	0.00904465	0.1102005	0.244917	0.389253	0.494971	0.994281676131002	TRUE	NA	NA	NA	Selection-stage LD-panel denominator was not supplied; final-IV files alone cannot reconstruct missingness
Phosphoglycerides	Phosphoglycerides	null	286	29.733034860493	58.1032455650517	0.0677071090056259	0.00927327	0.097358925	0.224015	0.37301975	0.497362	0.994333106056725	TRUE	NA	NA	NA	Selection-stage LD-panel denominator was not supplied; final-IV files alone cannot reconstruct missingness
Phospholipids_in_IDL	Phospholipids in intermediate-density lipoprotein	null	296	29.7187365017121	56.5326889338688	0.0744516598278258	0.00394911	0.0928066	0.2200505	0.362039	0.494279	0.994675996052631	TRUE	NA	NA	NA	Selection-stage LD-panel denominator was not supplied; final-IV files alone cannot reconstruct missingness
Phospholipids_in_LDL	Phospholipids in low-density lipoprotein	null	267	29.818383510001	56.3091154787122	0.0706185494659027	0.00197497	0.08211275	0.225162	0.356485	0.498534	0.99461134652755	TRUE	NA	NA	NA	Selection-stage LD-panel denominator was not supplied; final-IV files alone cannot reconstruct missingness
Phospholipids_in_VLDL	Phospholipids in very-low-density lipoprotein	null	354	29.8179898234423	60.6864700256268	0.0792422950440949	0.00547602	0.112169	0.257278	0.38964175	0.499321	0.993742651429773	TRUE	NA	NA	NA	Selection-stage LD-panel denominator was not supplied; final-IV files alone cannot reconstruct missingness
Phospholipids_in_chylomicrons_and_extremely_large_VLDL	Phospholipids in chylomicrons and extremely large very-low-density lipoprotein	fdr_only	342	29.8161312780306	54.1374162282407	0.076130529679503	0.00547602	0.1111615	0.264191	0.385868	0.499321	0.993750814478708	TRUE	NA	NA	NA	Selection-stage LD-panel denominator was not supplied; final-IV files alone cannot reconstruct missingness
Phospholipids_in_large_HDL	Phospholipids in large high-density lipoprotein	nominal	452	29.7650021043572	55.5832060998609	0.077964908051894	0.00789572	0.134871	0.2724645	0.38745925	0.499035	0.993682091092493	TRUE	NA	NA	NA	Selection-stage LD-panel denominator was not supplied; final-IV files alone cannot reconstruct missingness
Phospholipids_in_large_LDL	Phospholipids in large low-density lipoprotein	null	252	29.7304509810449	60.3715831079497	0.0686293839972248	0.00870423	0.082280875	0.207912	0.3540505	0.495947	0.994751446440902	TRUE	NA	NA	NA	Selection-stage LD-panel denominator was not supplied; final-IV files alone cannot reconstruct missingness
Phospholipids_in_large_VLDL	Phospholipids in large very-low-density lipoprotein	nominal	394	29.7497171045658	54.1269720555294	0.0830426837797859	0.00547602	0.1330545	0.271003	0.398974	0.499321	0.99357926274844	TRUE	NA	NA	NA	Selection-stage LD-panel denominator was not supplied; final-IV files alone cannot reconstruct missingness
Phospholipids_in_medium_HDL	Phospholipids in medium high-density lipoprotein	null	315	29.7650995244362	57.2631125967914	0.0680721953181253	0.00394911	0.1239035	0.261389	0.3894655	0.497892	0.993899697281121	TRUE	NA	NA	NA	Selection-stage LD-panel denominator was not supplied; final-IV files alone cannot reconstruct missingness
Phospholipids_in_medium_LDL	Phospholipids in medium low-density lipoprotein	null	298	29.7283077924975	53.3101835104662	0.0745133970491357	0.00197497	0.10976675	0.234832	0.38656125	0.49897	0.994295481813859	TRUE	NA	NA	NA	Selection-stage LD-panel denominator was not supplied; final-IV files alone cannot reconstruct missingness
Phospholipids_in_medium_VLDL	Phospholipids in medium very-low-density lipoprotein	null	320	29.9363169883491	59.1701112757992	0.0766008368085211	0.00272925	0.08729055	0.2178205	0.3798715	0.498506	0.99401889100886	TRUE	NA	NA	NA	Selection-stage LD-panel denominator was not supplied; final-IV files alone cannot reconstruct missingness
Phospholipids_in_small_HDL	Phospholipids in small high-density lipoprotein	nominal	271	29.8343752364894	53.6078777289259	0.0616289959425721	0.0122161	0.12595	0.246977	0.3930445	0.497179	0.993312796872473	TRUE	NA	NA	NA	Selection-stage LD-panel denominator was not supplied; final-IV files alone cannot reconstruct missingness
Phospholipids_in_small_LDL	Phospholipids in small low-density lipoprotein	null	286	29.7525007379524	55.6182119108226	0.0722819878954539	0.00796414	0.11648875	0.238955	0.37839775	0.498506	0.994418401839298	TRUE	NA	NA	NA	Selection-stage LD-panel denominator was not supplied; final-IV files alone cannot reconstruct missingness
Phospholipids_in_small_VLDL	Phospholipids in small very-low-density lipoprotein	null	340	29.8412304258901	58.1317765985083	0.0816715302590736	0.00547602	0.1051165	0.2382715	0.380746	0.499463	0.994135443854748	TRUE	NA	NA	NA	Selection-stage LD-panel denominator was not supplied; final-IV files alone cannot reconstruct missingness
Phospholipids_in_very_large_HDL	Phospholipids in very large high-density lipoprotein	fdr_only	414	29.7299766107763	54.2875799170032	0.0741111425068531	0.00789572	0.12442575	0.271856	0.3928255	0.499831	0.993533979572667	TRUE	NA	NA	NA	Selection-stage LD-panel denominator was not supplied; final-IV files alone cannot reconstruct missingness
Phospholipids_in_very_large_VLDL	Phospholipids in very large very-low-density lipoprotein	null	379	30.0976379843188	52.6550257792212	0.0795353526715631	0.00547602	0.125196	0.270701	0.3915895	0.499321	0.993517923190822	TRUE	NA	NA	NA	Selection-stage LD-panel denominator was not supplied; final-IV files alone cannot reconstruct missingness
Phospholipids_in_very_small_VLDL	Phospholipids in very small very-low-density lipoprotein	null	304	29.739721728234	63.6823895132209	0.0820335178977296	0.00464248	0.1151735	0.2442235	0.384557	0.497421	0.994927883544799	TRUE	NA	NA	NA	Selection-stage LD-panel denominator was not supplied; final-IV files alone cannot reconstruct missingness
Phospholipids_to_total_lipids_ratio_in_IDL	Phospholipids/total lipids ratio in intermediate-density lipoprotein	null	150	29.9301968026507	54.4437110920277	0.0443992281011563	0.00792158	0.090945025	0.206927	0.3494615	0.493166	0.994523761850996	TRUE	NA	NA	NA	Selection-stage LD-panel denominator was not supplied; final-IV files alone cannot reconstruct missingness
Phospholipids_to_total_lipids_ratio_in_chylomicrons_and_extremely_large_VLDL	Phospholipids/total lipids ratio in chylomicrons and extremely large very-low-density lipoprotein	null	126	30.268034471992	57.576527698304	0.0432968745977634	0.00837381	0.12537525	0.22226	0.36547975	0.497432	0.995395585157849	TRUE	NA	NA	NA	Selection-stage LD-panel denominator was not supplied; final-IV files alone cannot reconstruct missingness
Phospholipids_to_total_lipids_ratio_in_large_HDL	Phospholipids/total lipids ratio in large high-density lipoprotein	fdr_only	395	29.7622272225751	52.0624275239961	0.072907364253797	0.00904465	0.1417075	0.268785	0.388838	0.499831	0.992349992654279	TRUE	NA	NA	NA	Selection-stage LD-panel denominator was not supplied; final-IV files alone cannot reconstruct missingness
Phospholipids_to_total_lipids_ratio_in_large_LDL	Phospholipids/total lipids ratio in large low-density lipoprotein	null	203	29.9227246637465	54.1419709811666	0.0509014352878079	0.00725825	0.09369935	0.233728	0.3664875	0.493463	0.993926825838724	TRUE	NA	NA	NA	Selection-stage LD-panel denominator was not supplied; final-IV files alone cannot reconstruct missingness
Phospholipids_to_total_lipids_ratio_in_large_VLDL	Phospholipids/total lipids ratio in large very-low-density lipoprotein	fdr_only	346	29.757194369718	56.9053306889679	0.0808235894177928	0.00394911	0.122773	0.2377755	0.379973	0.499321	0.994002175047272	TRUE	NA	NA	NA	Selection-stage LD-panel denominator was not supplied; final-IV files alone cannot reconstruct missingness
Phospholipids_to_total_lipids_ratio_in_medium_HDL	Phospholipids/total lipids ratio in medium high-density lipoprotein	fdr_only	421	29.7325738166336	54.1551253684519	0.0779046099531254	0.0079341	0.148241	0.279889	0.390523	0.499831	0.992710195674169	TRUE	NA	NA	NA	Selection-stage LD-panel denominator was not supplied; final-IV files alone cannot reconstruct missingness
Phospholipids_to_total_lipids_ratio_in_medium_LDL	Phospholipids/total lipids ratio in medium low-density lipoprotein	null	154	30.1749239208907	59.2959509105315	0.0474412120071312	0.0062812	0.07820415	0.2314245	0.3560425	0.493495	0.994786403040392	TRUE	NA	NA	NA	Selection-stage LD-panel denominator was not supplied; final-IV files alone cannot reconstruct missingness
Phospholipids_to_total_lipids_ratio_in_medium_VLDL	Phospholipids/total lipids ratio in medium very-low-density lipoprotein	fdr_only	308	29.8277672413167	54.7764313358008	0.0759899520975483	0.00999835	0.107491	0.262269	0.37720675	0.499575	0.994304371958585	TRUE	NA	NA	NA	Selection-stage LD-panel denominator was not supplied; final-IV files alone cannot reconstruct missingness
Phospholipids_to_total_lipids_ratio_in_small_HDL	Phospholipids/total lipids ratio in small high-density lipoprotein	null	248	29.7401978063695	60.1836880072223	0.0648176079660316	0.00272925	0.06408855	0.2227955	0.3562735	0.4987	0.994553448255045	TRUE	NA	NA	NA	Selection-stage LD-panel denominator was not supplied; final-IV files alone cannot reconstruct missingness
Phospholipids_to_total_lipids_ratio_in_small_LDL	Phospholipids/total lipids ratio in small low-density lipoprotein	nominal	273	29.7239161250036	50.7073459819616	0.072386708347247	0.00547602	0.112761	0.240303	0.384322	0.499992	0.99434009675091	TRUE	NA	NA	NA	Selection-stage LD-panel denominator was not supplied; final-IV files alone cannot reconstruct missingness
Phospholipids_to_total_lipids_ratio_in_small_VLDL	Phospholipids/total lipids ratio in small very-low-density lipoprotein	fdr_only	342	29.7838587077341	56.2352674945044	0.0854786338842147	0.00479934	0.113477	0.2677785	0.381334	0.495418	0.994395100195636	TRUE	NA	NA	NA	Selection-stage LD-panel denominator was not supplied; final-IV files alone cannot reconstruct missingness
Phospholipids_to_total_lipids_ratio_in_very_large_HDL	Phospholipids/total lipids ratio in very large high-density lipoprotein	nominal	329	29.8130114833053	53.6328123478811	0.0602077607603756	0.00789572	0.116201	0.251149	0.372016	0.497529	0.993333989132282	TRUE	NA	NA	NA	Selection-stage LD-panel denominator was not supplied; final-IV files alone cannot reconstruct missingness
Phospholipids_to_total_lipids_ratio_in_very_large_VLDL	Phospholipids/total lipids ratio in very large very-low-density lipoprotein	null	213	29.8308797623286	55.425296144713	0.0528804110429187	0.00999584	0.115057	0.224826	0.356405	0.498405	0.993763558378609	TRUE	NA	NA	NA	Selection-stage LD-panel denominator was not supplied; final-IV files alone cannot reconstruct missingness
Phospholipids_to_total_lipids_ratio_in_very_small_VLDL	Phospholipids/total lipids ratio in very small very-low-density lipoprotein	nominal	294	29.7426401045188	54.5799525154694	0.067350306725095	0.00790656	0.11355825	0.229969	0.38026875	0.499401	0.993487215187911	TRUE	NA	NA	NA	Selection-stage LD-panel denominator was not supplied; final-IV files alone cannot reconstruct missingness
Polyunsaturated_fatty_acids	Polyunsaturated fatty acids	null	308	29.7962893127257	58.1898501420967	0.0767199101715089	0.00394911	0.10570125	0.2280645	0.3894475	0.498544	0.994489035164884	TRUE	NA	NA	NA	Selection-stage LD-panel denominator was not supplied; final-IV files alone cannot reconstruct missingness
Pyruvate	Pyruvate	null	102	30.3361257068306	57.0242516411391	0.0237247520132311	0.00681353	0.089550525	0.2304355	0.3809165	0.499463	0.992997205857263	TRUE	NA	NA	NA	Selection-stage LD-panel denominator was not supplied; final-IV files alone cannot reconstruct missingness
Ratio_of_linoleic_acid_to_total_fatty_acids	Linoleic acid/total fatty acids ratio	null	265	29.839254358611	48.0749717443511	0.0463664743241442	0.00999835	0.159002	0.263887	0.37862	0.498967	0.991440969200396	TRUE	NA	NA	NA	Selection-stage LD-panel denominator was not supplied; final-IV files alone cannot reconstruct missingness
Ratio_of_monounsaturated_fatty_acids_to_total_fatty_acids	Monounsaturated fatty acids/total fatty acids ratio	bonferroni_hit	387	29.7200769334343	49.9764790388208	0.0791342141702192	0.00547602	0.131547	0.272114	0.386902	0.499321	0.993222298871461	TRUE	NA	NA	NA	Selection-stage LD-panel denominator was not supplied; final-IV files alone cannot reconstruct missingness
Ratio_of_omega3_fatty_acids_to_total_fatty_acids	Omega-3 fatty acids/total fatty acids ratio	fdr_only	203	29.7514790496722	44.9168480090489	0.0476002429811124	0.0103738	0.155219	0.260954	0.3806005	0.496582	0.993917221601773	TRUE	NA	NA	NA	Selection-stage LD-panel denominator was not supplied; final-IV files alone cannot reconstruct missingness
Ratio_of_omega6_fatty_acids_to_omega3_fatty_acids	Omega-6 fatty acids/omega-3 fatty acids ratio	null	211	29.7912459650342	49.5151865003896	0.0529140052025048	0.00756199999999996	0.1275105	0.262722	0.374799	0.498384	0.994467518888427	TRUE	NA	NA	NA	Selection-stage LD-panel denominator was not supplied; final-IV files alone cannot reconstruct missingness
Ratio_of_omega6_fatty_acids_to_total_fatty_acids	Omega-6 fatty acids/total fatty acids ratio	fdr_only	292	29.7706544610247	52.5918775292859	0.0599681415463867	0.00792158	0.1268525	0.28973	0.3937465	0.499321	0.992888961157804	TRUE	NA	NA	NA	Selection-stage LD-panel denominator was not supplied; final-IV files alone cannot reconstruct missingness
Ratio_of_polyunsaturated_fatty_acids_to_monounsaturated_fatty_acids	Polyunsaturated fatty acids/monounsaturated fatty acids ratio	bonferroni_hit	361	29.803468639656	49.1121762403044	0.0745351112593895	0.00547602	0.146755	0.284161	0.390883	0.499321	0.993142461165906	TRUE	NA	NA	NA	Selection-stage LD-panel denominator was not supplied; final-IV files alone cannot reconstruct missingness
Ratio_of_polyunsaturated_fatty_acids_to_total_fatty_acids	Polyunsaturated fatty acids/total fatty acids ratio	bonferroni_hit	304	29.7583847471569	45.9626080614028	0.0576426052179507	0.00792158	0.14662125	0.275995	0.39297475	0.499321	0.992100958895172	TRUE	NA	NA	NA	Selection-stage LD-panel denominator was not supplied; final-IV files alone cannot reconstruct missingness
Ratio_of_saturated_fatty_acids_to_total_fatty_acids	Saturated fatty acids/total fatty acids ratio	null	122	29.8314274558391	44.4876017354404	0.0205770636914926	0.0173551	0.145874	0.273702	0.3717005	0.495403	0.989887812256972	TRUE	NA	NA	NA	Selection-stage LD-panel denominator was not supplied; final-IV files alone cannot reconstruct missingness
Ratio_of_triglycerides_to_phosphoglycerides	Triglycerides/phosphoglycerides ratio	fdr_only	415	29.7479603720514	57.9443703295514	0.0827499520348976	0.00547602	0.1259065	0.27769	0.392299	0.499321	0.993602670511473	TRUE	NA	NA	NA	Selection-stage LD-panel denominator was not supplied; final-IV files alone cannot reconstruct missingness
Remnant_cholesterol_nonHDL_nonLDL_cholesterol	Remnant cholesterol (non-high-density lipoprotein, non-low-density lipoprotein cholesterol)	null	269	29.8517025031905	60.8309451623007	0.0749274709165493	0.00666668	0.0817765	0.216534	0.368525	0.496837	0.994892536880749	TRUE	NA	NA	NA	Selection-stage LD-panel denominator was not supplied; final-IV files alone cannot reconstruct missingness
Saturated_fatty_acids	Saturated fatty acids	null	283	29.7381474790301	54.9170068403208	0.0663125666153768	0.00547602	0.103586	0.251701	0.3969005	0.494841	0.993748608062994	TRUE	NA	NA	NA	Selection-stage LD-panel denominator was not supplied; final-IV files alone cannot reconstruct missingness
Sphingomyelins	Sphingomyelins	null	306	29.7196256512254	56.63573830297	0.0744966181913735	0.00394911	0.094319725	0.2163155	0.37368675	0.49618	0.994689100592426	TRUE	NA	NA	NA	Selection-stage LD-panel denominator was not supplied; final-IV files alone cannot reconstruct missingness
Total_cholesterol	Total cholesterol	nominal	286	29.7278990345584	59.3893464897568	0.0723394547923354	0.00666668	0.0984138	0.2263105	0.36880475	0.498534	0.99454530089702	TRUE	NA	NA	NA	Selection-stage LD-panel denominator was not supplied; final-IV files alone cannot reconstruct missingness
Total_cholesterol_minus_HDLC	Total cholesterol minus high-density lipoprotein cholesterol	null	276	29.8427794357903	56.8990409980013	0.0707338923097263	0.00498781	0.0814555	0.2108165	0.36122375	0.498534	0.994450557958252	TRUE	NA	NA	NA	Selection-stage LD-panel denominator was not supplied; final-IV files alone cannot reconstruct missingness
Total_concentration_of_branchedchain_amino_acids_leucine_isoleucine_valine	Total branched-chain amino acids (leucine, isoleucine, and valine)	null	176	29.7337261013056	44.3401768748974	0.0226976218826563	0.0110296	0.140803	0.273707	0.406084	0.496837	0.988292947298396	TRUE	NA	NA	NA	Selection-stage LD-panel denominator was not supplied; final-IV files alone cannot reconstruct missingness
Total_concentration_of_lipoprotein_particles	Total concentration of lipoprotein particles	null	319	29.8196174357395	56.0888604820652	0.0644173185804824	0.00904465	0.1581265	0.259008	0.3848775	0.494165	0.993330489269719	TRUE	NA	NA	NA	Selection-stage LD-panel denominator was not supplied; final-IV files alone cannot reconstruct missingness
Total_esterified_cholesterol	Total esterified cholesterol	null	299	29.7376991183274	58.1661454668492	0.0721977148650062	0.00666668	0.09787585	0.222529	0.3687115	0.498534	0.99430721763845	TRUE	NA	NA	NA	Selection-stage LD-panel denominator was not supplied; final-IV files alone cannot reconstruct missingness
Total_fatty_acids	Total fatty acids	null	310	29.7934729894617	56.8200073489707	0.0758309240806672	0.00547602	0.095868525	0.2379875	0.38951025	0.497941	0.994137112454077	TRUE	NA	NA	NA	Selection-stage LD-panel denominator was not supplied; final-IV files alone cannot reconstruct missingness
Total_free_cholesterol	Total free cholesterol	nominal	274	29.7505595017965	60.8589835178285	0.0705088898260086	0.00666668	0.094798025	0.219076	0.3730885	0.498534	0.994612771238943	TRUE	NA	NA	NA	Selection-stage LD-panel denominator was not supplied; final-IV files alone cannot reconstruct missingness
Total_lipids_in_IDL	Total lipids in intermediate-density lipoprotein	null	276	29.8911746955716	59.749374782001	0.0729124519519323	0.00394911	0.096474475	0.2192205	0.35820275	0.494547	0.994886393799339	TRUE	NA	NA	NA	Selection-stage LD-panel denominator was not supplied; final-IV files alone cannot reconstruct missingness
Total_lipids_in_LDL	Total lipids in low-density lipoprotein	null	283	29.7276614885648	55.1051836563919	0.0706395311380662	0.00498781	0.0953389	0.229397	0.3688095	0.498506	0.994272764992506	TRUE	NA	NA	NA	Selection-stage LD-panel denominator was not supplied; final-IV files alone cannot reconstruct missingness
Total_lipids_in_VLDL	Total lipids in very-low-density lipoprotein	null	367	29.7793619825754	55.1444208785124	0.0789535296028909	0.00547602	0.09512325	0.264705	0.398079	0.499321	0.993519509590288	TRUE	NA	NA	NA	Selection-stage LD-panel denominator was not supplied; final-IV files alone cannot reconstruct missingness
Total_lipids_in_chylomicrons_and_extremely_large_VLDL	Total lipids in chylomicrons and extremely large very-low-density lipoprotein	fdr_only	319	29.7310952582634	55.4041231529071	0.0736192181212536	0.00547602	0.1055125	0.264152	0.385627	0.499321	0.993858426319149	TRUE	NA	NA	NA	Selection-stage LD-panel denominator was not supplied; final-IV files alone cannot reconstruct missingness
Total_lipids_in_large_HDL	Total lipids in large high-density lipoprotein	fdr_only	466	29.7704246076503	56.6470302135015	0.0802806138305263	0.0079341	0.12810775	0.2727915	0.385252	0.499035	0.993735305367411	TRUE	NA	NA	NA	Selection-stage LD-panel denominator was not supplied; final-IV files alone cannot reconstruct missingness
Total_lipids_in_large_LDL	Total lipids in large low-density lipoprotein	null	267	29.8836164622588	60.4280949517067	0.0704463036925419	0.00498781	0.08211275	0.216534	0.355383	0.498534	0.994617790986964	TRUE	NA	NA	NA	Selection-stage LD-panel denominator was not supplied; final-IV files alone cannot reconstruct missingness
Total_lipids_in_large_VLDL	Total lipids in large very-low-density lipoprotein	null	366	29.7253436075529	54.2936802003114	0.0780111515539336	0.00547602	0.12531725	0.2698105	0.39945525	0.499321	0.993556932595425	TRUE	NA	NA	NA	Selection-stage LD-panel denominator was not supplied; final-IV files alone cannot reconstruct missingness
Total_lipids_in_lipoprotein_particles	Total lipids in lipoprotein particles	null	279	29.8920612785797	60.3364921050097	0.0714246806605357	0.00272925	0.0921407	0.233812	0.387953	0.498506	0.994481430674085	TRUE	NA	NA	NA	Selection-stage LD-panel denominator was not supplied; final-IV files alone cannot reconstruct missingness
Total_lipids_in_medium_HDL	Total lipids in medium high-density lipoprotein	null	334	29.777094564889	56.6353140360311	0.0691630014476247	0.00394911	0.12946825	0.2691885	0.387194	0.494743	0.993784187191013	TRUE	NA	NA	NA	Selection-stage LD-panel denominator was not supplied; final-IV files alone cannot reconstruct missingness
Total_lipids_in_medium_LDL	Total lipids in medium low-density lipoprotein	null	301	29.7624939773132	55.3117601959243	0.0734715033798246	0.00498241	0.103495	0.230896	0.37986	0.49897	0.994127717975625	TRUE	NA	NA	NA	Selection-stage LD-panel denominator was not supplied; final-IV files alone cannot reconstruct missingness
Total_lipids_in_medium_VLDL	Total lipids in medium very-low-density lipoprotein	null	331	30.070494967224	59.7405933895048	0.0743882431772058	0.00547602	0.1086805	0.247958	0.396617	0.499321	0.993684816000102	TRUE	NA	NA	NA	Selection-stage LD-panel denominator was not supplied; final-IV files alone cannot reconstruct missingness
Total_lipids_in_small_HDL	Total lipids in small high-density lipoprotein	nominal	281	29.9504810130193	52.9447078259063	0.0590717535094428	0.011154	0.129269	0.248237	0.394172	0.49772	0.992707072330157	TRUE	NA	NA	NA	Selection-stage LD-panel denominator was not supplied; final-IV files alone cannot reconstruct missingness
Total_lipids_in_small_LDL	Total lipids in small low-density lipoprotein	null	300	29.7840310598671	56.5507872349807	0.0744181227609501	0.00498781	0.096465125	0.2302205	0.37533925	0.498506	0.994293455490174	TRUE	NA	NA	NA	Selection-stage LD-panel denominator was not supplied; final-IV files alone cannot reconstruct missingness
Total_lipids_in_small_VLDL	Total lipids in small very-low-density lipoprotein	null	361	29.7478188543067	60.1648040384084	0.084184423505	0.00547602	0.109642	0.246579	0.385055	0.499321	0.99407333418987	TRUE	NA	NA	NA	Selection-stage LD-panel denominator was not supplied; final-IV files alone cannot reconstruct missingness
Total_lipids_in_very_large_HDL	Total lipids in very large high-density lipoprotein	fdr_only	415	29.7585560572749	55.440877565904	0.0809919632732646	0.00397831	0.1212225	0.265134	0.392827	0.499831	0.994071835176394	TRUE	NA	NA	NA	Selection-stage LD-panel denominator was not supplied; final-IV files alone cannot reconstruct missingness
Total_lipids_in_very_large_VLDL	Total lipids in very large very-low-density lipoprotein	nominal	378	29.842074640297	54.962104953528	0.082261532602314	0.00547602	0.113954	0.2627335	0.3913535	0.499321	0.993747600595186	TRUE	NA	NA	NA	Selection-stage LD-panel denominator was not supplied; final-IV files alone cannot reconstruct missingness
Total_lipids_in_very_small_VLDL	Total lipids in very small very-low-density lipoprotein	null	293	29.7743120864411	62.8825994797977	0.0803279598613874	0.00464248	0.0946084	0.223862	0.371594	0.49737	0.995002321565974	TRUE	NA	NA	NA	Selection-stage LD-panel denominator was not supplied; final-IV files alone cannot reconstruct missingness
Total_phospholipids_in_lipoprotein_particles	Total phospholipids in lipoprotein particles	null	294	29.8745905870693	56.9415248471282	0.0681899621824037	0.00394911	0.10038725	0.2231955	0.387642	0.498544	0.99416068921832	TRUE	NA	NA	NA	Selection-stage LD-panel denominator was not supplied; final-IV files alone cannot reconstruct missingness
Total_triglycerides	Total triglycerides	fdr_only	368	29.7537890534612	55.538795350044	0.0824018800637026	0.00547602	0.1032045	0.257109	0.38660775	0.499321	0.993788773021168	TRUE	NA	NA	NA	Selection-stage LD-panel denominator was not supplied; final-IV files alone cannot reconstruct missingness
Triglycerides_in_IDL	Triglycerides in intermediate-density lipoprotein	null	329	29.7643532655431	59.9741895166617	0.082946879664616	0.00394911	0.110209	0.238916	0.377085	0.499321	0.994630052731343	TRUE	NA	NA	NA	Selection-stage LD-panel denominator was not supplied; final-IV files alone cannot reconstruct missingness
Triglycerides_in_LDL	Triglycerides in low-density lipoprotein	nominal	343	29.8322010985173	57.4716352610778	0.0816708120243291	0.00394911	0.124168	0.258557	0.3921125	0.499321	0.994231382342819	TRUE	NA	NA	NA	Selection-stage LD-panel denominator was not supplied; final-IV files alone cannot reconstruct missingness
Triglycerides_in_VLDL	Triglycerides in very-low-density lipoprotein	fdr_only	372	29.7879164867396	56.103201976493	0.0826478244406204	0.00547602	0.10702125	0.2550025	0.39115725	0.499321	0.99378497572331	TRUE	NA	NA	NA	Selection-stage LD-panel denominator was not supplied; final-IV files alone cannot reconstruct missingness
Triglycerides_in_chylomicrons_and_extremely_large_VLDL	Triglycerides in chylomicrons and extremely large very-low-density lipoprotein	nominal	290	29.7181614045845	53.584876242551	0.0680764921239235	0.00547602	0.09523855	0.26451	0.39131775	0.499321	0.993861307190123	TRUE	NA	NA	NA	Selection-stage LD-panel denominator was not supplied; final-IV files alone cannot reconstruct missingness
Triglycerides_in_large_HDL	Triglycerides in large high-density lipoprotein	null	218	29.7465559126166	60.4504381940729	0.0680694250980677	0.00743597	0.08822385	0.224773	0.371627	0.495282	0.995670841691839	TRUE	NA	NA	NA	Selection-stage LD-panel denominator was not supplied; final-IV files alone cannot reconstruct missingness
Triglycerides_in_large_LDL	Triglycerides in large low-density lipoprotein	null	328	29.8051373019317	57.2443558611597	0.0759673417830087	0.00464248	0.123208	0.2497265	0.38496575	0.498967	0.994108070545939	TRUE	NA	NA	NA	Selection-stage LD-panel denominator was not supplied; final-IV files alone cannot reconstruct missingness
Triglycerides_in_large_VLDL	Triglycerides in large very-low-density lipoprotein	nominal	356	29.8989614011415	55.1898071602939	0.0778174941676868	0.00547602	0.1084685	0.25903	0.392013	0.499321	0.993659509409316	TRUE	NA	NA	NA	Selection-stage LD-panel denominator was not supplied; final-IV files alone cannot reconstruct missingness
Triglycerides_in_medium_HDL	Triglycerides in medium high-density lipoprotein	nominal	297	29.7207319953708	55.9269125858775	0.0849570773032891	0.00547602	0.0848687	0.228292	0.383706	0.496837	0.994905389641782	TRUE	NA	NA	NA	Selection-stage LD-panel denominator was not supplied; final-IV files alone cannot reconstruct missingness
Triglycerides_in_medium_LDL	Triglycerides in medium low-density lipoprotein	nominal	366	29.8953379992904	57.0273158101035	0.0828769287237474	0.00547602	0.123168	0.271298	0.39315625	0.499321	0.993950435956751	TRUE	NA	NA	NA	Selection-stage LD-panel denominator was not supplied; final-IV files alone cannot reconstruct missingness
Triglycerides_in_medium_VLDL	Triglycerides in medium very-low-density lipoprotein	nominal	362	29.8246906345234	56.1966706926608	0.0794909274080962	0.00547602	0.120084	0.269381	0.39782225	0.499388	0.993623756117485	TRUE	NA	NA	NA	Selection-stage LD-panel denominator was not supplied; final-IV files alone cannot reconstruct missingness
Triglycerides_in_small_HDL	Triglycerides in small high-density lipoprotein	fdr_only	407	29.7667153093444	54.2573558945521	0.0955072635278273	0.00547602	0.112967	0.252904	0.3815965	0.499388	0.994174177949426	TRUE	NA	NA	NA	Selection-stage LD-panel denominator was not supplied; final-IV files alone cannot reconstruct missingness
Triglycerides_in_small_LDL	Triglycerides in small low-density lipoprotein	fdr_only	358	29.771914096894	55.2536592035983	0.0857004735069604	0.00547602	0.102378	0.268235	0.3966215	0.499321	0.994195392731316	TRUE	NA	NA	NA	Selection-stage LD-panel denominator was not supplied; final-IV files alone cannot reconstruct missingness
Triglycerides_in_small_VLDL	Triglycerides in small very-low-density lipoprotein	fdr_only	377	29.7935835043672	54.8080825761259	0.0893674846631026	0.00547602	0.11123	0.267496	0.395498	0.499463	0.994193588472877	TRUE	NA	NA	NA	Selection-stage LD-panel denominator was not supplied; final-IV files alone cannot reconstruct missingness
Triglycerides_in_very_large_HDL	Triglycerides in very large high-density lipoprotein	null	274	29.9867264305903	59.8549232327088	0.0769912922023436	0.00394911	0.097937175	0.2321815	0.384906	0.496726	0.994982734044324	TRUE	NA	NA	NA	Selection-stage LD-panel denominator was not supplied; final-IV files alone cannot reconstruct missingness
Triglycerides_in_very_large_VLDL	Triglycerides in very large very-low-density lipoprotein	fdr_only	379	29.7715529852008	55.1432955088158	0.0817042552752438	0.00547602	0.11923	0.28134	0.396217	0.499321	0.99368223185777	TRUE	NA	NA	NA	Selection-stage LD-panel denominator was not supplied; final-IV files alone cannot reconstruct missingness
Triglycerides_in_very_small_VLDL	Triglycerides in very small very-low-density lipoprotein	nominal	365	29.8501934810674	61.8337926766597	0.088662177517323	0.00464248	0.10515	0.249604	0.391058	0.499321	0.994372404006907	TRUE	NA	NA	NA	Selection-stage LD-panel denominator was not supplied; final-IV files alone cannot reconstruct missingness
Triglycerides_to_total_lipids_ratio_in_IDL	Triglycerides/total lipids ratio in intermediate-density lipoprotein	fdr_only	376	29.9677721116286	56.552409557297	0.0930921791012876	0.00479934	0.107482	0.231418	0.366693	0.497907	0.994434791182658	TRUE	NA	NA	NA	Selection-stage LD-panel denominator was not supplied; final-IV files alone cannot reconstruct missingness
Triglycerides_to_total_lipids_ratio_in_chylomicrons_and_extremely_large_VLDL	Triglycerides/total lipids ratio in chylomicrons and extremely large very-low-density lipoprotein	null	120	29.8441507608386	48.7915121207245	0.0296365478507229	0.0170956	0.108066	0.259316	0.3881	0.493678	0.993494715878447	TRUE	NA	NA	NA	Selection-stage LD-panel denominator was not supplied; final-IV files alone cannot reconstruct missingness
Triglycerides_to_total_lipids_ratio_in_large_HDL	Triglycerides/total lipids ratio in large high-density lipoprotein	fdr_only	399	29.9157012262595	54.0641023326408	0.0916795531142645	0.00553192	0.118434	0.239765	0.3850315	0.499321	0.994339388961847	TRUE	NA	NA	NA	Selection-stage LD-panel denominator was not supplied; final-IV files alone cannot reconstruct missingness
Triglycerides_to_total_lipids_ratio_in_large_LDL	Triglycerides/total lipids ratio in large low-density lipoprotein	fdr_only	320	29.7626454416067	57.4218039677239	0.0769316624214422	0.00276596	0.10913725	0.2487175	0.360413	0.495111	0.994033417130092	TRUE	NA	NA	NA	Selection-stage LD-panel denominator was not supplied; final-IV files alone cannot reconstruct missingness
Triglycerides_to_total_lipids_ratio_in_large_VLDL	Triglycerides/total lipids ratio in large very-low-density lipoprotein	null	235	29.722154663603	51.5971203604106	0.0579371849954179	0.00397831	0.118935	0.225012	0.3597665	0.493923	0.993773395577427	TRUE	NA	NA	NA	Selection-stage LD-panel denominator was not supplied; final-IV files alone cannot reconstruct missingness
Triglycerides_to_total_lipids_ratio_in_medium_HDL	Triglycerides/total lipids ratio in medium high-density lipoprotein	null	393	29.7624610753116	57.9023745292178	0.093029650198718	0.00553192	0.101793	0.252159	0.382273	0.499321	0.994306526831785	TRUE	NA	NA	NA	Selection-stage LD-panel denominator was not supplied; final-IV files alone cannot reconstruct missingness
Triglycerides_to_total_lipids_ratio_in_medium_LDL	Triglycerides/total lipids ratio in medium low-density lipoprotein	nominal	273	29.7797025020389	56.6053351337945	0.0749477762852332	0.00464248	0.0862938	0.233147	0.35796	0.497907	0.994713770679227	TRUE	NA	NA	NA	Selection-stage LD-panel denominator was not supplied; final-IV files alone cannot reconstruct missingness
Triglycerides_to_total_lipids_ratio_in_medium_VLDL	Triglycerides/total lipids ratio in medium very-low-density lipoprotein	fdr_only	358	29.7383195265442	57.1362643352642	0.0801334402398607	0.00910306	0.131796	0.2719705	0.38184675	0.499831	0.99387615568994	TRUE	NA	NA	NA	Selection-stage LD-panel denominator was not supplied; final-IV files alone cannot reconstruct missingness
Triglycerides_to_total_lipids_ratio_in_small_HDL	Triglycerides/total lipids ratio in small high-density lipoprotein	nominal	412	29.8149773829886	59.657940412091	0.0947290716079517	0.00547602	0.1084685	0.2535295	0.38656425	0.499321	0.994285062131882	TRUE	NA	NA	NA	Selection-stage LD-panel denominator was not supplied; final-IV files alone cannot reconstruct missingness
Triglycerides_to_total_lipids_ratio_in_small_LDL	Triglycerides/total lipids ratio in small low-density lipoprotein	fdr_only	323	29.7458173887985	55.7518256696939	0.0857578899055438	0.00276596	0.0855638	0.23734	0.3740915	0.497907	0.994665633906677	TRUE	NA	NA	NA	Selection-stage LD-panel denominator was not supplied; final-IV files alone cannot reconstruct missingness
Triglycerides_to_total_lipids_ratio_in_small_VLDL	Triglycerides/total lipids ratio in small very-low-density lipoprotein	nominal	307	29.7257078770315	59.7248662490636	0.080561687011413	0.00276596	0.106013	0.262982	0.376479	0.495418	0.994501354830476	TRUE	NA	NA	NA	Selection-stage LD-panel denominator was not supplied; final-IV files alone cannot reconstruct missingness
Triglycerides_to_total_lipids_ratio_in_very_large_HDL	Triglycerides/total lipids ratio in very large high-density lipoprotein	bonferroni_hit	416	29.729739518904	54.4496265928186	0.0863715277540804	0.00547602	0.1308515	0.272153	0.39415075	0.499831	0.993761319915755	TRUE	NA	NA	NA	Selection-stage LD-panel denominator was not supplied; final-IV files alone cannot reconstruct missingness
Triglycerides_to_total_lipids_ratio_in_very_large_VLDL	Triglycerides/total lipids ratio in very large very-low-density lipoprotein	fdr_only	267	29.7613629099949	54.318563868614	0.0657969815792449	0.00742012	0.106554	0.23815	0.3671865	0.498595	0.994002752891618	TRUE	NA	NA	NA	Selection-stage LD-panel denominator was not supplied; final-IV files alone cannot reconstruct missingness
Triglycerides_to_total_lipids_ratio_in_very_small_VLDL	Triglycerides/total lipids ratio in very small very-low-density lipoprotein	bonferroni_hit	384	29.7472877573412	57.3269109893039	0.0924250947325779	0.00479934	0.110602	0.2605415	0.374982	0.499388	0.994341942314069	TRUE	NA	NA	NA	Selection-stage LD-panel denominator was not supplied; final-IV files alone cannot reconstruct missingness
Tyrosine	Tyrosine	null	186	29.7990312356154	50.4118201128345	0.033381096696764	0.00861328	0.12941	0.25169	0.36947475	0.499785	0.991190095323079	TRUE	NA	NA	NA	Selection-stage LD-panel denominator was not supplied; final-IV files alone cannot reconstruct missingness
VLDL_cholesterol	Very-low-density lipoprotein cholesterol	null	317	29.739238466052	60.9697241670773	0.0795469986582682	0.00547602	0.102333	0.226738	0.382384	0.499321	0.994302041279903	TRUE	NA	NA	NA	Selection-stage LD-panel denominator was not supplied; final-IV files alone cannot reconstruct missingness
Valine	Valine	null	214	29.8053617396262	45.7016228112518	0.0288235557301582	0.0110296	0.1366615	0.2755535	0.394033	0.498208	0.988754557371647	TRUE	NA	NA	NA	Selection-stage LD-panel denominator was not supplied; final-IV files alone cannot reconstruct missingness
bOHbutyrate	3-Hydroxybutyrate	nominal	85	29.7524071117804	43.2665075132512	0.0125308575608229	0.0122161	0.133737	0.23406	0.347774	0.483974	0.988642900399472	TRUE	NA	NA	NA	Selection-stage LD-panel denominator was not supplied; final-IV files alone cannot reconstruct missingness
