locus_key	trait	trait_ov_n_iv	trait_ov_ivw_b	official_forward_ivw_b	official_reverse_main_ivw_b	official_reverse_noukbb_ivw_b	hotspot_gene	n_region_iv	region_ivw_b	region_ivw_se	region_ivw_ci_lo	region_ivw_ci_hi	region_ivw_p	region_weight_share	loo_n_iv	loo_ivw_b	loo_ivw_se	loo_ivw_ci_lo	loo_ivw_ci_hi	loo_ivw_p	n_hotspot_iv_trait	n_iv_after_hotspot_removal	hotspot_removed_ivw_b	hotspot_removed_ivw_se	hotspot_removed_ivw_ci_lo	hotspot_removed_ivw_ci_hi	hotspot_removed_ivw_p	n_reverse_shared_iv	reverse_main_loo_n_iv	reverse_main_loo_b	reverse_main_loo_se	reverse_main_loo_ci_lo	reverse_main_loo_ci_hi	reverse_main_loo_p	reverse_noukbb_loo_n_iv	reverse_noukbb_loo_b	reverse_noukbb_loo_se	reverse_noukbb_loo_ci_lo	reverse_noukbb_loo_ci_hi	reverse_noukbb_loo_p	region_dir	loo_dir_consistent	hotspot_removed_dir_consistent	reverse_main_loo_dir_consistent	reverse_noukbb_loo_dir_consistent	locus	abf_class	failure_reason	is_mhc	qc_exp_lead_present	qc_mdd_lead_present_main	qc_mdd_lead_present_noukbb	complex_disposition	complex_locus	evidence_tier	mechanism_eligible	downgrade_reason	allowed_statement
Cholesterol_in_very_large_HDL__locus009	Cholesterol_in_very_large_HDL	396	-0.0477931140657634	-0.0477931140657634	-0.103410410979481	-0.104725876463912	""	0							396	-0.0477931140657634	0.00713783332341641	-0.0617830103073094	-0.0338032178242174	2.14575146165175e-11	6	390	-0.0439648676130357	0.00766629245831352	-0.0589905247262812	-0.0289392104997902	9.76114296286628e-09	1	198	-0.101552909420205	0.005698134982137	-0.112721048764242	-0.090384770076169	4.7588427102574e-71	146	-0.100941017043621	0.0061143941725563	-0.112925009409113	-0.0889570246781288	3.17378908462855e-61	unassessable	TRUE	TRUE	TRUE	TRUE	locus009	prior_sensitive_coloc	none	FALSE	TRUE	TRUE	TRUE	not_complex	FALSE	abf_label_only_forward_unassessable	FALSE	no forward metabolite IV inside region -> region MR direction unassessable	ABF label only; no forward causal-mechanism claim
Cholesterol_in_very_large_HDL__locus031	Cholesterol_in_very_large_HDL	396	-0.0477931140657634	-0.0477931140657634	-0.103410410979481	-0.104725876463912	""	0							396	-0.0477931140657634	0.00713783332341641	-0.0617830103073094	-0.0338032178242174	2.14575146165175e-11	6	390	-0.0439648676130357	0.00766629245831352	-0.0589905247262812	-0.0289392104997902	9.76114296286628e-09	1	197	-0.0995298368572801	0.00571144739823786	-0.110724068057421	-0.0883356056571389	5.20402375609226e-68	147	-0.102772813926788	0.00609852549927225	-0.114725704264161	-0.0908199235894156	1.01295893285782e-63	unassessable	TRUE	TRUE	TRUE	TRUE	locus031	robust_coloc	none	FALSE	TRUE	TRUE	TRUE	not_complex	FALSE	abf_label_only_forward_unassessable	FALSE	no forward metabolite IV inside region -> region MR direction unassessable	ABF label only; no forward causal-mechanism claim
Cholesterol_in_very_large_HDL__locus066	Cholesterol_in_very_large_HDL	396	-0.0477931140657634	-0.0477931140657634	-0.103410410979481	-0.104725876463912	""	0							396	-0.0477931140657634	0.00713783332341641	-0.0617830103073094	-0.0338032178242174	2.14575146165175e-11	6	390	-0.0439648676130357	0.00766629245831352	-0.0589905247262812	-0.0289392104997902	9.76114296286628e-09	1	197	-0.100210094049926	0.00571163450492726	-0.111404691972439	-0.0890154961274118	6.5059656078713e-69	146	-0.101229259150851	0.00611545658204999	-0.113215333800687	-0.0892431845010144	1.52275572233636e-61	unassessable	TRUE	TRUE	TRUE	TRUE	locus066	prior_sensitive_coloc	none	FALSE	TRUE	TRUE	TRUE	not_complex	FALSE	abf_label_only_forward_unassessable	FALSE	no forward metabolite IV inside region -> region MR direction unassessable	ABF label only; no forward causal-mechanism claim
Cholesterol_in_very_large_HDL__locus170	Cholesterol_in_very_large_HDL	396	-0.0477931140657634	-0.0477931140657634	-0.103410410979481	-0.104725876463912	""	0							396	-0.0477931140657634	0.00713783332341641	-0.0617830103073094	-0.0338032178242174	2.14575146165175e-11	6	390	-0.0439648676130357	0.00766629245831352	-0.0589905247262812	-0.0289392104997902	9.76114296286628e-09	1	198	-0.101552909420205	0.005698134982137	-0.112721048764242	-0.090384770076169	4.7588427102574e-71	146	-0.101500146120441	0.00613688151026192	-0.113528212857944	-0.0894720793829378	1.9101353012946e-61	unassessable	TRUE	TRUE	TRUE	TRUE	locus170	prior_sensitive_coloc	none	FALSE	TRUE	TRUE	TRUE	explicitly_downgraded	TRUE	abf_label_only_complex_downgraded	FALSE	complex_locus: multi-signal review not completed (503-sample 1KG EUR SuSiE unstable); ABF single-causal label only	ABF label only; no multi-signal/mechanism claim until complex re-review
Cholesterol_in_very_large_HDL__locus282	Cholesterol_in_very_large_HDL	396	-0.0477931140657634	-0.0477931140657634	-0.103410410979481	-0.104725876463912	""	0							396	-0.0477931140657634	0.00713783332341641	-0.0617830103073094	-0.0338032178242174	2.14575146165175e-11	6	390	-0.0439648676130357	0.00766629245831352	-0.0589905247262812	-0.0289392104997902	9.76114296286628e-09	1	197	-0.0994136050504308	0.00572130575117724	-0.11062715826728	-0.0882000518335815	1.25326061943031e-67	146	-0.100381976815205	0.00612510671083648	-0.112386965369909	-0.0883769882605012	2.30663983454855e-60	unassessable	TRUE	TRUE	TRUE	TRUE	locus282	robust_coloc	none	FALSE	TRUE	TRUE	TRUE	not_complex	FALSE	abf_label_only_forward_unassessable	FALSE	no forward metabolite IV inside region -> region MR direction unassessable	ABF label only; no forward causal-mechanism claim
Cholesterol_in_very_large_HDL__locus333	Cholesterol_in_very_large_HDL	396	-0.0477931140657634	-0.0477931140657634	-0.103410410979481	-0.104725876463912	FADS	2	-0.188710579691057	0.0318627920182942	-0.251160504493804	-0.12626065488831	3.16890520833037e-09	0.0501839853138044	394	-0.0403476720895775	0.00732397171718744	-0.0547023928790548	-0.0259929513001001	3.60902565143252e-08	6	390	-0.0439648676130357	0.00766629245831352	-0.0589905247262812	-0.0289392104997902	9.76114296286628e-09	1	197	-0.0784219994281094	0.00571167159687519	-0.0896166700495051	-0.0672273288067136	6.70122149573881e-43	147	-0.102772813926788	0.00609852549927225	-0.114725704264161	-0.0908199235894156	1.01295893285782e-63	consistent	TRUE	TRUE	TRUE	TRUE	locus333	prior_sensitive_coloc	none	FALSE	TRUE	TRUE	TRUE	explicitly_downgraded	TRUE	abf_label_only_complex_downgraded	FALSE	complex_locus: multi-signal review not completed (503-sample 1KG EUR SuSiE unstable); ABF single-causal label only; also overlaps predefined hotspot(s): FADS	ABF label only; no multi-signal/mechanism claim until complex re-review
Cholesterol_to_total_lipids_ratio_in_large_HDL__locus028	Cholesterol_to_total_lipids_ratio_in_large_HDL	387	-0.0491492334227874	-0.0491492334227874	-0.121499307108538	-0.116772214792982	""	0							387	-0.0491492334227874	0.00719967850268231	-0.063260343988312	-0.0350381228572629	8.69584211738132e-12	5	382	-0.0476307916992823	0.00767830696283214	-0.0626799968086765	-0.0325815865898882	5.5293578117791e-10	1	197	-0.116550168275137	0.00605571104689074	-0.128419143827825	-0.10468119272245	1.51545866128629e-82	147	-0.111632103418954	0.00646569068170266	-0.124304624290267	-0.0989595825476405	8.58532512994281e-67	unassessable	TRUE	TRUE	TRUE	TRUE	locus028	robust_coloc	none	FALSE	TRUE	TRUE	TRUE	not_complex	FALSE	abf_label_only_forward_unassessable	FALSE	no forward metabolite IV inside region -> region MR direction unassessable	ABF label only; no forward causal-mechanism claim
Cholesterol_to_total_lipids_ratio_in_large_HDL__locus060	Cholesterol_to_total_lipids_ratio_in_large_HDL	387	-0.0491492334227874	-0.0491492334227874	-0.121499307108538	-0.116772214792982	""	0							387	-0.0491492334227874	0.00719967850268231	-0.063260343988312	-0.0350381228572629	8.69584211738132e-12	5	382	-0.0476307916992823	0.00767830696283214	-0.0626799968086765	-0.0325815865898882	5.5293578117791e-10	1	197	-0.117420541891991	0.00605590162387054	-0.129289890968694	-0.105551192815287	9.47627559564519e-84	146	-0.109914277422404	0.00648360533154281	-0.1226219103622	-0.0972066444826079	1.83978307226882e-64	unassessable	TRUE	TRUE	TRUE	TRUE	locus060	prior_sensitive_coloc	none	FALSE	TRUE	TRUE	TRUE	not_complex	FALSE	abf_label_only_forward_unassessable	FALSE	no forward metabolite IV inside region -> region MR direction unassessable	ABF label only; no forward causal-mechanism claim
Cholesterol_to_total_lipids_ratio_in_large_HDL__locus167	Cholesterol_to_total_lipids_ratio_in_large_HDL	387	-0.0491492334227874	-0.0491492334227874	-0.121499307108538	-0.116772214792982	""	0							387	-0.0491492334227874	0.00719967850268231	-0.063260343988312	-0.0350381228572629	8.69584211738132e-12	5	382	-0.0476307916992823	0.00767830696283214	-0.0626799968086765	-0.0325815865898882	5.5293578117791e-10	1	198	-0.118874285743155	0.00604161487461484	-0.130715633305861	-0.107032938180448	3.468763504686e-86	146	-0.110098261629645	0.00650627093708554	-0.122850318339992	-0.0973462049192974	3.1042363224946e-64	unassessable	TRUE	TRUE	TRUE	TRUE	locus167	prior_sensitive_coloc	none	FALSE	TRUE	TRUE	TRUE	explicitly_downgraded	TRUE	abf_label_only_complex_downgraded	FALSE	complex_locus: multi-signal review not completed (503-sample 1KG EUR SuSiE unstable); ABF single-causal label only	ABF label only; no multi-signal/mechanism claim until complex re-review
Cholesterol_to_total_lipids_ratio_in_large_HDL__locus217	Cholesterol_to_total_lipids_ratio_in_large_HDL	387	-0.0491492334227874	-0.0491492334227874	-0.121499307108538	-0.116772214792982	""	0							387	-0.0491492334227874	0.00719967850268231	-0.063260343988312	-0.0350381228572629	8.69584211738132e-12	5	382	-0.0476307916992823	0.00767830696283214	-0.0626799968086765	-0.0325815865898882	5.5293578117791e-10	1	198	-0.118874285743155	0.00604161487461484	-0.130715633305861	-0.107032938180448	3.468763504686e-86	146	-0.11049723206319	0.00648257632821248	-0.123202848193519	-0.0977916159328619	3.79021707294229e-65	unassessable	TRUE	TRUE	TRUE	TRUE	locus217	robust_coloc	none	FALSE	TRUE	TRUE	TRUE	explicitly_downgraded	TRUE	abf_label_only_complex_downgraded	FALSE	complex_locus: multi-signal review not completed (503-sample 1KG EUR SuSiE unstable); ABF single-causal label only	ABF label only; no multi-signal/mechanism claim until complex re-review
Cholesterol_to_total_lipids_ratio_in_large_HDL__locus224	Cholesterol_to_total_lipids_ratio_in_large_HDL	387	-0.0491492334227874	-0.0491492334227874	-0.121499307108538	-0.116772214792982	""	2	-0.971444651041805	0.210849287881699	-1.38470166145585	-0.558187640627758	4.07943092852929e-06	0.00116595537880129	385	-0.0480726228398707	0.00720387942854645	-0.0621919670687908	-0.0339532786109507	2.50357260273613e-11	5	382	-0.0476307916992823	0.00767830696283214	-0.0626799968086765	-0.0325815865898882	5.5293578117791e-10	0	198	-0.118874285743155	0.00604161487461484	-0.130715633305861	-0.107032938180448	3.468763504686e-86	147	-0.111632103418954	0.00646569068170266	-0.124304624290267	-0.0989595825476405	8.58532512994281e-67	consistent	TRUE	TRUE	TRUE	TRUE	locus224	prior_sensitive_coloc	none	FALSE	TRUE	TRUE	TRUE	explicitly_downgraded	TRUE	abf_label_only_complex_downgraded	FALSE	complex_locus: multi-signal review not completed (503-sample 1KG EUR SuSiE unstable); ABF single-causal label only	ABF label only; no multi-signal/mechanism claim until complex re-review
Cholesterol_to_total_lipids_ratio_in_large_HDL__locus272	Cholesterol_to_total_lipids_ratio_in_large_HDL	387	-0.0491492334227874	-0.0491492334227874	-0.121499307108538	-0.116772214792982	""	0							387	-0.0491492334227874	0.00719967850268231	-0.063260343988312	-0.0350381228572629	8.69584211738132e-12	5	382	-0.0476307916992823	0.00767830696283214	-0.0626799968086765	-0.0325815865898882	5.5293578117791e-10	1	197	-0.117140329206922	0.00606617376431902	-0.129029811308949	-0.105250847104895	4.39035758744372e-83	146	-0.109611827870462	0.00649385841610185	-0.122339556486723	-0.0968840992541996	6.38907346069595e-64	unassessable	TRUE	TRUE	TRUE	TRUE	locus272	prior_sensitive_coloc	none	FALSE	TRUE	TRUE	TRUE	not_complex	FALSE	abf_label_only_forward_unassessable	FALSE	no forward metabolite IV inside region -> region MR direction unassessable	ABF label only; no forward causal-mechanism claim
Cholesterol_to_total_lipids_ratio_in_large_HDL__locus323	Cholesterol_to_total_lipids_ratio_in_large_HDL	387	-0.0491492334227874	-0.0491492334227874	-0.121499307108538	-0.116772214792982	""	0							387	-0.0491492334227874	0.00719967850268231	-0.063260343988312	-0.0350381228572629	8.69584211738132e-12	5	382	-0.0476307916992823	0.00767830696283214	-0.0626799968086765	-0.0325815865898882	5.5293578117791e-10	1	197	-0.117465615183911	0.00606117874153889	-0.129345307221187	-0.105585923146635	1.13857462585253e-83	146	-0.110077643758503	0.00648428658210504	-0.122786611924866	-0.0973686755921411	1.23502179185978e-64	unassessable	TRUE	TRUE	TRUE	TRUE	locus323	prior_sensitive_coloc	none	FALSE	TRUE	TRUE	TRUE	not_complex	FALSE	abf_label_only_forward_unassessable	FALSE	no forward metabolite IV inside region -> region MR direction unassessable	ABF label only; no forward causal-mechanism claim
Cholesterol_to_total_lipids_ratio_in_large_HDL__locus328	Cholesterol_to_total_lipids_ratio_in_large_HDL	387	-0.0491492334227874	-0.0491492334227874	-0.121499307108538	-0.116772214792982	FADS	1	-0.266489393991475	0.0451616108243349	-0.355004524690986	-0.177974263291964	3.61754816040163e-09	0.0254148388055627	386	-0.0434815243638289	0.00729294950146727	-0.0577754427277741	-0.0291876059998837	2.48968568141778e-09	5	382	-0.0476307916992823	0.00767830696283214	-0.0626799968086765	-0.0325815865898882	5.5293578117791e-10	1	197	-0.102977770933752	0.00605591006580591	-0.114847136556346	-0.0911084053111592	7.6040934669779e-65	147	-0.111632103418954	0.00646569068170266	-0.124304624290267	-0.0989595825476405	8.58532512994281e-67	consistent	TRUE	TRUE	TRUE	TRUE	locus328	prior_sensitive_coloc	none	FALSE	TRUE	TRUE	TRUE	explicitly_downgraded	TRUE	abf_label_only_complex_downgraded	FALSE	complex_locus: multi-signal review not completed (503-sample 1KG EUR SuSiE unstable); ABF single-causal label only; also overlaps predefined hotspot(s): FADS	ABF label only; no multi-signal/mechanism claim until complex re-review
Cholesterol_to_total_lipids_ratio_in_large_HDL__locus359	Cholesterol_to_total_lipids_ratio_in_large_HDL	387	-0.0491492334227874	-0.0491492334227874	-0.121499307108538	-0.116772214792982	""	0							387	-0.0491492334227874	0.00719967850268231	-0.063260343988312	-0.0350381228572629	8.69584211738132e-12	5	382	-0.0476307916992823	0.00767830696283214	-0.0626799968086765	-0.0325815865898882	5.5293578117791e-10	1	197	-0.121624382176463	0.00605465540851614	-0.133491288715955	-0.10975747563697	9.44529715715504e-90	147	-0.111632103418954	0.00646569068170266	-0.124304624290267	-0.0989595825476405	8.58532512994281e-67	unassessable	TRUE	TRUE	TRUE	TRUE	locus359	prior_sensitive_coloc	none	FALSE	TRUE	TRUE	TRUE	not_complex	FALSE	abf_label_only_forward_unassessable	FALSE	no forward metabolite IV inside region -> region MR direction unassessable	ABF label only; no forward causal-mechanism claim
Cholesterol_to_total_lipids_ratio_in_large_HDL__locus412	Cholesterol_to_total_lipids_ratio_in_large_HDL	387	-0.0491492334227874	-0.0491492334227874	-0.121499307108538	-0.116772214792982	""	0							387	-0.0491492334227874	0.00719967850268231	-0.063260343988312	-0.0350381228572629	8.69584211738132e-12	5	382	-0.0476307916992823	0.00767830696283214	-0.0626799968086765	-0.0325815865898882	5.5293578117791e-10	1	197	-0.117543233537122	0.00605567532122148	-0.129412139068784	-0.10567432800546	6.30034226116608e-84	147	-0.111632103418954	0.00646569068170266	-0.124304624290267	-0.0989595825476405	8.58532512994281e-67	unassessable	TRUE	TRUE	TRUE	TRUE	locus412	prior_sensitive_coloc	none	FALSE	TRUE	TRUE	TRUE	not_complex	FALSE	abf_label_only_forward_unassessable	FALSE	no forward metabolite IV inside region -> region MR direction unassessable	ABF label only; no forward causal-mechanism claim
Cholesterol_to_total_lipids_ratio_in_medium_VLDL__locus009	Cholesterol_to_total_lipids_ratio_in_medium_VLDL	327	-0.0535602498953808	-0.0535602498953808	-0.111341231288048	-0.106979114638577	""	0							327	-0.0535602498953808	0.00746011144700956	-0.0681817996521745	-0.0389387001385871	6.99407783777154e-13	7	320	-0.0517030894028532	0.00782329418102248	-0.067036464238119	-0.0363697145675873	3.87279579504008e-11	1	198	-0.109763443450688	0.00618370680836025	-0.12188328608603	-0.0976436008153471	1.710450188673e-70	146	-0.100944443876463	0.00663542043582802	-0.113949628952967	-0.0879392587999586	2.90084078008029e-52	unassessable	TRUE	TRUE	TRUE	TRUE	locus009	prior_sensitive_coloc	none	FALSE	TRUE	TRUE	TRUE	not_complex	FALSE	abf_label_only_forward_unassessable	FALSE	no forward metabolite IV inside region -> region MR direction unassessable	ABF label only; no forward causal-mechanism claim
Cholesterol_to_total_lipids_ratio_in_medium_VLDL__locus024	Cholesterol_to_total_lipids_ratio_in_medium_VLDL	327	-0.0535602498953808	-0.0535602498953808	-0.111341231288048	-0.106979114638577	""	0							327	-0.0535602498953808	0.00746011144700956	-0.0681817996521745	-0.0389387001385871	6.99407783777154e-13	7	320	-0.0517030894028532	0.00782329418102248	-0.067036464238119	-0.0363697145675873	3.87279579504008e-11	1	197	-0.107926786609505	0.00619811452301744	-0.120074867846674	-0.0957787053723366	6.59287049522856e-68	147	-0.102799473367254	0.00661823809594365	-0.115770981676414	-0.089827965058093	2.08236680448476e-54	unassessable	TRUE	TRUE	TRUE	TRUE	locus024	prior_sensitive_coloc	none	FALSE	TRUE	TRUE	TRUE	explicitly_downgraded	TRUE	abf_label_only_complex_downgraded	FALSE	complex_locus: multi-signal review not completed (503-sample 1KG EUR SuSiE unstable); ABF single-causal label only	ABF label only; no multi-signal/mechanism claim until complex re-review
Cholesterol_to_total_lipids_ratio_in_medium_VLDL__locus143	Cholesterol_to_total_lipids_ratio_in_medium_VLDL	327	-0.0535602498953808	-0.0535602498953808	-0.111341231288048	-0.106979114638577	""	0							327	-0.0535602498953808	0.00746011144700956	-0.0681817996521745	-0.0389387001385871	6.99407783777154e-13	7	320	-0.0517030894028532	0.00782329418102248	-0.067036464238119	-0.0363697145675873	3.87279579504008e-11	1	198	-0.109763443450688	0.00618370680836025	-0.12188328608603	-0.0976436008153471	1.710450188673e-70	146	-0.101924377038722	0.00665976175850373	-0.114977270231007	-0.0888714838464379	7.13394265212004e-53	unassessable	TRUE	TRUE	TRUE	TRUE	locus143	prior_sensitive_coloc	none	FALSE	TRUE	TRUE	TRUE	explicitly_downgraded	TRUE	abf_label_only_complex_downgraded	FALSE	complex_locus: multi-signal review not completed (503-sample 1KG EUR SuSiE unstable); ABF single-causal label only	ABF label only; no multi-signal/mechanism claim until complex re-review
Cholesterol_to_total_lipids_ratio_in_medium_VLDL__locus153	Cholesterol_to_total_lipids_ratio_in_medium_VLDL	327	-0.0535602498953808	-0.0535602498953808	-0.111341231288048	-0.106979114638577	""	0							327	-0.0535602498953808	0.00746011144700956	-0.0681817996521745	-0.0389387001385871	6.99407783777154e-13	7	320	-0.0517030894028532	0.00782329418102248	-0.067036464238119	-0.0363697145675873	3.87279579504008e-11	1	197	-0.108190966425475	0.006198818674778	-0.120340427774734	-0.0960415050762155	3.23876852107423e-68	147	-0.102799473367254	0.00661823809594365	-0.115770981676414	-0.089827965058093	2.08236680448476e-54	unassessable	TRUE	TRUE	TRUE	TRUE	locus153	prior_sensitive_coloc	none	FALSE	TRUE	TRUE	TRUE	explicitly_downgraded	TRUE	abf_label_only_complex_downgraded	FALSE	complex_locus: multi-signal review not completed (503-sample 1KG EUR SuSiE unstable); ABF single-causal label only	ABF label only; no multi-signal/mechanism claim until complex re-review
Cholesterol_to_total_lipids_ratio_in_medium_VLDL__locus189	Cholesterol_to_total_lipids_ratio_in_medium_VLDL	327	-0.0535602498953808	-0.0535602498953808	-0.111341231288048	-0.106979114638577	""	0							327	-0.0535602498953808	0.00746011144700956	-0.0681817996521745	-0.0389387001385871	6.99407783777154e-13	7	320	-0.0517030894028532	0.00782329418102248	-0.067036464238119	-0.0363697145675873	3.87279579504008e-11	1	198	-0.109763443450688	0.00618370680836025	-0.12188328608603	-0.0976436008153471	1.710450188673e-70	146	-0.101708559027961	0.00663547713843889	-0.11471385523954	-0.0887032628163816	4.9709630821563e-53	unassessable	TRUE	TRUE	TRUE	TRUE	locus189	prior_sensitive_coloc	none	FALSE	TRUE	TRUE	TRUE	explicitly_downgraded	TRUE	abf_label_only_complex_downgraded	FALSE	complex_locus: multi-signal review not completed (503-sample 1KG EUR SuSiE unstable); ABF single-causal label only	ABF label only; no multi-signal/mechanism claim until complex re-review
Cholesterol_to_total_lipids_ratio_in_medium_VLDL__locus289	Cholesterol_to_total_lipids_ratio_in_medium_VLDL	327	-0.0535602498953808	-0.0535602498953808	-0.111341231288048	-0.106979114638577	""	0							327	-0.0535602498953808	0.00746011144700956	-0.0681817996521745	-0.0389387001385871	6.99407783777154e-13	7	320	-0.0517030894028532	0.00782329418102248	-0.067036464238119	-0.0363697145675873	3.87279579504008e-11	1	197	-0.108274683023005	0.00620382677642808	-0.120433960071129	-0.0961154059748806	3.2726967016719e-68	146	-0.101172138213432	0.00663736672199791	-0.114181137940733	-0.0881631384861315	1.83784967206326e-52	unassessable	TRUE	TRUE	TRUE	TRUE	locus289	prior_sensitive_coloc	none	FALSE	TRUE	TRUE	TRUE	not_complex	FALSE	abf_label_only_forward_unassessable	FALSE	no forward metabolite IV inside region -> region MR direction unassessable	ABF label only; no forward causal-mechanism claim
Cholesterol_to_total_lipids_ratio_in_medium_VLDL__locus293	Cholesterol_to_total_lipids_ratio_in_medium_VLDL	327	-0.0535602498953808	-0.0535602498953808	-0.111341231288048	-0.106979114638577	FADS	1	-0.221008283628481	0.0372604091449892	-0.294037343601887	-0.147979223655075	3.0026954307814e-09	0.0400862464385409	326	-0.0465675767297239	0.00761428640385941	-0.0614913038492614	-0.0316438496101865	9.60639502083849e-10	7	320	-0.0517030894028532	0.00782329418102248	-0.067036464238119	-0.0363697145675873	3.87279579504008e-11	1	197	-0.0902318921852631	0.00619834324110776	-0.102380421701652	-0.0780833626688746	5.23975351589693e-48	147	-0.102799473367254	0.00661823809594365	-0.115770981676414	-0.089827965058093	2.08236680448476e-54	consistent	TRUE	TRUE	TRUE	TRUE	locus293	prior_sensitive_coloc	none	FALSE	TRUE	TRUE	TRUE	explicitly_downgraded	TRUE	abf_label_only_complex_downgraded	FALSE	complex_locus: multi-signal review not completed (503-sample 1KG EUR SuSiE unstable); ABF single-causal label only; also overlaps predefined hotspot(s): FADS	ABF label only; no multi-signal/mechanism claim until complex re-review
Cholesterol_to_total_lipids_ratio_in_medium_VLDL__locus338	Cholesterol_to_total_lipids_ratio_in_medium_VLDL	327	-0.0535602498953808	-0.0535602498953808	-0.111341231288048	-0.106979114638577	""	1	-0.859762359753693	0.277750400946143	-1.40414314229969	-0.315381577207692	0.00196514785806774	0.000721408478028825	326	-0.0529782289835041	0.00746280379763305	-0.0676050556505536	-0.0383514023164546	1.25689026096454e-12	7	320	-0.0517030894028532	0.00782329418102248	-0.067036464238119	-0.0363697145675873	3.87279579504008e-11	0	198	-0.109763443450688	0.00618370680836025	-0.12188328608603	-0.0976436008153471	1.710450188673e-70	147	-0.102799473367254	0.00661823809594365	-0.115770981676414	-0.089827965058093	2.08236680448476e-54	consistent	TRUE	TRUE	TRUE	TRUE	locus338	prior_sensitive_coloc	none	FALSE	TRUE	TRUE	TRUE	not_complex	FALSE	abf_prior_sensitive_forward_consistent	FALSE	ABF evidence prior-sensitive; forward direction consistent but not mechanism-grade	ABF label with consistent assessable forward direction; still not mechanism-grade
Cholesterol_to_total_lipids_ratio_in_medium_VLDL__locus353	Cholesterol_to_total_lipids_ratio_in_medium_VLDL	327	-0.0535602498953808	-0.0535602498953808	-0.111341231288048	-0.106979114638577	""	2	-1.05306848400347	0.203052301365918	-1.45104368165864	-0.655093286348297	2.1463603802064e-07	0.00134981670564556	325	-0.0522092734129264	0.00746515144141394	-0.066840701377235	-0.0375778454486179	2.67667398942297e-12	7	320	-0.0517030894028532	0.00782329418102248	-0.067036464238119	-0.0363697145675873	3.87279579504008e-11	1	198	-0.109763443450688	0.00618370680836025	-0.12188328608603	-0.0976436008153471	1.710450188673e-70	146	-0.100363594467638	0.00663694158190689	-0.113371760935672	-0.0873554279996045	1.16028990698048e-51	consistent	TRUE	TRUE	TRUE	TRUE	locus353	prior_sensitive_coloc	none	FALSE	TRUE	TRUE	TRUE	explicitly_downgraded	TRUE	abf_label_only_complex_downgraded	FALSE	complex_locus: multi-signal review not completed (503-sample 1KG EUR SuSiE unstable); ABF single-causal label only	ABF label only; no multi-signal/mechanism claim until complex re-review
Cholesterol_to_total_lipids_ratio_in_very_large_VLDL__locus023	Cholesterol_to_total_lipids_ratio_in_very_large_VLDL	283	-0.0589455503259917	-0.0589455503259917	-0.102602796347054	-0.0977827921196435	""	0							283	-0.0589455503259917	0.00811505844047438	-0.0748507726017592	-0.0430403280502241	3.76574091329676e-13	5	278	-0.0633765375146643	0.00830056187608236	-0.0796453398432319	-0.0471077351860966	2.25451694649844e-14	1	197	-0.100858956294015	0.0063621191287715	-0.11332848065176	-0.0883894319362694	1.33932475766714e-56	147	-0.0940068681122595	0.00679323377911796	-0.107321361657892	-0.0806923745666274	1.49686583048196e-43	unassessable	TRUE	TRUE	TRUE	TRUE	locus023	prior_sensitive_coloc	none	FALSE	TRUE	TRUE	TRUE	not_complex	FALSE	abf_label_only_forward_unassessable	FALSE	no forward metabolite IV inside region -> region MR direction unassessable	ABF label only; no forward causal-mechanism claim
Cholesterol_to_total_lipids_ratio_in_very_large_VLDL__locus136	Cholesterol_to_total_lipids_ratio_in_very_large_VLDL	283	-0.0589455503259917	-0.0589455503259917	-0.102602796347054	-0.0977827921196435	""	0							283	-0.0589455503259917	0.00811505844047438	-0.0748507726017592	-0.0430403280502241	3.76574091329676e-13	5	278	-0.0633765375146643	0.00830056187608236	-0.0796453398432319	-0.0471077351860966	2.25451694649844e-14	1	197	-0.100685200326717	0.00636280639562683	-0.113156071702747	-0.0882143289506873	2.12468645584895e-56	147	-0.0940068681122595	0.00679323377911796	-0.107321361657892	-0.0806923745666274	1.49686583048196e-43	unassessable	TRUE	TRUE	TRUE	TRUE	locus136	prior_sensitive_coloc	none	FALSE	TRUE	TRUE	TRUE	explicitly_downgraded	TRUE	abf_label_only_complex_downgraded	FALSE	complex_locus: multi-signal review not completed (503-sample 1KG EUR SuSiE unstable); ABF single-causal label only	ABF label only; no multi-signal/mechanism claim until complex re-review
Cholesterol_to_total_lipids_ratio_in_very_large_VLDL__locus263	Cholesterol_to_total_lipids_ratio_in_very_large_VLDL	283	-0.0589455503259917	-0.0589455503259917	-0.102602796347054	-0.0977827921196435	""	0							283	-0.0589455503259917	0.00811505844047438	-0.0748507726017592	-0.0430403280502241	3.76574091329676e-13	5	278	-0.0633765375146643	0.00830056187608236	-0.0796453398432319	-0.0471077351860966	2.25451694649844e-14	1	197	-0.100435899301912	0.00636804679174	-0.112917041665589	-0.0879547569382361	4.86024808317197e-56	146	-0.0919319555295971	0.00681295783939262	-0.105285107522996	-0.0785788035361978	1.70351357116526e-41	unassessable	TRUE	TRUE	TRUE	TRUE	locus263	robust_coloc	none	FALSE	TRUE	TRUE	TRUE	not_complex	FALSE	abf_label_only_forward_unassessable	FALSE	no forward metabolite IV inside region -> region MR direction unassessable	ABF label only; no forward causal-mechanism claim
Cholesterol_to_total_lipids_ratio_in_very_large_VLDL__locus266	Cholesterol_to_total_lipids_ratio_in_very_large_VLDL	283	-0.0589455503259917	-0.0589455503259917	-0.102602796347054	-0.0977827921196435	""	2	-1.03120851291084	0.174114524299112	-1.37246670972243	-0.689950316099261	3.16914996433702e-09	0.0021722674878466	281	-0.0568289372529683	0.00812388686516195	-0.0727514629231637	-0.0409064115827729	2.64712502317824e-12	5	278	-0.0633765375146643	0.00830056187608236	-0.0796453398432319	-0.0471077351860966	2.25451694649844e-14	0	198	-0.102365777040169	0.0063472996259536	-0.114806255706123	-0.0899252983742157	1.63630525267136e-58	147	-0.0940068681122595	0.00679323377911796	-0.107321361657892	-0.0806923745666274	1.49686583048196e-43	consistent	TRUE	TRUE	TRUE	TRUE	locus266	prior_sensitive_coloc	none	FALSE	TRUE	TRUE	TRUE	explicitly_downgraded	TRUE	abf_label_only_complex_downgraded	FALSE	complex_locus: multi-signal review not completed (503-sample 1KG EUR SuSiE unstable); ABF single-causal label only	ABF label only; no multi-signal/mechanism claim until complex re-review
Cholesterol_to_total_lipids_ratio_in_very_large_VLDL__locus268	Cholesterol_to_total_lipids_ratio_in_very_large_VLDL	283	-0.0589455503259917	-0.0589455503259917	-0.102602796347054	-0.0977827921196435	FADS	2	-0.282245860668736	0.0453344445258483	-0.371099739198528	-0.193391982138944	4.78924563021365e-10	0.0320425230892467	281	-0.0515535878476099	0.00824828222255327	-0.0677199239381363	-0.0353872517570835	4.09871951543062e-10	5	278	-0.0633765375146643	0.00830056187608236	-0.0796453398432319	-0.0471077351860966	2.25451694649844e-14	1	197	-0.087344050301768	0.00636239660323553	-0.0998141184994696	-0.0748739821040664	6.88524159875594e-43	147	-0.0940068681122595	0.00679323377911796	-0.107321361657892	-0.0806923745666274	1.49686583048196e-43	consistent	TRUE	TRUE	TRUE	TRUE	locus268	prior_sensitive_coloc	none	FALSE	TRUE	TRUE	TRUE	explicitly_downgraded	TRUE	abf_label_only_complex_downgraded	FALSE	complex_locus: multi-signal review not completed (503-sample 1KG EUR SuSiE unstable); ABF single-causal label only; also overlaps predefined hotspot(s): FADS	ABF label only; no multi-signal/mechanism claim until complex re-review
Cholesteryl_esters_to_total_lipids_ratio_in_medium_VLDL__locus008	Cholesteryl_esters_to_total_lipids_ratio_in_medium_VLDL	341	-0.05260775071286	-0.05260775071286	-0.114551120713923	-0.109458823143107	""	0							341	-0.05260775071286	0.0074419565981548	-0.0671937176197536	-0.0380217838059664	1.5596963231851e-12	6	335	-0.0508690956274537	0.00776899284045413	-0.0660960417908933	-0.035642149464014	5.84268622742723e-11	1	198	-0.113067353238804	0.00616532516867286	-0.125151168522381	-0.100983537955226	4.02412667254097e-75	146	-0.103553672285977	0.00661575878441989	-0.116520321233844	-0.0905870233381094	3.19035642204829e-55	unassessable	TRUE	TRUE	TRUE	TRUE	locus008	prior_sensitive_coloc	none	FALSE	TRUE	TRUE	TRUE	not_complex	FALSE	abf_label_only_forward_unassessable	FALSE	no forward metabolite IV inside region -> region MR direction unassessable	ABF label only; no forward causal-mechanism claim
Cholesteryl_esters_to_total_lipids_ratio_in_medium_VLDL__locus023	Cholesteryl_esters_to_total_lipids_ratio_in_medium_VLDL	341	-0.05260775071286	-0.05260775071286	-0.114551120713923	-0.109458823143107	""	0							341	-0.05260775071286	0.0074419565981548	-0.0671937176197536	-0.0380217838059664	1.5596963231851e-12	6	335	-0.0508690956274537	0.00776899284045413	-0.0660960417908933	-0.035642149464014	5.84268622742723e-11	1	197	-0.111239798809214	0.00617969536151397	-0.12335177915321	-0.099127818465217	1.91835290899063e-72	147	-0.105371783160802	0.00659862004795553	-0.118304840802458	-0.0924387255191447	2.10936058611396e-57	unassessable	TRUE	TRUE	TRUE	TRUE	locus023	prior_sensitive_coloc	none	FALSE	TRUE	TRUE	TRUE	explicitly_downgraded	TRUE	abf_label_only_complex_downgraded	FALSE	complex_locus: multi-signal review not completed (503-sample 1KG EUR SuSiE unstable); ABF single-causal label only	ABF label only; no multi-signal/mechanism claim until complex re-review
Cholesteryl_esters_to_total_lipids_ratio_in_medium_VLDL__locus140	Cholesteryl_esters_to_total_lipids_ratio_in_medium_VLDL	341	-0.05260775071286	-0.05260775071286	-0.114551120713923	-0.109458823143107	""	0							341	-0.05260775071286	0.0074419565981548	-0.0671937176197536	-0.0380217838059664	1.5596963231851e-12	6	335	-0.0508690956274537	0.00776899284045413	-0.0660960417908933	-0.035642149464014	5.84268622742723e-11	1	198	-0.113067353238804	0.00616532516867286	-0.125151168522381	-0.100983537955226	4.02412667254097e-75	146	-0.104364563685598	0.00664002447311193	-0.117378772509362	-0.0913503548618339	1.14769200393415e-55	unassessable	TRUE	TRUE	TRUE	TRUE	locus140	prior_sensitive_coloc	none	FALSE	TRUE	TRUE	TRUE	explicitly_downgraded	TRUE	abf_label_only_complex_downgraded	FALSE	complex_locus: multi-signal review not completed (503-sample 1KG EUR SuSiE unstable); ABF single-causal label only	ABF label only; no multi-signal/mechanism claim until complex re-review
Cholesteryl_esters_to_total_lipids_ratio_in_medium_VLDL__locus151	Cholesteryl_esters_to_total_lipids_ratio_in_medium_VLDL	341	-0.05260775071286	-0.05260775071286	-0.114551120713923	-0.109458823143107	""	0							341	-0.05260775071286	0.0074419565981548	-0.0671937176197536	-0.0380217838059664	1.5596963231851e-12	6	335	-0.0508690956274537	0.00776899284045413	-0.0660960417908933	-0.035642149464014	5.84268622742723e-11	1	197	-0.111475552313082	0.00618039223204252	-0.123588898498216	-0.0993622061279476	9.98709848499081e-73	147	-0.105371783160802	0.00659862004795553	-0.118304840802458	-0.0924387255191447	2.10936058611396e-57	unassessable	TRUE	TRUE	TRUE	TRUE	locus151	prior_sensitive_coloc	none	FALSE	TRUE	TRUE	TRUE	explicitly_downgraded	TRUE	abf_label_only_complex_downgraded	FALSE	complex_locus: multi-signal review not completed (503-sample 1KG EUR SuSiE unstable); ABF single-causal label only	ABF label only; no multi-signal/mechanism claim until complex re-review
Cholesteryl_esters_to_total_lipids_ratio_in_medium_VLDL__locus187	Cholesteryl_esters_to_total_lipids_ratio_in_medium_VLDL	341	-0.05260775071286	-0.05260775071286	-0.114551120713923	-0.109458823143107	""	0							341	-0.05260775071286	0.0074419565981548	-0.0671937176197536	-0.0380217838059664	1.5596963231851e-12	6	335	-0.0508690956274537	0.00776899284045413	-0.0660960417908933	-0.035642149464014	5.84268622742723e-11	1	198	-0.113067353238804	0.00616532516867286	-0.125151168522381	-0.100983537955226	4.02412667254097e-75	146	-0.104206915336878	0.00661580557656982	-0.117173655995674	-0.0912401746780815	6.73840777095981e-56	unassessable	TRUE	TRUE	TRUE	TRUE	locus187	prior_sensitive_coloc	none	FALSE	TRUE	TRUE	TRUE	explicitly_downgraded	TRUE	abf_label_only_complex_downgraded	FALSE	complex_locus: multi-signal review not completed (503-sample 1KG EUR SuSiE unstable); ABF single-causal label only	ABF label only; no multi-signal/mechanism claim until complex re-review
Cholesteryl_esters_to_total_lipids_ratio_in_medium_VLDL__locus287	Cholesteryl_esters_to_total_lipids_ratio_in_medium_VLDL	341	-0.05260775071286	-0.05260775071286	-0.114551120713923	-0.109458823143107	""	0							341	-0.05260775071286	0.0074419565981548	-0.0671937176197536	-0.0380217838059664	1.5596963231851e-12	6	335	-0.0508690956274537	0.00776899284045413	-0.0660960417908933	-0.035642149464014	5.84268622742723e-11	1	197	-0.111585229966821	0.00618537711266574	-0.123708346338444	-0.0994621135951973	9.42603355884082e-73	146	-0.103744344640231	0.00661768448631568	-0.116714767894459	-0.0907739213860028	2.17843316647104e-55	unassessable	TRUE	TRUE	TRUE	TRUE	locus287	prior_sensitive_coloc	none	FALSE	TRUE	TRUE	TRUE	not_complex	FALSE	abf_label_only_forward_unassessable	FALSE	no forward metabolite IV inside region -> region MR direction unassessable	ABF label only; no forward causal-mechanism claim
Cholesteryl_esters_to_total_lipids_ratio_in_medium_VLDL__locus292	Cholesteryl_esters_to_total_lipids_ratio_in_medium_VLDL	341	-0.05260775071286	-0.05260775071286	-0.114551120713923	-0.109458823143107	FADS	1	-0.233884609430257	0.039431265186136	-0.311168469059931	-0.156600749800582	3.0026954307814e-09	0.0356199119608455	340	-0.04591218966993	0.0075781468269795	-0.0607650845203663	-0.0310592948194937	1.37398199639208e-09	6	335	-0.0508690956274537	0.00776899284045413	-0.0660960417908933	-0.035642149464014	5.84268622742723e-11	1	197	-0.0946846803816584	0.00617990475948478	-0.106797071138136	-0.0825722896251806	5.50349530945387e-53	147	-0.105371783160802	0.00659862004795553	-0.118304840802458	-0.0924387255191447	2.10936058611396e-57	consistent	TRUE	TRUE	TRUE	TRUE	locus292	prior_sensitive_coloc	none	FALSE	TRUE	TRUE	TRUE	explicitly_downgraded	TRUE	abf_label_only_complex_downgraded	FALSE	complex_locus: multi-signal review not completed (503-sample 1KG EUR SuSiE unstable); ABF single-causal label only; also overlaps predefined hotspot(s): FADS	ABF label only; no multi-signal/mechanism claim until complex re-review
Cholesteryl_esters_to_total_lipids_ratio_in_medium_VLDL__locus337	Cholesteryl_esters_to_total_lipids_ratio_in_medium_VLDL	341	-0.05260775071286	-0.05260775071286	-0.114551120713923	-0.109458823143107	""	1	-0.864191290757927	0.279181188591396	-1.41137636555815	-0.317006215957706	0.00196514785806774	0.000710561973357235	340	-0.052030660252565	0.00744460199370943	-0.0666218120394706	-0.0374395084656595	2.76763141860374e-12	6	335	-0.0508690956274537	0.00776899284045413	-0.0660960417908933	-0.035642149464014	5.84268622742723e-11	0	198	-0.113067353238804	0.00616532516867286	-0.125151168522381	-0.100983537955226	4.02412667254097e-75	147	-0.105371783160802	0.00659862004795553	-0.118304840802458	-0.0924387255191447	2.10936058611396e-57	consistent	TRUE	TRUE	TRUE	TRUE	locus337	prior_sensitive_coloc	none	FALSE	TRUE	TRUE	TRUE	not_complex	FALSE	abf_prior_sensitive_forward_consistent	FALSE	ABF evidence prior-sensitive; forward direction consistent but not mechanism-grade	ABF label with consistent assessable forward direction; still not mechanism-grade
Cholesteryl_esters_to_total_lipids_ratio_in_medium_VLDL__locus355	Cholesteryl_esters_to_total_lipids_ratio_in_medium_VLDL	341	-0.05260775071286	-0.05260775071286	-0.114551120713923	-0.109458823143107	""	2	-1.03488995288576	0.199289650933145	-1.42549049120629	-0.644289414565241	2.0705052629931e-07	0.00139445586352053	339	-0.0512360888144311	0.00744715077107734	-0.0658322361131824	-0.0366399415156798	5.98699674691222e-12	6	335	-0.0508690956274537	0.00776899284045413	-0.0660960417908933	-0.035642149464014	5.84268622742723e-11	1	198	-0.113067353238804	0.00616532516867286	-0.125151168522381	-0.100983537955226	4.02412667254097e-75	146	-0.102868951185273	0.00661728590127439	-0.115838593227176	-0.0898993091433707	1.70712189415117e-54	consistent	TRUE	TRUE	TRUE	TRUE	locus355	prior_sensitive_coloc	none	FALSE	TRUE	TRUE	TRUE	explicitly_downgraded	TRUE	abf_label_only_complex_downgraded	FALSE	complex_locus: multi-signal review not completed (503-sample 1KG EUR SuSiE unstable); ABF single-causal label only	ABF label only; no multi-signal/mechanism claim until complex re-review
Cholesteryl_esters_to_total_lipids_ratio_in_very_small_VLDL__locus026	Cholesteryl_esters_to_total_lipids_ratio_in_very_small_VLDL	353	-0.048637601572428	-0.048637601572428	-0.131462057447571	-0.128810200250625	""	0							353	-0.048637601572428	0.00702556398317502	-0.0624074539505328	-0.0348677491943232	4.42345757144796e-12	6	347	-0.0438386669929258	0.00723414656856219	-0.0580173337261917	-0.0296600002596599	1.36152109474156e-09	1	197	-0.12691292557678	0.00611665535175423	-0.138901349772063	-0.114924501381498	1.25831815372921e-95	147	-0.122271637714885	0.00653106167275274	-0.13507228337429	-0.10947099205548	3.30357514854984e-78	unassessable	TRUE	TRUE	TRUE	TRUE	locus026	robust_coloc	none	FALSE	TRUE	TRUE	TRUE	not_complex	FALSE	abf_label_only_forward_unassessable	FALSE	no forward metabolite IV inside region -> region MR direction unassessable	ABF label only; no forward causal-mechanism claim
Cholesteryl_esters_to_total_lipids_ratio_in_very_small_VLDL__locus044	Cholesteryl_esters_to_total_lipids_ratio_in_very_small_VLDL	353	-0.048637601572428	-0.048637601572428	-0.131462057447571	-0.128810200250625	""	0							353	-0.048637601572428	0.00702556398317502	-0.0624074539505328	-0.0348677491943232	4.42345757144796e-12	6	347	-0.0438386669929258	0.00723414656856219	-0.0580173337261917	-0.0296600002596599	1.36152109474156e-09	1	198	-0.128811571194374	0.00610242108161008	-0.140772096732828	-0.116851045655921	6.67679280679085e-99	146	-0.119724361741865	0.00656227729694679	-0.132586188900446	-0.106862534583285	2.29528019872229e-74	unassessable	TRUE	TRUE	TRUE	TRUE	locus044	prior_sensitive_coloc	none	FALSE	TRUE	TRUE	TRUE	explicitly_downgraded	TRUE	abf_label_only_complex_downgraded	FALSE	complex_locus: multi-signal review not completed (503-sample 1KG EUR SuSiE unstable); ABF single-causal label only	ABF label only; no multi-signal/mechanism claim until complex re-review
Cholesteryl_esters_to_total_lipids_ratio_in_very_small_VLDL__locus082	Cholesteryl_esters_to_total_lipids_ratio_in_very_small_VLDL	353	-0.048637601572428	-0.048637601572428	-0.131462057447571	-0.128810200250625	""	0							353	-0.048637601572428	0.00702556398317502	-0.0624074539505328	-0.0348677491943232	4.42345757144796e-12	6	347	-0.0438386669929258	0.00723414656856219	-0.0580173337261917	-0.0296600002596599	1.36152109474156e-09	1	197	-0.127420970385472	0.00611524363869873	-0.139406627674009	-0.115435313096935	2.0160437053449e-96	147	-0.122271637714885	0.00653106167275274	-0.13507228337429	-0.10947099205548	3.30357514854984e-78	unassessable	TRUE	TRUE	TRUE	TRUE	locus082	prior_sensitive_coloc	none	FALSE	TRUE	TRUE	TRUE	explicitly_downgraded	TRUE	abf_label_only_complex_downgraded	FALSE	complex_locus: multi-signal review not completed (503-sample 1KG EUR SuSiE unstable); ABF single-causal label only	ABF label only; no multi-signal/mechanism claim until complex re-review
Cholesteryl_esters_to_total_lipids_ratio_in_very_small_VLDL__locus193	Cholesteryl_esters_to_total_lipids_ratio_in_very_small_VLDL	353	-0.048637601572428	-0.048637601572428	-0.131462057447571	-0.128810200250625	""	0							353	-0.048637601572428	0.00702556398317502	-0.0624074539505328	-0.0348677491943232	4.42345757144796e-12	6	347	-0.0438386669929258	0.00723414656856219	-0.0580173337261917	-0.0296600002596599	1.36152109474156e-09	1	198	-0.128811571194374	0.00610242108161008	-0.140772096732828	-0.116851045655921	6.67679280679085e-99	146	-0.121301346474848	0.00654808776431019	-0.134135362660504	-0.108467330289193	1.3053418186726e-76	unassessable	TRUE	TRUE	TRUE	TRUE	locus193	robust_coloc	none	FALSE	TRUE	TRUE	TRUE	explicitly_downgraded	TRUE	abf_label_only_complex_downgraded	FALSE	complex_locus: multi-signal review not completed (503-sample 1KG EUR SuSiE unstable); ABF single-causal label only	ABF label only; no multi-signal/mechanism claim until complex re-review
Cholesteryl_esters_to_total_lipids_ratio_in_very_small_VLDL__locus289	Cholesteryl_esters_to_total_lipids_ratio_in_very_small_VLDL	353	-0.048637601572428	-0.048637601572428	-0.131462057447571	-0.128810200250625	FADS	3	-0.183531839861603	0.0323364476682057	-0.24691011267925	-0.120153567043955	1.38126058168976e-08	0.0472038878035049	350	-0.0419546056953119	0.00719749223728089	-0.056061431259389	-0.0278477801312347	5.57408511190729e-09	6	347	-0.0438386669929258	0.00723414656856219	-0.0580173337261917	-0.0296600002596599	1.36152109474156e-09	1	197	-0.106570040418265	0.00611681108690963	-0.118558769848844	-0.0945813109876873	5.57058201446101e-68	147	-0.122271637714885	0.00653106167275274	-0.13507228337429	-0.10947099205548	3.30357514854984e-78	consistent	TRUE	TRUE	TRUE	TRUE	locus289	prior_sensitive_coloc	none	FALSE	TRUE	TRUE	TRUE	explicitly_downgraded	TRUE	abf_label_only_complex_downgraded	FALSE	complex_locus: multi-signal review not completed (503-sample 1KG EUR SuSiE unstable); ABF single-causal label only; also overlaps predefined hotspot(s): FADS	ABF label only; no multi-signal/mechanism claim until complex re-review
Cholesteryl_esters_to_total_lipids_ratio_in_very_small_VLDL__locus299	Cholesteryl_esters_to_total_lipids_ratio_in_very_small_VLDL	353	-0.048637601572428	-0.048637601572428	-0.131462057447571	-0.128810200250625	""	0							353	-0.048637601572428	0.00702556398317502	-0.0624074539505328	-0.0348677491943232	4.42345757144796e-12	6	347	-0.0438386669929258	0.00723414656856219	-0.0580173337261917	-0.0296600002596599	1.36152109474156e-09	1	197	-0.128432750956372	0.00611370230778877	-0.140415387291838	-0.116450114620907	5.61709764560167e-98	146	-0.121817919675301	0.00654734359761694	-0.134650477321039	-0.108985362029563	2.8888631305168e-77	unassessable	TRUE	TRUE	TRUE	TRUE	locus299	prior_sensitive_coloc	none	FALSE	TRUE	TRUE	TRUE	explicitly_downgraded	TRUE	abf_label_only_complex_downgraded	FALSE	complex_locus: multi-signal review not completed (503-sample 1KG EUR SuSiE unstable); ABF single-causal label only	ABF label only; no multi-signal/mechanism claim until complex re-review
Cholesteryl_esters_to_total_lipids_ratio_in_very_small_VLDL__locus441	Cholesteryl_esters_to_total_lipids_ratio_in_very_small_VLDL	353	-0.048637601572428	-0.048637601572428	-0.131462057447571	-0.128810200250625	""	1	-1.16383706421636	0.267861266337228	-1.68883549909062	-0.638838629342105	1.39323370981233e-05	0.00068792731080451	352	-0.0478698972803316	0.00702798176936134	-0.0616444884322839	-0.0340953061283793	9.67010760850507e-12	6	347	-0.0438386669929258	0.00723414656856219	-0.0580173337261917	-0.0296600002596599	1.36152109474156e-09	1	197	-0.126904214463252	0.00611786059064625	-0.138895000883355	-0.114913428043148	1.41111623516148e-95	146	-0.120080329421861	0.00654920014493016	-0.132916525833468	-0.107244133010253	4.34107606710398e-75	consistent	TRUE	TRUE	TRUE	TRUE	locus441	prior_sensitive_coloc	none	FALSE	TRUE	TRUE	TRUE	explicitly_downgraded	TRUE	abf_label_only_complex_downgraded	FALSE	complex_locus: multi-signal review not completed (503-sample 1KG EUR SuSiE unstable); ABF single-causal label only	ABF label only; no multi-signal/mechanism claim until complex re-review
Free_cholesterol_in_very_large_HDL__locus199	Free_cholesterol_in_very_large_HDL	338	-0.0470498534908875	-0.0470498534908875	-0.0992102788995414	-0.0995476288773875	FADS	2	-0.182387789145754	0.0307767637235135	-0.242709137604539	-0.122066440686969	3.10114989513314e-09	0.0581546493517276	336	-0.0386933540012652	0.0076476036538538	-0.0536823817308556	-0.0237043262716749	4.20269857856944e-07	6	332	-0.0400556848099389	0.00783813859806923	-0.0554181541679879	-0.02469321545189	3.21550975309762e-07	1	197	-0.0739958842264389	0.00596078572785527	-0.0856788095725956	-0.0623129588802822	2.20014299204314e-35	147	-0.0990004177199073	0.00636452354892969	-0.111474654654567	-0.0865261807852481	1.47063580435805e-54	consistent	TRUE	TRUE	TRUE	TRUE	locus199	prior_sensitive_coloc	none	FALSE	TRUE	TRUE	TRUE	explicitly_downgraded	TRUE	abf_label_only_complex_downgraded	FALSE	complex_locus: multi-signal review not completed (503-sample 1KG EUR SuSiE unstable); ABF single-causal label only; also overlaps predefined hotspot(s): FADS	ABF label only; no multi-signal/mechanism claim until complex re-review
Free_cholesterol_in_very_large_HDL__locus201	Free_cholesterol_in_very_large_HDL	338	-0.0470498534908875	-0.0470498534908875	-0.0992102788995414	-0.0995476288773875	""	0							338	-0.0470498534908875	0.00742190124115437	-0.0615965126203632	-0.0325031943614118	2.30772075258063e-10	6	332	-0.0400556848099389	0.00783813859806923	-0.0554181541679879	-0.02469321545189	3.21550975309762e-07	0	198	-0.0979696778150478	0.00594664787935139	-0.109624893487318	-0.0863144621427776	5.56966260758582e-61	147	-0.0990004177199073	0.00636452354892969	-0.111474654654567	-0.0865261807852481	1.47063580435805e-54	unassessable	TRUE	TRUE	TRUE	TRUE	locus201	prior_sensitive_coloc	none	FALSE	TRUE	TRUE	TRUE	not_complex	FALSE	abf_label_only_forward_unassessable	FALSE	no forward metabolite IV inside region -> region MR direction unassessable	ABF label only; no forward causal-mechanism claim
Free_cholesterol_in_very_large_HDL__locus225	Free_cholesterol_in_very_large_HDL	338	-0.0470498534908875	-0.0470498534908875	-0.0992102788995414	-0.0995476288773875	""	1	-1.04957404219583	0.226935869341673	-1.4943601729058	-0.604787911485867	3.74633073237042e-06	0.00106960654330607	337	-0.0459763988847555	0.00742587368521834	-0.0605308438615271	-0.0314219539079838	5.96400870059425e-10	6	332	-0.0400556848099389	0.00783813859806923	-0.0554181541679879	-0.02469321545189	3.21550975309762e-07	0	198	-0.0979696778150478	0.00594664787935139	-0.109624893487318	-0.0863144621427776	5.56966260758582e-61	147	-0.0990004177199073	0.00636452354892969	-0.111474654654567	-0.0865261807852481	1.47063580435805e-54	consistent	TRUE	TRUE	TRUE	TRUE	locus225	prior_sensitive_coloc	none	FALSE	TRUE	TRUE	TRUE	not_complex	FALSE	abf_prior_sensitive_forward_consistent	FALSE	ABF evidence prior-sensitive; forward direction consistent but not mechanism-grade	ABF label with consistent assessable forward direction; still not mechanism-grade
Free_cholesterol_in_very_large_HDL__locus226	Free_cholesterol_in_very_large_HDL	338	-0.0470498534908875	-0.0470498534908875	-0.0992102788995414	-0.0995476288773875	""	1	-1.25517592077787	0.26760667355677	-1.77967536297171	-0.730676478584039	2.72703446208977e-06	0.000769195018596554	337	-0.0461198535868002	0.00742475733366073	-0.0606721105547249	-0.0315675966188756	5.24374144372823e-10	6	332	-0.0400556848099389	0.00783813859806923	-0.0554181541679879	-0.02469321545189	3.21550975309762e-07	0	198	-0.0979696778150478	0.00594664787935139	-0.109624893487318	-0.0863144621427776	5.56966260758582e-61	147	-0.0990004177199073	0.00636452354892969	-0.111474654654567	-0.0865261807852481	1.47063580435805e-54	consistent	TRUE	TRUE	TRUE	TRUE	locus226	prior_sensitive_coloc	none	FALSE	TRUE	TRUE	TRUE	not_complex	FALSE	abf_prior_sensitive_forward_consistent	FALSE	ABF evidence prior-sensitive; forward direction consistent but not mechanism-grade	ABF label with consistent assessable forward direction; still not mechanism-grade
Free_cholesterol_to_total_lipids_ratio_in_medium_VLDL__locus009	Free_cholesterol_to_total_lipids_ratio_in_medium_VLDL	304	-0.0478179754175082	-0.0478179754175081	-0.0973846579975052	-0.0958564960874071	""	0							304	-0.0478179754175082	0.00714648188487225	-0.0618248225280257	-0.0338111283069906	2.21467355786181e-11	8	296	-0.046516419370368	0.00753732619414165	-0.0612893072506159	-0.03174353149012	6.76558758314902e-10	1	198	-0.0956462351207263	0.00624076712124686	-0.107877913914272	-0.0834145563271808	5.12294446127361e-53	146	-0.0899382680532058	0.0066963737320008	-0.103062919394947	-0.0768136167114642	3.98584781226197e-41	unassessable	TRUE	TRUE	TRUE	TRUE	locus009	prior_sensitive_coloc	none	FALSE	TRUE	TRUE	TRUE	not_complex	FALSE	abf_label_only_forward_unassessable	FALSE	no forward metabolite IV inside region -> region MR direction unassessable	ABF label only; no forward causal-mechanism claim
Free_cholesterol_to_total_lipids_ratio_in_medium_VLDL__locus085	Free_cholesterol_to_total_lipids_ratio_in_medium_VLDL	304	-0.0478179754175082	-0.0478179754175081	-0.0973846579975052	-0.0958564960874071	""	1	-1.20649482347205	0.189779042971398	-1.57845491271647	-0.834534734227631	2.05242656644931e-10	0.00141803872121263	303	-0.0461725935664182	0.0071515542741601	-0.0601893823772555	-0.0321558047555809	1.07292457077338e-10	8	296	-0.046516419370368	0.00753732619414165	-0.0612893072506159	-0.03174353149012	6.76558758314902e-10	1	198	-0.0956462351207263	0.00624076712124686	-0.107877913914272	-0.0834145563271808	5.12294446127361e-53	146	-0.0886031619506801	0.00669810526713884	-0.10173120703893	-0.0754751168624299	6.04001708089575e-40	consistent	TRUE	TRUE	TRUE	TRUE	locus085	prior_sensitive_coloc	none	FALSE	TRUE	TRUE	TRUE	explicitly_downgraded	TRUE	abf_label_only_complex_downgraded	FALSE	complex_locus: multi-signal review not completed (503-sample 1KG EUR SuSiE unstable); ABF single-causal label only	ABF label only; no multi-signal/mechanism claim until complex re-review
Free_cholesterol_to_total_lipids_ratio_in_medium_VLDL__locus287	Free_cholesterol_to_total_lipids_ratio_in_medium_VLDL	304	-0.0478179754175082	-0.0478179754175081	-0.0973846579975052	-0.0958564960874071	FADS	2	-0.188503585092606	0.0331116633721596	-0.253401252770253	-0.123605917414959	1.24851006447988e-08	0.046582479123126	302	-0.0409442980074401	0.00731898290635798	-0.055289240907366	-0.0265993551075142	2.21563900240675e-08	8	296	-0.046516419370368	0.00753732619414165	-0.0612893072506159	-0.03174353149012	6.76558758314902e-10	1	197	-0.0735639088010822	0.0062555847728723	-0.0858246296581491	-0.0613031879440154	6.29446559353103e-32	147	-0.0918621620016201	0.00667905647955788	-0.104952872152262	-0.0787714518509778	4.83477318840586e-43	consistent	TRUE	TRUE	TRUE	TRUE	locus287	prior_sensitive_coloc	none	FALSE	TRUE	TRUE	TRUE	explicitly_downgraded	TRUE	abf_label_only_complex_downgraded	FALSE	complex_locus: multi-signal review not completed (503-sample 1KG EUR SuSiE unstable); ABF single-causal label only; also overlaps predefined hotspot(s): FADS	ABF label only; no multi-signal/mechanism claim until complex re-review
GlycA__locus092	GlycA	328	0.0716994638484489	0.0716994638484488	0.108337074238701	0.0996915617435949	""	1	1.11917699118182	0.246741687889389	0.635572169433997	1.60278181292965	5.73788822529031e-06	0.00121923102176118	327	0.0704207877509615	0.00862085712620159	0.053524218267741	0.0873173572341821	3.11852520496289e-16	5	323	0.0731449731325221	0.00868569651165086	0.0561213207890412	0.0901686254760029	3.72286650971601e-17	1	197	0.104923669278756	0.00646579948358589	0.0922509351596698	0.117596403397842	3.22396814834248e-59	147	0.0953522515932001	0.00690466474336569	0.0818193573708799	0.10888514581552	2.22353340715164e-43	consistent	TRUE	TRUE	TRUE	TRUE	locus092	prior_sensitive_coloc	none	FALSE	TRUE	TRUE	TRUE	explicitly_downgraded	TRUE	abf_label_only_complex_downgraded	FALSE	complex_locus: multi-signal review not completed (503-sample 1KG EUR SuSiE unstable); ABF single-causal label only	ABF label only; no multi-signal/mechanism claim until complex re-review
GlycA__locus204	GlycA	328	0.0716994638484489	0.0716994638484488	0.108337074238701	0.0996915617435949	""	0							328	0.0716994638484489	0.00861560011511391	0.0548131979176265	0.0885857297792713	8.64540693130633e-17	5	323	0.0731449731325221	0.00868569651165086	0.0561213207890412	0.0901686254760029	3.72286650971601e-17	1	198	0.107011328100844	0.0064522751976516	0.0943651010951058	0.119657555106582	8.93863492813947e-62	146	0.0943712579191784	0.00692268921751676	0.0808030363766818	0.107939479461675	2.57808387684504e-42	unassessable	TRUE	TRUE	TRUE	TRUE	locus204	prior_sensitive_coloc	none	FALSE	TRUE	TRUE	TRUE	explicitly_downgraded	TRUE	abf_label_only_complex_downgraded	FALSE	complex_locus: multi-signal review not completed (503-sample 1KG EUR SuSiE unstable); ABF single-causal label only	ABF label only; no multi-signal/mechanism claim until complex re-review
GlycA__locus263	GlycA	328	0.0716994638484489	0.0716994638484488	0.108337074238701	0.0996915617435949	""	1	0.488236640132617	0.285790672161223	-0.071902784420874	1.04837606468611	0.0875674314490724	0.000908813913038639	327	0.0713205647185431	0.00861951777426049	0.0544266203168897	0.0882145091201966	1.29201287919645e-16	5	323	0.0731449731325221	0.00868569651165086	0.0561213207890412	0.0901686254760029	3.72286650971601e-17	1	197	0.110996001110612	0.00647666648682014	0.0983019680565672	0.123690034164657	7.7490727130066e-66	146	0.0995780695091616	0.00693191933969886	0.0859917572596151	0.113164381758708	8.56196321105745e-47	consistent	TRUE	TRUE	TRUE	TRUE	locus263	prior_sensitive_coloc	none	FALSE	TRUE	TRUE	TRUE	explicitly_downgraded	TRUE	abf_label_only_complex_downgraded	FALSE	complex_locus: multi-signal review not completed (503-sample 1KG EUR SuSiE unstable); ABF single-causal label only	ABF label only; no multi-signal/mechanism claim until complex re-review
GlycA__locus275	GlycA	328	0.0716994638484489	0.0716994638484488	0.108337074238701	0.0996915617435949	""	0							328	0.0716994638484489	0.00861560011511391	0.0548131979176265	0.0885857297792713	8.64540693130633e-17	5	323	0.0731449731325221	0.00868569651165086	0.0561213207890412	0.0901686254760029	3.72286650971601e-17	1	197	0.105354767385025	0.00646656002998335	0.0926805426223914	0.118028992147659	1.12043444565678e-59	146	0.0933695491484579	0.00692278151368319	0.0798011467087992	0.106937951588117	1.85810125206112e-41	unassessable	TRUE	TRUE	TRUE	TRUE	locus275	prior_sensitive_coloc	none	FALSE	TRUE	TRUE	TRUE	not_complex	FALSE	abf_label_only_forward_unassessable	FALSE	no forward metabolite IV inside region -> region MR direction unassessable	ABF label only; no forward causal-mechanism claim
GlycA__locus306	GlycA	328	0.0716994638484489	0.0716994638484488	0.108337074238701	0.0996915617435949	""	1	1.08292380156879	0.169050096939665	0.751591699984039	1.41425590315354	1.49451389630373e-10	0.00259740826719838	327	0.0690660613722995	0.00862681107490993	0.0521578223640448	0.0859743003805542	1.18520726492463e-15	5	323	0.0731449731325221	0.00868569651165086	0.0561213207890412	0.0901686254760029	3.72286650971601e-17	1	197	0.103351176882555	0.00646813909580628	0.090673857207779	0.116028496557331	1.80428446349926e-57	147	0.0953522515932001	0.00690466474336569	0.0818193573708799	0.10888514581552	2.22353340715164e-43	consistent	TRUE	TRUE	TRUE	TRUE	locus306	prior_sensitive_coloc	none	FALSE	TRUE	TRUE	TRUE	explicitly_downgraded	TRUE	abf_label_only_complex_downgraded	FALSE	complex_locus: multi-signal review not completed (503-sample 1KG EUR SuSiE unstable); ABF single-causal label only	ABF label only; no multi-signal/mechanism claim until complex re-review
GlycA__locus372	GlycA	328	0.0716994638484489	0.0716994638484488	0.108337074238701	0.0996915617435949	""	1	1.18257369139564	0.250911795542731	0.69079560883561	1.67435177395567	2.43970146630984e-06	0.00117904100728556	327	0.0703881514891892	0.00862068368377683	0.0534919219468745	0.0872843810315039	3.21352073268996e-16	5	323	0.0731449731325221	0.00868569651165086	0.0561213207890412	0.0901686254760029	3.72286650971601e-17	0	198	0.107011328100844	0.0064522751976516	0.0943651010951058	0.119657555106582	8.93863492813947e-62	147	0.0953522515932001	0.00690466474336569	0.0818193573708799	0.10888514581552	2.22353340715164e-43	consistent	TRUE	TRUE	TRUE	TRUE	locus372	prior_sensitive_coloc	none	FALSE	TRUE	TRUE	TRUE	not_complex	FALSE	abf_prior_sensitive_forward_consistent	FALSE	ABF evidence prior-sensitive; forward direction consistent but not mechanism-grade	ABF label with consistent assessable forward direction; still not mechanism-grade
Monounsaturated_fatty_acids__locus139	Monounsaturated_fatty_acids	289	0.0507793919851398	0.0507793919851397	0.120277848760923	0.106175675846977	""	1	2.78243755051512	0.306796169914298	2.18112810688827	3.38374699414198	1.19744488094716e-19	0.000664698847586107	288	0.0489624542387395	0.00791237353999289	0.0334544870681258	0.0644704214093533	6.08987957299969e-10	7	282	0.0552846525157479	0.00807289944307301	0.0394620603565113	0.0711072446749844	7.47964549159043e-12	1	198	0.11903646441643	0.00637431728321698	0.106543032115293	0.131529896717566	8.00039400872027e-78	146	0.103687546203442	0.00686492594469346	0.0902325385953079	0.117142553811575	1.52500366849838e-51	consistent	TRUE	TRUE	TRUE	TRUE	locus139	prior_sensitive_coloc	none	FALSE	TRUE	TRUE	TRUE	explicitly_downgraded	TRUE	abf_label_only_complex_downgraded	FALSE	complex_locus: multi-signal review not completed (503-sample 1KG EUR SuSiE unstable); ABF single-causal label only	ABF label only; no multi-signal/mechanism claim until complex re-review
Monounsaturated_fatty_acids__locus234	Monounsaturated_fatty_acids	289	0.0507793919851398	0.0507793919851397	0.120277848760923	0.106175675846977	""	0							289	0.0507793919851398	0.00790974343007563	0.0352765797352392	0.0662822042350403	1.36405784569619e-10	7	282	0.0552846525157479	0.00807289944307301	0.0394620603565113	0.0711072446749844	7.47964549159043e-12	1	197	0.122758974702828	0.00639849171641101	0.110218161383285	0.135299788022372	4.88167060972011e-82	146	0.108816122294141	0.00684911418217232	0.0953921051710812	0.122240139417202	7.72038036897811e-57	unassessable	TRUE	TRUE	TRUE	TRUE	locus234	robust_coloc	none	FALSE	TRUE	TRUE	TRUE	not_complex	FALSE	abf_label_only_forward_unassessable	FALSE	no forward metabolite IV inside region -> region MR direction unassessable	ABF label only; no forward causal-mechanism claim
Monounsaturated_fatty_acids__locus245	Monounsaturated_fatty_acids	289	0.0507793919851398	0.0507793919851397	0.120277848760923	0.106175675846977	""	0							289	0.0507793919851398	0.00790974343007563	0.0352765797352392	0.0662822042350403	1.36405784569619e-10	7	282	0.0552846525157479	0.00807289944307301	0.0394620603565113	0.0711072446749844	7.47964549159043e-12	1	197	0.117562033893866	0.00638843472866653	0.105040931908094	0.130083135879637	1.25853972827384e-75	146	0.103117807267148	0.00684000293163026	0.0897116478670042	0.116523966667292	2.34035262150752e-51	unassessable	TRUE	TRUE	TRUE	TRUE	locus245	prior_sensitive_coloc	none	FALSE	TRUE	TRUE	TRUE	not_complex	FALSE	abf_label_only_forward_unassessable	FALSE	no forward metabolite IV inside region -> region MR direction unassessable	ABF label only; no forward causal-mechanism claim
Monounsaturated_fatty_acids__locus275	Monounsaturated_fatty_acids	289	0.0507793919851398	0.0507793919851397	0.120277848760923	0.106175675846977	FADS	2	0.303946834477606	0.0474978667249497	0.210852726354221	0.397040942600991	1.56225754273579e-10	0.0277317057694153	287	0.0435583758651475	0.00802175390989213	0.0278360271089156	0.0592807246213794	5.63441276233421e-08	7	282	0.0552846525157479	0.00807289944307301	0.0394620603565113	0.0711072446749844	7.47964549159043e-12	1	197	0.104983154180048	0.00638936511840119	0.0924602286639048	0.11750607969619	1.14900307772114e-60	147	0.104900652023013	0.00682209172820932	0.0915295979364941	0.118271706109532	2.34925794190285e-53	consistent	TRUE	TRUE	TRUE	TRUE	locus275	prior_sensitive_coloc	none	FALSE	TRUE	TRUE	TRUE	explicitly_downgraded	TRUE	abf_label_only_complex_downgraded	FALSE	complex_locus: multi-signal review not completed (503-sample 1KG EUR SuSiE unstable); ABF single-causal label only; also overlaps predefined hotspot(s): FADS	ABF label only; no multi-signal/mechanism claim until complex re-review
Monounsaturated_fatty_acids__locus304	Monounsaturated_fatty_acids	289	0.0507793919851398	0.0507793919851397	0.120277848760923	0.106175675846977	""	0							289	0.0507793919851398	0.00790974343007563	0.0352765797352392	0.0662822042350403	1.36405784569619e-10	7	282	0.0552846525157479	0.00807289944307301	0.0394620603565113	0.0711072446749844	7.47964549159043e-12	1	197	0.121517072354993	0.00638811160704049	0.108996603675972	0.134037541034015	1.11318680181634e-80	147	0.104900652023013	0.00682209172820932	0.0915295979364941	0.118271706109532	2.34925794190285e-53	unassessable	TRUE	TRUE	TRUE	TRUE	locus304	prior_sensitive_coloc	none	FALSE	TRUE	TRUE	TRUE	not_complex	FALSE	abf_label_only_forward_unassessable	FALSE	no forward metabolite IV inside region -> region MR direction unassessable	ABF label only; no forward causal-mechanism claim
Monounsaturated_fatty_acids__locus345	Monounsaturated_fatty_acids	289	0.0507793919851398	0.0507793919851397	0.120277848760923	0.106175675846977	""	0							289	0.0507793919851398	0.00790974343007563	0.0352765797352392	0.0662822042350403	1.36405784569619e-10	7	282	0.0552846525157479	0.00807289944307301	0.0394620603565113	0.0711072446749844	7.47964549159043e-12	1	197	0.117546075481825	0.00638908516465644	0.105023698664939	0.13006845229871	1.36426918522242e-75	147	0.104900652023013	0.00682209172820932	0.0915295979364941	0.118271706109532	2.34925794190285e-53	unassessable	TRUE	TRUE	TRUE	TRUE	locus345	prior_sensitive_coloc	none	FALSE	TRUE	TRUE	TRUE	not_complex	FALSE	abf_label_only_forward_unassessable	FALSE	no forward metabolite IV inside region -> region MR direction unassessable	ABF label only; no forward causal-mechanism claim
Ratio_of_monounsaturated_fatty_acids_to_total_fatty_acids__locus029	Ratio_of_monounsaturated_fatty_acids_to_total_fatty_acids	343	0.0776811335692692	0.0776811335692692	0.175182299561598	0.166681190954005	""	1	1.28344994939113	0.29074547138864	0.713599296801274	1.85330060198099	1.01317674739728e-05	0.000670109648588276	342	0.0768725944419497	0.00752889873372095	0.0621162240806074	0.0916289648032919	1.78244400343751e-24	7	336	0.0827948956669391	0.00790793938278611	0.0672956192847525	0.0982941720491258	1.18838054207066e-25	0	198	0.172260181429911	0.00623179834585016	0.160046081113128	0.184474281746694	3.47007754189525e-168	147	0.160922109390211	0.006670955700096	0.147847276475561	0.173996942304862	1.44133138934639e-128	consistent	TRUE	TRUE	TRUE	TRUE	locus029	prior_sensitive_coloc	none	FALSE	TRUE	TRUE	TRUE	not_complex	FALSE	abf_prior_sensitive_forward_consistent	FALSE	ABF evidence prior-sensitive; forward direction consistent but not mechanism-grade	ABF label with consistent assessable forward direction; still not mechanism-grade
Ratio_of_monounsaturated_fatty_acids_to_total_fatty_acids__locus058	Ratio_of_monounsaturated_fatty_acids_to_total_fatty_acids	343	0.0776811335692692	0.0776811335692692	0.175182299561598	0.166681190954005	""	1	1.03818091076457	0.166146469980893	0.712539813443554	1.36382200808559	4.14178694725126e-10	0.00205205762391228	342	0.0757060797544713	0.00753410990074915	0.0609394956934363	0.0904726638155062	9.33295911010608e-24	7	336	0.0827948956669391	0.00790793938278611	0.0672956192847525	0.0982941720491258	1.18838054207066e-25	1	198	0.172260181429911	0.00623179834585016	0.160046081113128	0.184474281746694	3.47007754189525e-168	146	0.157215284060671	0.00669001262646088	0.144103100256689	0.170327467864652	4.07891685893928e-122	consistent	TRUE	TRUE	TRUE	TRUE	locus058	prior_sensitive_coloc	none	FALSE	TRUE	TRUE	TRUE	not_complex	FALSE	abf_prior_sensitive_forward_consistent	FALSE	ABF evidence prior-sensitive; forward direction consistent but not mechanism-grade	ABF label with consistent assessable forward direction; still not mechanism-grade
Ratio_of_monounsaturated_fatty_acids_to_total_fatty_acids__locus098	Ratio_of_monounsaturated_fatty_acids_to_total_fatty_acids	343	0.0776811335692692	0.0776811335692692	0.175182299561598	0.166681190954005	""	1	2.40082833586223	0.264719306252853	1.88198802959421	2.91966864213025	1.19744488094714e-19	0.000808352074243758	342	0.0758016934602116	0.00752941954333133	0.0610443023307901	0.090559084589633	7.6984753971589e-24	7	336	0.0827948956669391	0.00790793938278611	0.0672956192847525	0.0982941720491258	1.18838054207066e-25	1	198	0.172260181429911	0.00623179834585016	0.160046081113128	0.184474281746694	3.47007754189525e-168	146	0.160256056028618	0.00671290443823019	0.147099005098028	0.173413106959208	5.86692651808723e-126	consistent	TRUE	TRUE	TRUE	TRUE	locus098	prior_sensitive_coloc	none	FALSE	TRUE	TRUE	TRUE	not_complex	FALSE	abf_prior_sensitive_forward_consistent	FALSE	ABF evidence prior-sensitive; forward direction consistent but not mechanism-grade	ABF label with consistent assessable forward direction; still not mechanism-grade
Ratio_of_monounsaturated_fatty_acids_to_total_fatty_acids__locus192	Ratio_of_monounsaturated_fatty_acids_to_total_fatty_acids	343	0.0776811335692692	0.0776811335692692	0.175182299561598	0.166681190954005	FADS	3	0.116887956256794	0.0204899892281212	0.0767283153260623	0.157047597187525	1.16591101362126e-08	0.1349237269023	340	0.0715661460224995	0.00809205254675091	0.0557060144698621	0.0874262775751369	9.23482103039231e-19	7	336	0.0827948956669391	0.00790793938278611	0.0672956192847525	0.0982941720491258	1.18838054207066e-25	1	197	0.127785201968779	0.00624625760142893	0.115542762031819	0.14002764190574	5.11106358508728e-93	147	0.160922109390211	0.006670955700096	0.147847276475561	0.173996942304862	1.44133138934639e-128	consistent	TRUE	TRUE	TRUE	TRUE	locus192	prior_sensitive_coloc	none	FALSE	TRUE	TRUE	TRUE	explicitly_downgraded	TRUE	abf_label_only_complex_downgraded	FALSE	complex_locus: multi-signal review not completed (503-sample 1KG EUR SuSiE unstable); ABF single-causal label only; also overlaps predefined hotspot(s): FADS	ABF label only; no multi-signal/mechanism claim until complex re-review
Ratio_of_monounsaturated_fatty_acids_to_total_fatty_acids__locus225	Ratio_of_monounsaturated_fatty_acids_to_total_fatty_acids	343	0.0776811335692692	0.0776811335692692	0.175182299561598	0.166681190954005	""	1	1.30020913122357	0.302306599353064	0.70769908420279	1.89271917824436	1.70058388592832e-05	0.000619835624350684	342	0.0769228971826329	0.00752870935994145	0.062166897987078	0.0916788963781877	1.65939374576379e-24	7	336	0.0827948956669391	0.00790793938278611	0.0672956192847525	0.0982941720491258	1.18838054207066e-25	0	198	0.172260181429911	0.00623179834585016	0.160046081113128	0.184474281746694	3.47007754189525e-168	147	0.160922109390211	0.006670955700096	0.147847276475561	0.173996942304862	1.44133138934639e-128	consistent	TRUE	TRUE	TRUE	TRUE	locus225	prior_sensitive_coloc	none	FALSE	TRUE	TRUE	TRUE	not_complex	FALSE	abf_prior_sensitive_forward_consistent	FALSE	ABF evidence prior-sensitive; forward direction consistent but not mechanism-grade	ABF label with consistent assessable forward direction; still not mechanism-grade
Ratio_of_polyunsaturated_fatty_acids_to_monounsaturated_fatty_acids__locus001	Ratio_of_polyunsaturated_fatty_acids_to_monounsaturated_fatty_acids	323	-0.0716875617325466	-0.0716875617325465	-0.170541031837463	-0.15964328535773	""	0							323	-0.0716875617325466	0.00767597696904119	-0.0867322001380262	-0.0566429233270669	9.70554554887485e-21	7	316	-0.0715017172828374	0.00881067968195706	-0.0887703321387921	-0.0542331024268828	4.84401213604718e-16	1	197	-0.170662938013273	0.00631338386121534	-0.183036943001832	-0.158288933024715	6.23052256542554e-161	147	-0.15347741901354	0.00674228541412963	-0.166692055598724	-0.140262782428356	1.05693887852439e-114	unassessable	TRUE	TRUE	TRUE	TRUE	locus001	prior_sensitive_coloc	none	FALSE	TRUE	TRUE	TRUE	not_complex	FALSE	abf_label_only_forward_unassessable	FALSE	no forward metabolite IV inside region -> region MR direction unassessable	ABF label only; no forward causal-mechanism claim
Ratio_of_polyunsaturated_fatty_acids_to_monounsaturated_fatty_acids__locus023	Ratio_of_polyunsaturated_fatty_acids_to_monounsaturated_fatty_acids	323	-0.0716875617325466	-0.0716875617325465	-0.170541031837463	-0.15964328535773	""	0							323	-0.0716875617325466	0.00767597696904119	-0.0867322001380262	-0.0566429233270669	9.70554554887485e-21	7	316	-0.0715017172828374	0.00881067968195706	-0.0887703321387921	-0.0542331024268828	4.84401213604718e-16	1	197	-0.166165326386677	0.00631352113375693	-0.178539600424473	-0.153791052348881	1.16360076770617e-152	147	-0.15347741901354	0.00674228541412963	-0.166692055598724	-0.140262782428356	1.05693887852439e-114	unassessable	TRUE	TRUE	TRUE	TRUE	locus023	robust_coloc	none	FALSE	TRUE	TRUE	TRUE	not_complex	FALSE	abf_label_only_forward_unassessable	FALSE	no forward metabolite IV inside region -> region MR direction unassessable	ABF label only; no forward causal-mechanism claim
Ratio_of_polyunsaturated_fatty_acids_to_monounsaturated_fatty_acids__locus039	Ratio_of_polyunsaturated_fatty_acids_to_monounsaturated_fatty_acids	323	-0.0716875617325466	-0.0716875617325465	-0.170541031837463	-0.15964328535773	""	0							323	-0.0716875617325466	0.00767597696904119	-0.0867322001380262	-0.0566429233270669	9.70554554887485e-21	7	316	-0.0715017172828374	0.00881067968195706	-0.0887703321387921	-0.0542331024268828	4.84401213604718e-16	1	198	-0.167628710031498	0.00629879786698363	-0.179974126996684	-0.155283293066312	4.82523262208196e-156	146	-0.152113385625424	0.006774568729784	-0.165391296346591	-0.138835474904256	1.18044080606245e-111	unassessable	TRUE	TRUE	TRUE	TRUE	locus039	prior_sensitive_coloc	none	FALSE	TRUE	TRUE	TRUE	explicitly_downgraded	TRUE	abf_label_only_complex_downgraded	FALSE	complex_locus: multi-signal review not completed (503-sample 1KG EUR SuSiE unstable); ABF single-causal label only	ABF label only; no multi-signal/mechanism claim until complex re-review
Ratio_of_polyunsaturated_fatty_acids_to_monounsaturated_fatty_acids__locus044	Ratio_of_polyunsaturated_fatty_acids_to_monounsaturated_fatty_acids	323	-0.0716875617325466	-0.0716875617325465	-0.170541031837463	-0.15964328535773	""	1	-1.25430789794426	0.284143796357081	-1.81121950523462	-0.697396290653899	1.01317674739729e-05	0.000729778339147527	322	-0.0708238807320578	0.00767877938385262	-0.0858740117696376	-0.055773749694478	2.88026201936134e-20	7	316	-0.0715017172828374	0.00881067968195706	-0.0887703321387921	-0.0542331024268828	4.84401213604718e-16	0	198	-0.167628710031498	0.00629879786698363	-0.179974126996684	-0.155283293066312	4.82523262208196e-156	147	-0.15347741901354	0.00674228541412963	-0.166692055598724	-0.140262782428356	1.05693887852439e-114	consistent	TRUE	TRUE	TRUE	TRUE	locus044	prior_sensitive_coloc	none	FALSE	TRUE	TRUE	TRUE	not_complex	FALSE	abf_prior_sensitive_forward_consistent	FALSE	ABF evidence prior-sensitive; forward direction consistent but not mechanism-grade	ABF label with consistent assessable forward direction; still not mechanism-grade
Ratio_of_polyunsaturated_fatty_acids_to_monounsaturated_fatty_acids__locus088	Ratio_of_polyunsaturated_fatty_acids_to_monounsaturated_fatty_acids	323	-0.0716875617325466	-0.0716875617325465	-0.170541031837463	-0.15964328535773	""	1	-1.06685168733276	0.170734830515192	-1.40148580604908	-0.732217568616428	4.14178694725128e-10	0.0020212641371109	322	-0.0696719981886241	0.00768374633746879	-0.0847318642764045	-0.0546121321008438	1.21833039332483e-19	7	316	-0.0715017172828374	0.00881067968195706	-0.0887703321387921	-0.0542331024268828	4.84401213604718e-16	1	198	-0.167628710031498	0.00629879786698363	-0.179974126996684	-0.155283293066312	4.82523262208196e-156	146	-0.149874839348466	0.00676152704320267	-0.163127188833637	-0.136622489863295	7.34090035739965e-109	consistent	TRUE	TRUE	TRUE	TRUE	locus088	prior_sensitive_coloc	none	FALSE	TRUE	TRUE	TRUE	explicitly_downgraded	TRUE	abf_label_only_complex_downgraded	FALSE	complex_locus: multi-signal review not completed (503-sample 1KG EUR SuSiE unstable); ABF single-causal label only	ABF label only; no multi-signal/mechanism claim until complex re-review
Ratio_of_polyunsaturated_fatty_acids_to_monounsaturated_fatty_acids__locus140	Ratio_of_polyunsaturated_fatty_acids_to_monounsaturated_fatty_acids	323	-0.0716875617325466	-0.0716875617325465	-0.170541031837463	-0.15964328535773	""	0							323	-0.0716875617325466	0.00767597696904119	-0.0867322001380262	-0.0566429233270669	9.70554554887485e-21	7	316	-0.0715017172828374	0.00881067968195706	-0.0887703321387921	-0.0542331024268828	4.84401213604718e-16	1	198	-0.167628710031498	0.00629879786698363	-0.179974126996684	-0.155283293066312	4.82523262208196e-156	146	-0.152667219276754	0.0067846349032072	-0.165964859335294	-0.139369579218215	3.97600999712993e-112	unassessable	TRUE	TRUE	TRUE	TRUE	locus140	prior_sensitive_coloc	none	FALSE	TRUE	TRUE	TRUE	explicitly_downgraded	TRUE	abf_label_only_complex_downgraded	FALSE	complex_locus: multi-signal review not completed (503-sample 1KG EUR SuSiE unstable); ABF single-causal label only	ABF label only; no multi-signal/mechanism claim until complex re-review
Ratio_of_polyunsaturated_fatty_acids_to_monounsaturated_fatty_acids__locus262	Ratio_of_polyunsaturated_fatty_acids_to_monounsaturated_fatty_acids	323	-0.0716875617325466	-0.0716875617325465	-0.170541031837463	-0.15964328535773	""	0							323	-0.0716875617325466	0.00767597696904119	-0.0867322001380262	-0.0566429233270669	9.70554554887485e-21	7	316	-0.0715017172828374	0.00881067968195706	-0.0887703321387921	-0.0542331024268828	4.84401213604718e-16	1	197	-0.166309439198704	0.00631276682339923	-0.178682234815366	-0.153936643582042	5.86606755987419e-153	146	-0.151879094137319	0.00676001629199602	-0.165128482604536	-0.138629705670103	8.67681429392373e-112	unassessable	TRUE	TRUE	TRUE	TRUE	locus262	prior_sensitive_coloc	none	FALSE	TRUE	TRUE	TRUE	not_complex	FALSE	abf_label_only_forward_unassessable	FALSE	no forward metabolite IV inside region -> region MR direction unassessable	ABF label only; no forward causal-mechanism claim
Ratio_of_polyunsaturated_fatty_acids_to_monounsaturated_fatty_acids__locus290	Ratio_of_polyunsaturated_fatty_acids_to_monounsaturated_fatty_acids	323	-0.0716875617325466	-0.0716875617325465	-0.170541031837463	-0.15964328535773	""	0							323	-0.0716875617325466	0.00767597696904119	-0.0867322001380262	-0.0566429233270669	9.70554554887485e-21	7	316	-0.0715017172828374	0.00881067968195706	-0.0887703321387921	-0.0542331024268828	4.84401213604718e-16	1	197	-0.166178418092624	0.00631894319980236	-0.178563319184591	-0.153793517000658	1.99756633580949e-152	146	-0.151805138657961	0.00676144575927898	-0.165057328829569	-0.138552948486353	1.23503877593554e-111	unassessable	TRUE	TRUE	TRUE	TRUE	locus290	robust_coloc	none	FALSE	TRUE	TRUE	TRUE	not_complex	FALSE	abf_label_only_forward_unassessable	FALSE	no forward metabolite IV inside region -> region MR direction unassessable	ABF label only; no forward causal-mechanism claim
Ratio_of_polyunsaturated_fatty_acids_to_monounsaturated_fatty_acids__locus295	Ratio_of_polyunsaturated_fatty_acids_to_monounsaturated_fatty_acids	323	-0.0716875617325466	-0.0716875617325465	-0.170541031837463	-0.15964328535773	FADS	2	-0.108500174429745	0.018489159896037	-0.14473826193038	-0.0722620869291103	4.40251984176274e-09	0.172358604610367	321	-0.0640212335475432	0.00843747620155781	-0.0805583830230104	-0.0474840840720761	3.25575593369386e-14	7	316	-0.0715017172828374	0.00881067968195706	-0.0887703321387921	-0.0542331024268828	4.84401213604718e-16	1	197	-0.128516600209663	0.00631352188069365	-0.140890875711428	-0.116142324707898	4.1271401110692e-92	147	-0.15347741901354	0.00674228541412963	-0.166692055598724	-0.140262782428356	1.05693887852439e-114	consistent	TRUE	TRUE	TRUE	TRUE	locus295	prior_sensitive_coloc	none	FALSE	TRUE	TRUE	TRUE	explicitly_downgraded	TRUE	abf_label_only_complex_downgraded	FALSE	complex_locus: multi-signal review not completed (503-sample 1KG EUR SuSiE unstable); ABF single-causal label only; also overlaps predefined hotspot(s): FADS	ABF label only; no multi-signal/mechanism claim until complex re-review
Ratio_of_polyunsaturated_fatty_acids_to_monounsaturated_fatty_acids__locus368	Ratio_of_polyunsaturated_fatty_acids_to_monounsaturated_fatty_acids	323	-0.0716875617325466	-0.0716875617325465	-0.170541031837463	-0.15964328535773	""	0							323	-0.0716875617325466	0.00767597696904119	-0.0867322001380262	-0.0566429233270669	9.70554554887485e-21	7	316	-0.0715017172828374	0.00881067968195706	-0.0887703321387921	-0.0542331024268828	4.84401213604718e-16	1	197	-0.166317180754652	0.00631344236686495	-0.178691300412177	-0.153943061097127	6.11780768139515e-153	147	-0.15347741901354	0.00674228541412963	-0.166692055598724	-0.140262782428356	1.05693887852439e-114	unassessable	TRUE	TRUE	TRUE	TRUE	locus368	prior_sensitive_coloc	none	FALSE	TRUE	TRUE	TRUE	not_complex	FALSE	abf_label_only_forward_unassessable	FALSE	no forward metabolite IV inside region -> region MR direction unassessable	ABF label only; no forward causal-mechanism claim
Ratio_of_polyunsaturated_fatty_acids_to_total_fatty_acids__locus001	Ratio_of_polyunsaturated_fatty_acids_to_total_fatty_acids	267	-0.0715263987636332	-0.0715263987636331	-0.152635424553576	-0.138871064626436	""	0							267	-0.0715263987636332	0.00890765589251176	-0.0889850834996323	-0.0540677140276342	9.7658185910276e-16	6	261	-0.070247204554045	0.0100567815602235	-0.0899581342124696	-0.0505362748956205	2.84737908800941e-12	1	197	-0.152547486666869	0.00647329033437087	-0.165234902583707	-0.139860070750031	8.67079956017344e-123	147	-0.13255164273364	0.00691238604822972	-0.146099670435407	-0.119003615031873	5.87728262333809e-82	unassessable	TRUE	TRUE	TRUE	TRUE	locus001	prior_sensitive_coloc	none	FALSE	TRUE	TRUE	TRUE	not_complex	FALSE	abf_label_only_forward_unassessable	FALSE	no forward metabolite IV inside region -> region MR direction unassessable	ABF label only; no forward causal-mechanism claim
Ratio_of_polyunsaturated_fatty_acids_to_total_fatty_acids__locus022	Ratio_of_polyunsaturated_fatty_acids_to_total_fatty_acids	267	-0.0715263987636332	-0.0715263987636331	-0.152635424553576	-0.138871064626436	""	1	-1.78081825794579	0.287528453336528	-2.34436367101589	-1.21727284487569	5.88286841275099e-10	0.000959765659760514	266	-0.0698843031076614	0.00891193360307523	-0.0873513720023011	-0.0524172342130216	4.44648843537524e-15	6	261	-0.070247204554045	0.0100567815602235	-0.0899581342124696	-0.0505362748956205	2.84737908800941e-12	1	197	-0.147802536925883	0.00647343051099197	-0.16049022758385	-0.135114846267916	2.19717025998271e-115	147	-0.13255164273364	0.00691238604822972	-0.146099670435407	-0.119003615031873	5.87728262333809e-82	consistent	TRUE	TRUE	TRUE	TRUE	locus022	robust_coloc	none	FALSE	TRUE	TRUE	TRUE	explicitly_downgraded	TRUE	abf_label_only_complex_downgraded	FALSE	complex_locus: multi-signal review not completed (503-sample 1KG EUR SuSiE unstable); ABF single-causal label only	ABF label only; no multi-signal/mechanism claim until complex re-review
Ratio_of_polyunsaturated_fatty_acids_to_total_fatty_acids__locus076	Ratio_of_polyunsaturated_fatty_acids_to_total_fatty_acids	267	-0.0715263987636332	-0.0715263987636331	-0.152635424553576	-0.138871064626436	""	0							267	-0.0715263987636332	0.00890765589251176	-0.0889850834996323	-0.0540677140276342	9.7658185910276e-16	6	261	-0.070247204554045	0.0100567815602235	-0.0899581342124696	-0.0505362748956205	2.84737908800941e-12	1	197	-0.148257617351863	0.00647188902829983	-0.16094228675927	-0.135572947944455	3.87266049458081e-116	147	-0.13255164273364	0.00691238604822972	-0.146099670435407	-0.119003615031873	5.87728262333809e-82	unassessable	TRUE	TRUE	TRUE	TRUE	locus076	prior_sensitive_coloc	none	FALSE	TRUE	TRUE	TRUE	explicitly_downgraded	TRUE	abf_label_only_complex_downgraded	FALSE	complex_locus: multi-signal review not completed (503-sample 1KG EUR SuSiE unstable); ABF single-causal label only	ABF label only; no multi-signal/mechanism claim until complex re-review
Ratio_of_polyunsaturated_fatty_acids_to_total_fatty_acids__locus083	Ratio_of_polyunsaturated_fatty_acids_to_total_fatty_acids	267	-0.0715263987636332	-0.0715263987636331	-0.152635424553576	-0.138871064626436	""	1	-1.23499478479773	0.197643803513825	-1.62236952145234	-0.847620048143125	4.1417869472513e-10	0.00203123633827967	266	-0.0691583093502123	0.00891671647515801	-0.086634752501877	-0.0516818661985477	8.76301658821522e-15	6	261	-0.070247204554045	0.0100567815602235	-0.0899581342124696	-0.0505362748956205	2.84737908800941e-12	1	198	-0.149690473931045	0.00645833904686169	-0.162348585862843	-0.137032361999247	7.61563068272192e-119	146	-0.12949551667831	0.0069320824459002	-0.143082148610137	-0.115908884746484	7.12031407758186e-78	consistent	TRUE	TRUE	TRUE	TRUE	locus083	prior_sensitive_coloc	none	FALSE	TRUE	TRUE	TRUE	explicitly_downgraded	TRUE	abf_label_only_complex_downgraded	FALSE	complex_locus: multi-signal review not completed (503-sample 1KG EUR SuSiE unstable); ABF single-causal label only	ABF label only; no multi-signal/mechanism claim until complex re-review
Ratio_of_polyunsaturated_fatty_acids_to_total_fatty_acids__locus244	Ratio_of_polyunsaturated_fatty_acids_to_total_fatty_acids	267	-0.0715263987636332	-0.0715263987636331	-0.152635424553576	-0.138871064626436	""	0							267	-0.0715263987636332	0.00890765589251176	-0.0889850834996323	-0.0540677140276342	9.7658185910276e-16	6	261	-0.070247204554045	0.0100567815602235	-0.0899581342124696	-0.0505362748956205	2.84737908800941e-12	1	197	-0.148396736403875	0.00647264363443729	-0.161082884812135	-0.135710587995616	2.51370389835575e-116	146	-0.130966191599672	0.00693053760974132	-0.144549795708265	-0.117382587491078	1.20783309146798e-79	unassessable	TRUE	TRUE	TRUE	TRUE	locus244	prior_sensitive_coloc	none	FALSE	TRUE	TRUE	TRUE	not_complex	FALSE	abf_label_only_forward_unassessable	FALSE	no forward metabolite IV inside region -> region MR direction unassessable	ABF label only; no forward causal-mechanism claim
Ratio_of_polyunsaturated_fatty_acids_to_total_fatty_acids__locus268	Ratio_of_polyunsaturated_fatty_acids_to_total_fatty_acids	267	-0.0715263987636332	-0.0715263987636331	-0.152635424553576	-0.138871064626436	""	0							267	-0.0715263987636332	0.00890765589251176	-0.0889850834996323	-0.0540677140276342	9.7658185910276e-16	6	261	-0.070247204554045	0.0100567815602235	-0.0899581342124696	-0.0505362748956205	2.84737908800941e-12	1	197	-0.148021626465629	0.00647922423686267	-0.160720672617639	-0.135322580313619	1.61704339401281e-115	146	-0.130653762180797	0.00693224413580152	-0.144240711019007	-0.117066813342587	3.09499699510647e-79	unassessable	TRUE	TRUE	TRUE	TRUE	locus268	robust_coloc	none	FALSE	TRUE	TRUE	TRUE	not_complex	FALSE	abf_label_only_forward_unassessable	FALSE	no forward metabolite IV inside region -> region MR direction unassessable	ABF label only; no forward causal-mechanism claim
Ratio_of_polyunsaturated_fatty_acids_to_total_fatty_acids__locus273	Ratio_of_polyunsaturated_fatty_acids_to_total_fatty_acids	267	-0.0715263987636332	-0.0715263987636331	-0.152635424553576	-0.138871064626436	FADS	2	-0.146953378691442	0.0250882346082898	-0.196125414959381	-0.0977813424235024	4.69994557115001e-09	0.12606271574455	265	-0.060646293175496	0.00952847278231453	-0.0793217566565027	-0.0419708296944894	1.95615293166923e-10	6	261	-0.070247204554045	0.0100567815602235	-0.0899581342124696	-0.0505362748956205	2.84737908800941e-12	1	197	-0.120825028876174	0.00647360657144794	-0.133513064606294	-0.108136993146054	9.67186574621625e-78	147	-0.13255164273364	0.00691238604822972	-0.146099670435407	-0.119003615031873	5.87728262333809e-82	consistent	TRUE	TRUE	TRUE	TRUE	locus273	prior_sensitive_coloc	none	FALSE	TRUE	TRUE	TRUE	explicitly_downgraded	TRUE	abf_label_only_complex_downgraded	FALSE	complex_locus: multi-signal review not completed (503-sample 1KG EUR SuSiE unstable); ABF single-causal label only; also overlaps predefined hotspot(s): FADS	ABF label only; no multi-signal/mechanism claim until complex re-review
Ratio_of_polyunsaturated_fatty_acids_to_total_fatty_acids__locus340	Ratio_of_polyunsaturated_fatty_acids_to_total_fatty_acids	267	-0.0715263987636332	-0.0715263987636331	-0.152635424553576	-0.138871064626436	""	0							267	-0.0715263987636332	0.00890765589251176	-0.0889850834996323	-0.0540677140276342	9.7658185910276e-16	6	261	-0.070247204554045	0.0100567815602235	-0.0899581342124696	-0.0505362748956205	2.84737908800941e-12	1	197	-0.148524005917129	0.00647332673911313	-0.161211493185951	-0.135836518648308	1.69142978857307e-116	147	-0.13255164273364	0.00691238604822972	-0.146099670435407	-0.119003615031873	5.87728262333809e-82	unassessable	TRUE	TRUE	TRUE	TRUE	locus340	prior_sensitive_coloc	none	FALSE	TRUE	TRUE	TRUE	not_complex	FALSE	abf_label_only_forward_unassessable	FALSE	no forward metabolite IV inside region -> region MR direction unassessable	ABF label only; no forward causal-mechanism claim
Triglycerides_to_total_lipids_ratio_in_very_large_HDL__locus028	Triglycerides_to_total_lipids_ratio_in_very_large_HDL	368	0.0525548460222473	0.0525548460222472	0.125725549512368	0.117026242086248	""	0							368	0.0525548460222473	0.00722949536316289	0.0383852954840487	0.0667243965604459	3.60809633074201e-13	6	362	0.0476256082588835	0.00755229310429967	0.032823385773766	0.0624278307440011	2.86131506257832e-10	1	197	0.122390326270503	0.00605226113264441	0.110528112425489	0.134252540115518	6.23749565431659e-91	147	0.116078830809525	0.00646251146187062	0.103412541094581	0.128745120524468	3.87486048386694e-72	unassessable	TRUE	TRUE	TRUE	TRUE	locus028	robust_coloc	none	FALSE	TRUE	TRUE	TRUE	not_complex	FALSE	abf_label_only_forward_unassessable	FALSE	no forward metabolite IV inside region -> region MR direction unassessable	ABF label only; no forward causal-mechanism claim
Triglycerides_to_total_lipids_ratio_in_very_large_HDL__locus093	Triglycerides_to_total_lipids_ratio_in_very_large_HDL	368	0.0525548460222473	0.0525548460222472	0.125725549512368	0.117026242086248	""	1	-1.26840906916461	0.31544725914958	-1.88667433611966	-0.650143802209558	5.79550056992702e-05	0.000525245633246256	367	0.0532490411733468	0.00723139474186096	0.039075767921307	0.0674223144253866	1.79026182384527e-13	6	362	0.0476256082588835	0.00755229310429967	0.032823385773766	0.0624278307440011	2.86131506257832e-10	0	198	0.124004195716546	0.00603815425846938	0.112169630836849	0.135838760596243	1.01060732604691e-93	147	0.116078830809525	0.00646251146187062	0.103412541094581	0.128745120524468	3.87486048386694e-72	opposite	TRUE	TRUE	TRUE	TRUE	locus093	prior_sensitive_coloc	none	FALSE	TRUE	TRUE	TRUE	not_complex	FALSE	abf_label_only_forward_opposite	FALSE	region forward IVW direction opposite to official trait IVW	ABF label only; no forward causal-mechanism claim
Triglycerides_to_total_lipids_ratio_in_very_large_HDL__locus158	Triglycerides_to_total_lipids_ratio_in_very_large_HDL	368	0.0525548460222473	0.0525548460222472	0.125725549512368	0.117026242086248	""	1	2.2909146228743	0.252600038325523	1.79582764526284	2.78600160048576	1.19744488094714e-19	0.00081912304191731	367	0.0507198508661127	0.00723245810654241	0.0365444934575948	0.0648952082746306	2.33579408679988e-12	6	362	0.0476256082588835	0.00755229310429967	0.032823385773766	0.0624278307440011	2.86131506257832e-10	1	198	0.124004195716546	0.00603815425846938	0.112169630836849	0.135838760596243	1.01060732604691e-93	146	0.114347849617555	0.00650310675840647	0.10160199458346	0.127093704651651	3.29166729914287e-69	consistent	TRUE	TRUE	TRUE	TRUE	locus158	prior_sensitive_coloc	none	FALSE	TRUE	TRUE	TRUE	explicitly_downgraded	TRUE	abf_label_only_complex_downgraded	FALSE	complex_locus: multi-signal review not completed (503-sample 1KG EUR SuSiE unstable); ABF single-causal label only	ABF label only; no multi-signal/mechanism claim until complex re-review
Triglycerides_to_total_lipids_ratio_in_very_large_HDL__locus208	Triglycerides_to_total_lipids_ratio_in_very_large_HDL	368	0.0525548460222473	0.0525548460222472	0.125725549512368	0.117026242086248	""	0							368	0.0525548460222473	0.00722949536316289	0.0383852954840487	0.0667243965604459	3.60809633074201e-13	6	362	0.0476256082588835	0.00755229310429967	0.032823385773766	0.0624278307440011	2.86131506257832e-10	1	198	0.124004195716546	0.00603815425846938	0.112169630836849	0.135838760596243	1.01060732604691e-93	146	0.115214228875288	0.00647938611972355	0.102514865438701	0.127913592311875	9.80371874293752e-71	unassessable	TRUE	TRUE	TRUE	TRUE	locus208	prior_sensitive_coloc	none	FALSE	TRUE	TRUE	TRUE	explicitly_downgraded	TRUE	abf_label_only_complex_downgraded	FALSE	complex_locus: multi-signal review not completed (503-sample 1KG EUR SuSiE unstable); ABF single-causal label only	ABF label only; no multi-signal/mechanism claim until complex re-review
Triglycerides_to_total_lipids_ratio_in_very_large_HDL__locus267	Triglycerides_to_total_lipids_ratio_in_very_large_HDL	368	0.0525548460222473	0.0525548460222472	0.125725549512368	0.117026242086248	""	0							368	0.0525548460222473	0.00722949536316289	0.0383852954840487	0.0667243965604459	3.60809633074201e-13	6	362	0.0476256082588835	0.00755229310429967	0.032823385773766	0.0624278307440011	2.86131506257832e-10	1	197	0.121787015944715	0.00606272949701044	0.109904284482566	0.133669747406864	9.43139286813405e-90	146	0.113514954273438	0.00649070485416624	0.100793406524993	0.126236502021883	1.74242232732956e-68	unassessable	TRUE	TRUE	TRUE	TRUE	locus267	prior_sensitive_coloc	none	FALSE	TRUE	TRUE	TRUE	explicitly_downgraded	TRUE	abf_label_only_complex_downgraded	FALSE	complex_locus: multi-signal review not completed (503-sample 1KG EUR SuSiE unstable); ABF single-causal label only	ABF label only; no multi-signal/mechanism claim until complex re-review
Triglycerides_to_total_lipids_ratio_in_very_large_HDL__locus320	Triglycerides_to_total_lipids_ratio_in_very_large_HDL	368	0.0525548460222473	0.0525548460222472	0.125725549512368	0.117026242086248	FADS	2	0.214060060793814	0.0355478760922322	0.144387503926146	0.283732617661481	1.72552118922264e-09	0.0413607734620665	366	0.0455866556789067	0.00738380783484888	0.0311146582538382	0.0600586531039752	6.66391399081351e-10	6	362	0.0476256082588835	0.00755229310429967	0.032823385773766	0.0624278307440011	2.86131506257832e-10	1	197	0.103735517791135	0.00605233998302894	0.0918731494022064	0.115597886180063	7.49886062278264e-66	147	0.116078830809525	0.00646251146187062	0.103412541094581	0.128745120524468	3.87486048386694e-72	consistent	TRUE	TRUE	TRUE	TRUE	locus320	prior_sensitive_coloc	none	FALSE	TRUE	TRUE	TRUE	explicitly_downgraded	TRUE	abf_label_only_complex_downgraded	FALSE	complex_locus: multi-signal review not completed (503-sample 1KG EUR SuSiE unstable); ABF single-causal label only; also overlaps predefined hotspot(s): FADS	ABF label only; no multi-signal/mechanism claim until complex re-review
Triglycerides_to_total_lipids_ratio_in_very_large_HDL__locus399	Triglycerides_to_total_lipids_ratio_in_very_large_HDL	368	0.0525548460222473	0.0525548460222472	0.125725549512368	0.117026242086248	""	0							368	0.0525548460222473	0.00722949536316289	0.0383852954840487	0.0667243965604459	3.60809633074201e-13	6	362	0.0476256082588835	0.00755229310429967	0.032823385773766	0.0624278307440011	2.86131506257832e-10	1	197	0.12278841780986	0.00605221344160951	0.110926297437557	0.134650538182164	1.63525803724793e-91	147	0.116078830809525	0.00646251146187062	0.103412541094581	0.128745120524468	3.87486048386694e-72	unassessable	TRUE	TRUE	TRUE	TRUE	locus399	prior_sensitive_coloc	none	FALSE	TRUE	TRUE	TRUE	not_complex	FALSE	abf_label_only_forward_unassessable	FALSE	no forward metabolite IV inside region -> region MR direction unassessable	ABF label only; no forward causal-mechanism claim
Triglycerides_to_total_lipids_ratio_in_very_small_VLDL__locus026	Triglycerides_to_total_lipids_ratio_in_very_small_VLDL	346	0.047836615822061	0.047836615822061	0.127586717032717	0.124353520476202	""	0							346	0.047836615822061	0.00706907369574539	0.0339814859743405	0.0616917456697814	1.31455134029306e-11	8	338	0.0446274814786778	0.00740603933781351	0.0301119111084765	0.0591430518488792	1.68251335757656e-09	1	197	0.122753404105786	0.00618475445379367	0.110631508123127	0.134875300088446	1.15267919576726e-87	147	0.118976790377161	0.00660373257329289	0.106033712369973	0.131919868384349	1.44353597257702e-72	unassessable	TRUE	TRUE	TRUE	TRUE	locus026	robust_coloc	none	FALSE	TRUE	TRUE	TRUE	explicitly_downgraded	TRUE	abf_label_only_complex_downgraded	FALSE	complex_locus: multi-signal review not completed (503-sample 1KG EUR SuSiE unstable); ABF single-causal label only	ABF label only; no multi-signal/mechanism claim until complex re-review
Triglycerides_to_total_lipids_ratio_in_very_small_VLDL__locus143	Triglycerides_to_total_lipids_ratio_in_very_small_VLDL	346	0.047836615822061	0.047836615822061	0.127586717032717	0.124353520476202	""	0							346	0.047836615822061	0.00706907369574539	0.0339814859743405	0.0616917456697814	1.31455134029306e-11	8	338	0.0446274814786778	0.00740603933781351	0.0301119111084765	0.0591430518488792	1.68251335757656e-09	1	198	0.124834358931728	0.00617037053694494	0.112740654908049	0.136928062955407	5.19601820947563e-91	146	0.118555866417874	0.00664517366045404	0.10553156537237	0.131580167463379	3.40183875541316e-71	unassessable	TRUE	TRUE	TRUE	TRUE	locus143	prior_sensitive_coloc	none	FALSE	TRUE	TRUE	TRUE	explicitly_downgraded	TRUE	abf_label_only_complex_downgraded	FALSE	complex_locus: multi-signal review not completed (503-sample 1KG EUR SuSiE unstable); ABF single-causal label only	ABF label only; no multi-signal/mechanism claim until complex re-review
Triglycerides_to_total_lipids_ratio_in_very_small_VLDL__locus187	Triglycerides_to_total_lipids_ratio_in_very_small_VLDL	346	0.047836615822061	0.047836615822061	0.127586717032717	0.124353520476202	""	0							346	0.047836615822061	0.00706907369574539	0.0339814859743405	0.0616917456697814	1.31455134029306e-11	8	338	0.0446274814786778	0.00740603933781351	0.0301119111084765	0.0591430518488792	1.68251335757656e-09	1	198	0.124834358931728	0.00617037053694494	0.112740654908049	0.136928062955407	5.19601820947563e-91	146	0.118129719001786	0.00662093797716627	0.105152919022667	0.131106518980905	3.34494951578078e-71	unassessable	TRUE	TRUE	TRUE	TRUE	locus187	prior_sensitive_coloc	none	FALSE	TRUE	TRUE	TRUE	explicitly_downgraded	TRUE	abf_label_only_complex_downgraded	FALSE	complex_locus: multi-signal review not completed (503-sample 1KG EUR SuSiE unstable); ABF single-causal label only	ABF label only; no multi-signal/mechanism claim until complex re-review
Triglycerides_to_total_lipids_ratio_in_very_small_VLDL__locus288	Triglycerides_to_total_lipids_ratio_in_very_small_VLDL	346	0.047836615822061	0.047836615822061	0.127586717032717	0.124353520476202	FADS	3	0.174521102839659	0.0308277172911831	0.114099887223358	0.23494231845596	1.50340002551812e-08	0.0525826274696084	343	0.0408054979851215	0.00726259518264236	0.0265710729928483	0.0550399229773946	1.92529264198582e-08	8	338	0.0446274814786778	0.00740603933781351	0.0301119111084765	0.0591430518488792	1.68251335757656e-09	1	197	0.101494168521914	0.00618493315492186	0.0893719222914794	0.113616414752348	1.62458165808176e-60	147	0.118976790377161	0.00660373257329289	0.106033712369973	0.131919868384349	1.44353597257702e-72	consistent	TRUE	TRUE	TRUE	TRUE	locus288	prior_sensitive_coloc	none	FALSE	TRUE	TRUE	TRUE	explicitly_downgraded	TRUE	abf_label_only_complex_downgraded	FALSE	complex_locus: multi-signal review not completed (503-sample 1KG EUR SuSiE unstable); ABF single-causal label only; also overlaps predefined hotspot(s): FADS	ABF label only; no multi-signal/mechanism claim until complex re-review
Triglycerides_to_total_lipids_ratio_in_very_small_VLDL__locus298	Triglycerides_to_total_lipids_ratio_in_very_small_VLDL	346	0.047836615822061	0.047836615822061	0.127586717032717	0.124353520476202	""	0							346	0.047836615822061	0.00706907369574539	0.0339814859743405	0.0616917456697814	1.31455134029306e-11	8	338	0.0446274814786778	0.00740603933781351	0.0301119111084765	0.0591430518488792	1.68251335757656e-09	1	197	0.124234702825928	0.0061817915079562	0.112118614110398	0.136350791541457	7.85862486902845e-90	146	0.118250280865827	0.00662021582241753	0.105274896284006	0.131225665447647	2.33142787175277e-71	unassessable	TRUE	TRUE	TRUE	TRUE	locus298	prior_sensitive_coloc	none	FALSE	TRUE	TRUE	TRUE	explicitly_downgraded	TRUE	abf_label_only_complex_downgraded	FALSE	complex_locus: multi-signal review not completed (503-sample 1KG EUR SuSiE unstable); ABF single-causal label only	ABF label only; no multi-signal/mechanism claim until complex re-review
Triglycerides_to_total_lipids_ratio_in_very_small_VLDL__locus332	Triglycerides_to_total_lipids_ratio_in_very_small_VLDL	346	0.047836615822061	0.047836615822061	0.127586717032717	0.124353520476202	""	2	0.828474979017775	0.213459315163453	0.410102409132822	1.24684754890273	0.000103948954248104	0.00109671755440367	344	0.0469795360510729	0.00707295327574756	0.0331168023662731	0.0608422697358727	3.09164002746979e-11	8	338	0.0446274814786778	0.00740603933781351	0.0301119111084765	0.0591430518488792	1.68251335757656e-09	0	198	0.124834358931728	0.00617037053694494	0.112740654908049	0.136928062955407	5.19601820947563e-91	147	0.118976790377161	0.00660373257329289	0.106033712369973	0.131919868384349	1.44353597257702e-72	consistent	TRUE	TRUE	TRUE	TRUE	locus332	prior_sensitive_coloc	none	FALSE	TRUE	TRUE	TRUE	explicitly_downgraded	TRUE	abf_label_only_complex_downgraded	FALSE	complex_locus: multi-signal review not completed (503-sample 1KG EUR SuSiE unstable); ABF single-causal label only	ABF label only; no multi-signal/mechanism claim until complex re-review
