trait_id	trait_display	n_iv	presso_global_p	presso_outlier_n	presso_distortion_p	presso_raw_b	presso_raw_se	presso_raw_df	presso_raw_ci_lo	presso_raw_ci_hi	presso_raw_p	presso_corrected_b	presso_corrected_se	presso_corrected_df	presso_corrected_ci_lo	presso_corrected_ci_hi	presso_corrected_p	presso_nb	presso_seed	presso_se_status	presso_global_p_display	presso_global_rssobs	presso_global_exceedance_n	presso_distortion_p_display	presso_distortion_coefficient	presso_raw_t_stat	presso_corrected_t_stat	presso_regression_p_sidedness	presso_empirical_test_df
Cholesterol_in_very_large_HDL	Cholesterol in very large high-density lipoprotein	396	1e-04	16	0.0915	-0.0477931140657634	0.0124265722698273	395	-0.0722236043650522	-0.0233626237664746	0.000139900816615675	-0.0350829175853895	0.0112762828199611	379	-0.0572548294313574	-0.0129110057394216	0.00200437193505258	10000	20260815	SE retained directly from Main MR results$Sd in the saved 10,000-run object; 95% CI uses the two-sided t critical value with recorded residual df; not reconstructed from P values	<1e-04	1203.90862253938	0	0.0915	-36.22901786728	-3.84604161372875	-3.11121298973508	two-sided	not_applicable
Cholesterol_to_total_lipids_ratio_in_large_HDL	Cholesterol/total lipids ratio in large high-density lipoprotein	387	1e-04	19	0.0796	-0.0491492334227874	0.0126640158097643	386	-0.0740483190334606	-0.0242501478121143	0.000122308089551788	-0.0358921268907291	0.0106339610106367	367	-0.05680326831522	-0.0149809854662383	0.000816325317520449	10000	20260815	SE retained directly from Main MR results$Sd in the saved 10,000-run object; 95% CI uses the two-sided t critical value with recorded residual df; not reconstructed from P values	<1e-04	1200.24868196014	0	0.0796	-36.9359736535496	-3.88101485035199	-3.37523589326947	two-sided	not_applicable
Cholesterol_to_total_lipids_ratio_in_medium_VLDL	Cholesterol/total lipids ratio in medium very-low-density lipoprotein	327	1e-04	15	0.1301	-0.0535602498953808	0.0140919748151586	326	-0.081282934273745	-0.0258375655170166	0.000172122433278652	-0.0422427906735614	0.0116406561895309	311	-0.0651471917976404	-0.0193383895494825	0.000332628391239413	10000	20260815	SE retained directly from Main MR results$Sd in the saved 10,000-run object; 95% CI uses the two-sided t critical value with recorded residual df; not reconstructed from P values	<1e-04	1168.89117171475	0	0.1301	-26.791457290966	-3.80076253313812	-3.62890115348935	two-sided	not_applicable
Cholesterol_to_total_lipids_ratio_in_very_large_VLDL	Cholesterol/total lipids ratio in very large very-low-density lipoprotein	283	1e-04	10	0.0888	-0.0589455503259917	0.0148397410451514	282	-0.0881562731996206	-0.0297348274523627	9.04987640313508e-05	-0.0433749963577811	0.012555122552802	272	-0.06809256553408	-0.0186574271814823	0.000638728327931127	10000	20260815	SE retained directly from Main MR results$Sd in the saved 10,000-run object; 95% CI uses the two-sided t critical value with recorded residual df; not reconstructed from P values	<1e-04	949.722941814935	0	0.0888	-35.8975337767776	-3.97214143741754	-3.45476487189692	two-sided	not_applicable
Cholesteryl_esters_to_total_lipids_ratio_in_medium_VLDL	Cholesteryl esters/total lipids ratio in medium very-low-density lipoprotein	341	1e-04	19	0.2907	-0.05260775071286	0.0140272569704827	340	-0.0801988845170645	-0.0250166169086555	0.000207477621329263	-0.0439890999324834	0.011298106596908	321	-0.0662167881751015	-0.0217614116898652	0.000120218372876203	10000	20260815	SE retained directly from Main MR results$Sd in the saved 10,000-run object; 95% CI uses the two-sided t critical value with recorded residual df; not reconstructed from P values	<1e-04	1213.86000716586	0	0.2907	-19.5926963579727	-3.75039473673018	-3.89349308710914	two-sided	not_applicable
Cholesteryl_esters_to_total_lipids_ratio_in_very_small_VLDL	Cholesteryl esters/total lipids ratio in very small very-low-density lipoprotein	353	1e-04	14	0.1338	-0.048637601572428	0.0117953460937148	352	-0.0718358181253413	-0.0254393850195147	4.66026445830447e-05	-0.0372713780057827	0.0102918347148385	338	-0.0575154921300489	-0.0170272638815165	0.000337856951932684	10000	20260815	SE retained directly from Main MR results$Sd in the saved 10,000-run object; 95% CI uses the two-sided t critical value with recorded residual df; not reconstructed from P values	<1e-04	998.710525696014	0	0.1338	-30.4958500994565	-4.12345692835114	-3.62145128040639	two-sided	not_applicable
Free_cholesterol_in_very_large_HDL	Free cholesterol in very large high-density lipoprotein	338	1e-04	11	0.036	-0.0470498534908875	0.0123798026261079	337	-0.0714012754150636	-0.0226984315667113	0.000171311107536463	-0.0304911536137704	0.0112382999909403	326	-0.0525998961913595	-0.00838241103618138	0.0070188053481564	10000	20260815	SE retained directly from Main MR results$Sd in the saved 10,000-run object; 95% CI uses the two-sided t critical value with recorded residual df; not reconstructed from P values	<1e-04	944.146110048618	0	0.036	-54.3065706429646	-3.80053341009359	-2.71314644015116	two-sided	not_applicable
Free_cholesterol_to_total_lipids_ratio_in_medium_VLDL	Free cholesterol/total lipids ratio in medium very-low-density lipoprotein	304	1e-04	11	0.0499	-0.0478179754175081	0.0127856661106434	303	-0.0729779172958444	-0.0226580335391718	0.000220047722009776	-0.03325488710891	0.0110593674255319	292	-0.0550210648870841	-0.011488709330736	0.00286839214398794	10000	20260815	SE retained directly from Main MR results$Sd in the saved 10,000-run object; 95% CI uses the two-sided t critical value with recorded residual df; not reconstructed from P values	<1e-04	975.767660577506	0	0.0499	-43.7923252029208	-3.7399674763681	-3.00694296783532	two-sided	not_applicable
GlycA	Glycoprotein acetyls	328	1e-04	15	0.7409	0.0716994638484489	0.0146183120628588	327	0.0429416609868224	0.100457266710075	1.47696467579085e-06	0.0676021943732606	0.0128310590461272	312	0.042355847536325	0.0928485412101962	2.56791050005353e-07	10000	20260815	SE retained directly from Main MR results$Sd in the saved 10,000-run object; 95% CI uses the two-sided t critical value with recorded residual df; not reconstructed from P values	<1e-04	949.55088831688	0	0.7409	6.06085277730114	4.90477036884565	5.26863715070073	two-sided	not_applicable
Monounsaturated_fatty_acids	Monounsaturated fatty acids	289	1e-04	7	0.0868	0.0507793919851397	0.0136088610489744	288	0.0239939529957121	0.0775648309745673	0.000229414909888703	0.037173506870119	0.0120804189385796	281	0.0133939017444293	0.0609531119958086	0.00229601780248977	10000	20260815	SE retained directly from Main MR results$Sd in the saved 10,000-run object; 95% CI uses the two-sided t critical value with recorded residual df; not reconstructed from P values	<1e-04	857.966099172024	0	0.0868	36.601026539031	3.73134767137376	3.07717034145257	two-sided	not_applicable
Ratio_of_monounsaturated_fatty_acids_to_total_fatty_acids	Monounsaturated fatty acids/total fatty acids ratio	343	1e-04	15	0.6525	0.0776811335692692	0.0145740946469684	342	0.0490149876225825	0.106347279515956	1.78616640252547e-07	0.0730113381309216	0.0126412348765074	327	0.0481429306880571	0.0978797455737862	1.7844255028142e-08	10000	20260815	SE retained directly from Main MR results$Sd in the saved 10,000-run object; 95% CI uses the two-sided t critical value with recorded residual df; not reconstructed from P values	<1e-04	1288.1282401469	0	0.6525	6.39598664795567	5.33008296233535	5.7756492023265	two-sided	not_applicable
Ratio_of_polyunsaturated_fatty_acids_to_monounsaturated_fatty_acids	Polyunsaturated fatty acids/monounsaturated fatty acids ratio	323	1e-04	14	0.8124	-0.0716875617325465	0.0142309648703086	322	-0.0996849726475735	-0.0436901508175195	7.87653135405939e-07	-0.0687329711798325	0.0125855682880062	308	-0.0934975436159717	-0.0439683987436932	9.75337690657519e-08	10000	20260815	SE retained directly from Main MR results$Sd in the saved 10,000-run object; 95% CI uses the two-sided t critical value with recorded residual df; not reconstructed from P values	<1e-04	1113.22728464889	0	0.8124	-4.29865099965445	-5.03743508510202	-5.4612528895762	two-sided	not_applicable
Ratio_of_polyunsaturated_fatty_acids_to_total_fatty_acids	Polyunsaturated fatty acids/total fatty acids ratio	267	1e-04	12	0.7552	-0.0715263987636331	0.0164416144412033	266	-0.103898660481845	-0.0391541370454215	1.93900940644854e-05	-0.0667874353509876	0.0141316798416608	254	-0.0946176242863272	-0.038957246415648	3.79445028904517e-06	10000	20260815	SE retained directly from Main MR results$Sd in the saved 10,000-run object; 95% CI uses the two-sided t critical value with recorded residual df; not reconstructed from P values	<1e-04	913.992604881243	0	0.7552	-7.09559124068903	-4.35032697180791	-4.72607900117405	two-sided	not_applicable
Triglycerides_to_total_lipids_ratio_in_very_large_HDL	Triglycerides/total lipids ratio in very large high-density lipoprotein	368	1e-04	12	0.2544	0.0525548460222472	0.0128530627663713	367	0.0272799542884327	0.0778297377560618	5.32918870719658e-05	0.043643942447058	0.0112545451220898	355	0.0215099786587136	0.0657779062354024	0.000125538172589316	10000	20260815	SE retained directly from Main MR results$Sd in the saved 10,000-run object; 95% CI uses the two-sided t critical value with recorded residual df; not reconstructed from P values	<1e-04	1165.94448227671	0	0.2544	20.4172745988715	4.08889670715307	3.87789483924998	two-sided	not_applicable
Triglycerides_to_total_lipids_ratio_in_very_small_VLDL	Triglycerides/total lipids ratio in very small very-low-density lipoprotein	346	1e-04	13	0.1688	0.047836615822061	0.0122481343300168	345	0.0237462024572225	0.0719270291868994	0.00011307686071848	0.0375063833127779	0.0106247279912724	332	0.0166061084130417	0.0584066582125141	0.000474044761202265	10000	20260815	SE retained directly from Main MR results$Sd in the saved 10,000-run object; 95% CI uses the two-sided t critical value with recorded residual df; not reconstructed from P values	<1e-04	1042.37387924249	0	0.1688	27.542598344223	3.90562468806589	3.53010292061944	two-sided	not_applicable
