trait	n_iv	ivw_b	ivw_se	ivw_p	p_fdr_bh	p_bonf	screen_level
Acetate	198	-0.0337492940727043	0.0088452317405902	0.0001358880191306	0.000289197579175379	0.0338361167635194	bonferroni_hit
Acetoacetate	198	0.0386917182752532	0.0094696037952336	4.39090008102251e-05	0.000107189619624961	0.0109333412017461	bonferroni_hit
Acetone	198	-0.002359565482441	0.0083028903327774	0.77626781694835	0.795434923539667	1	null
Alanine	198	0.0074294306354567	0.0111088064667796	0.50363105707905	0.557351703167482	1	null
Albumin	198	-0.0164848913801719	0.0114569044837204	0.150189950325197	0.189833998126772	1	null
ApoA1	198	-0.0389752944775664	0.0176282436559735	0.0270387922287802	0.0400753527676564	1	fdr_only
ApoB	198	0.0188136928290147	0.0136752423535159	0.168899540764686	0.210279928252034	1	null
ApoB_by_ApoA1	198	0.0372215536718126	0.0117769610963061	0.0015747711632425	0.00284143492498103	0.392118019647383	fdr_only
Average_diameter_for_LDL_particles	198	-0.0460134679470715	0.011276644517604	4.4954020020784e-05	0.000108675252283255	0.0111935509851752	bonferroni_hit
Average_diameter_for_VLDL_particles	198	0.103960311329701	0.0219172737958813	2.10259479003459e-06	6.23269169903111e-06	0.000523546102718613	bonferroni_hit
bOHbutyrate	198	0.0258909246714834	0.0101287209946052	0.010582563754126	0.0167838113043145	1	fdr_only
Cholesterol_in_chylomicrons_and_extremely_large_VLDL	198	0.115898181121491	0.0216449394459858	8.57855868052029e-08	3.88374747536282e-07	2.13606111144955e-05	bonferroni_hit
Cholesterol_in_IDL	198	-0.0419773511735573	0.022343375686748	0.0602802628431958	0.0820206855079549	1	null
Cholesterol_in_large_HDL	198	-0.0994968909053363	0.0236263257584683	2.53936444554762e-05	6.32301746941357e-05	0.00632301746941357	bonferroni_hit
Cholesterol_in_large_LDL	198	-0.0157564469630281	0.0181468453849358	0.385243961994818	0.440026360260136	1	null
Cholesterol_in_large_VLDL	198	0.0916212079992674	0.0149171872380014	8.14942249223613e-10	1.06800326345621e-08	2.0292062005668e-07	bonferroni_hit
Cholesterol_in_medium_HDL	198	-0.0534575267218175	0.0177776540528912	0.0026383385636968	0.00462638241098946	0.656946302360503	fdr_only
Cholesterol_in_medium_LDL	198	0.0244694194236537	0.0126160544448801	0.0524348745983291	0.0721341645026737	1	null
Cholesterol_in_medium_VLDL	198	0.000350098679026	0.014490263526948	0.980724218353385	0.984678751491907	1	null
Cholesterol_in_small_HDL	198	0.0232557380550205	0.0141067517429323	0.0992390967418284	0.128700703587059	1	null
Cholesterol_in_small_LDL	198	0.0193619100618011	0.0125989098587065	0.124344132920578	0.158777892806277	1	null
Cholesterol_in_small_VLDL	198	0.0490532991875474	0.0114252733332761	1.75955457288853e-05	4.51679472834272e-05	0.00438129088649244	bonferroni_hit
Cholesterol_in_very_large_HDL	198	-0.103410410979481	0.0270017942663763	0.00012826792242	0.000275333730022241	0.03193871268258	bonferroni_hit
Cholesterol_in_very_large_VLDL	198	0.0949014533845754	0.0158906234446009	2.34123007933344e-09	1.88053641856138e-08	5.82966289754027e-07	bonferroni_hit
Cholesterol_in_very_small_VLDL	198	-0.0098552703093051	0.0198251020209329	0.619110990759201	0.655994198719324	1	null
Cholesterol_to_total_lipids_ratio_in_chylomicrons_and_extremely_large_VLDL	198	-0.0423929076084711	0.0105811421439102	6.16359308978477e-05	0.000144786290505321	0.0153473467935641	bonferroni_hit
Cholesterol_to_total_lipids_ratio_in_IDL	198	-0.114141198736783	0.0215195780594897	1.1325316999875e-07	4.86207574649806e-07	2.82000393296888e-05	bonferroni_hit
Cholesterol_to_total_lipids_ratio_in_large_HDL	198	-0.121499307108538	0.0216476543293301	1.9932586258458e-08	1.1280031768991e-07	4.96321397835604e-06	bonferroni_hit
Cholesterol_to_total_lipids_ratio_in_large_LDL	198	-0.111717471435382	0.0225907282196375	7.60345830257447e-07	2.45878067187148e-06	0.000189326111734104	bonferroni_hit
Cholesterol_to_total_lipids_ratio_in_large_VLDL	198	-0.056792645107165	0.0158424516640052	0.0003372856741464	0.000648115541080546	0.0839841328624536	fdr_only
Cholesterol_to_total_lipids_ratio_in_medium_HDL	198	-0.118356175603759	0.021083785807826	1.98147193543197e-08	1.1280031768991e-07	4.93386511922561e-06	bonferroni_hit
Cholesterol_to_total_lipids_ratio_in_medium_LDL	198	-0.0846573670930667	0.0195059676914745	1.42433949080684e-05	3.69438055428024e-05	0.00354660533210903	bonferroni_hit
Cholesterol_to_total_lipids_ratio_in_medium_VLDL	198	-0.111341231288048	0.0242025838045083	4.21708461060676e-06	1.17983603150683e-05	0.00105005406804108	bonferroni_hit
Cholesterol_to_total_lipids_ratio_in_small_HDL	198	-0.0926692429041122	0.0170974781627487	5.95812696388261e-08	2.8308498487492e-07	1.48357361400677e-05	bonferroni_hit
Cholesterol_to_total_lipids_ratio_in_small_LDL	198	-0.0436970021672266	0.0108252567996779	5.42363128469835e-05	0.000128617541894275	0.0135048418988989	bonferroni_hit
Cholesterol_to_total_lipids_ratio_in_small_VLDL	198	-0.0851763244724116	0.0194693782458376	1.2149555069459e-05	3.21833958754818e-05	0.00302523921229529	bonferroni_hit
Cholesterol_to_total_lipids_ratio_in_very_large_HDL	198	0.0074011559115097	0.0126273426220962	0.557793926982803	0.603872555733556	1	null
Cholesterol_to_total_lipids_ratio_in_very_large_VLDL	198	-0.102602796347054	0.0202473503197581	4.03142613099513e-07	1.41383817833491e-06	0.000100382510661779	bonferroni_hit
Cholesterol_to_total_lipids_ratio_in_very_small_VLDL	198	-0.131406125394228	0.0276981416826297	2.09309495543775e-06	6.23269169903111e-06	0.000521180643904	bonferroni_hit
Cholesteryl_esters_in_chylomicrons_and_extremely_large_VLDL	198	0.114501490049282	0.0218250085830659	1.55147591454097e-07	5.99065836848978e-07	3.86317502720702e-05	bonferroni_hit
Cholesteryl_esters_in_large_HDL	198	-0.101935360635452	0.0233276643773792	1.24405973024144e-05	3.26074602979072e-05	0.00309770872830119	bonferroni_hit
Cholesteryl_esters_in_large_LDL	198	-0.0072093630375149	0.0172466214409907	0.675935447495593	0.707176161455473	1	null
Cholesteryl_esters_in_large_VLDL	198	0.0794688927258422	0.0132905299457779	2.24012932223921e-09	1.88053641856138e-08	5.57792201237563e-07	bonferroni_hit
Cholesteryl_esters_in_LDL	198	0.0097136940304946	0.0147548718903674	0.510320913935018	0.561338474468576	1	null
Cholesteryl_esters_in_medium_HDL	198	-0.0552825722430195	0.0173306435789942	0.0014233475369265	0.00258696012185911	0.354413536694699	fdr_only
Cholesteryl_esters_in_medium_LDL	198	0.0378844012756145	0.0116558840849901	0.0011530832749381	0.00211115981955579	0.287117735459587	fdr_only
Cholesteryl_esters_in_medium_VLDL	198	-0.0280884849262185	0.0169621534589133	0.0977318623510066	0.127409600656548	1	null
Cholesteryl_esters_in_small_HDL	198	0.0176483377576584	0.013906883836414	0.204428185565855	0.247100088378145	1	null
Cholesteryl_esters_in_small_LDL	198	0.0354547994156702	0.0113427632537783	0.0017734389598534	0.00313743988028908	0.441586301003497	fdr_only
Cholesteryl_esters_in_small_VLDL	198	0.0580699401243135	0.0113280011710678	2.95601368536601e-07	1.08242265831785e-06	7.36047407656137e-05	bonferroni_hit
Cholesteryl_esters_in_very_large_HDL	198	-0.103171373774506	0.0265903814984292	0.0001044452638111	0.000230149298132424	0.0260068706889639	bonferroni_hit
Cholesteryl_esters_in_very_large_VLDL	198	0.085183222617502	0.0147241994081409	7.24031636136303e-09	4.74431256310367e-08	1.80283877397939e-06	bonferroni_hit
Cholesteryl_esters_in_very_small_VLDL	198	-0.0227387168002976	0.0209280883832632	0.277250471898661	0.327181836506003	1	null
Cholesteryl_esters_in_VLDL	198	0.0423712913652827	0.0113921228012336	0.0001997361615243	0.000407658231307793	0.0497343042195507	bonferroni_hit
Cholesteryl_esters_to_total_lipids_ratio_in_chylomicrons_and_extremely_large_VLDL	198	-0.0284624424416836	0.0100259585329788	0.0045272896419558	0.00772119945785612	1	fdr_only
Cholesteryl_esters_to_total_lipids_ratio_in_large_HDL	198	-0.117786208840428	0.018543371983871	2.12629485285318e-10	3.78176727400316e-09	5.29447418360442e-08	bonferroni_hit
Cholesteryl_esters_to_total_lipids_ratio_in_large_LDL	198	-0.0056400171087054	0.010740900568473	0.599515603401097	0.640951652167312	1	null
Cholesteryl_esters_to_total_lipids_ratio_in_large_VLDL	198	-0.082919577472742	0.0195816310060893	2.2900036299074e-05	5.75970609946407e-05	0.00570210903846943	bonferroni_hit
Cholesteryl_esters_to_total_lipids_ratio_in_medium_HDL	198	-0.111334532160941	0.0176502998744638	2.83032659014509e-10	4.44049367367671e-09	7.04751320946128e-08	bonferroni_hit
Cholesteryl_esters_to_total_lipids_ratio_in_medium_LDL	198	0.0629629011917613	0.0120189477696175	1.61767107582999e-07	6.10303178608587e-07	4.02800097881668e-05	bonferroni_hit
Cholesteryl_esters_to_total_lipids_ratio_in_medium_VLDL	198	-0.114551120713923	0.023294313552709	8.76308290241234e-07	2.76203499076035e-06	0.000218200764270067	bonferroni_hit
Cholesteryl_esters_to_total_lipids_ratio_in_small_HDL	198	-0.0748728725427699	0.0130689340548653	1.00981148731243e-08	6.44725795745628e-08	2.51443060340795e-06	bonferroni_hit
Cholesteryl_esters_to_total_lipids_ratio_in_small_LDL	198	0.0748598133405669	0.0209772106730753	0.0003588586593838	0.000676937925655805	0.0893558061865662	fdr_only
Cholesteryl_esters_to_total_lipids_ratio_in_small_VLDL	198	-0.0557319086372358	0.0149203897201932	0.0001875026795807	0.000389068060129952	0.0466881672155943	bonferroni_hit
Cholesteryl_esters_to_total_lipids_ratio_in_very_large_HDL	198	-0.0535061826115024	0.0125449771331954	1.99769843137158e-05	5.07578478991351e-05	0.00497426909411523	bonferroni_hit
Cholesteryl_esters_to_total_lipids_ratio_in_very_large_VLDL	198	-0.1043818848631	0.0198055517854539	1.36175287891495e-07	5.46897527177133e-07	3.39076466849823e-05	bonferroni_hit
Cholesteryl_esters_to_total_lipids_ratio_in_very_small_VLDL	198	-0.131462057447571	0.0265711642430662	7.51549457450748e-07	2.45878067187148e-06	0.000187135814905236	bonferroni_hit
Cholines	198	0.0033406168401223	0.015895215614712	0.833538951889893	0.850619668117145	1	null
Citrate	198	-0.0364333403528594	0.0140852779817205	0.0096920845194049	0.01567096782683	1	fdr_only
Clinical_LDL_C	198	-0.0138118141422066	0.0172375882191759	0.422980329682604	0.472296421932594	1	null
Concentration_of_chylomicrons_and_extremely_large_VLDL_particles	198	0.112404092923124	0.0206551339142975	5.27020893148541e-08	2.62456404787973e-07	1.31228202393987e-05	bonferroni_hit
Concentration_of_IDL_particles	198	-0.0100763518694536	0.0160993497129414	0.531389951171535	0.580265767976484	1	null
Concentration_of_large_HDL_particles	198	-0.0897710504783631	0.0230307384156817	9.70385509434679e-05	0.000217552556525633	0.0241625991849235	bonferroni_hit
Concentration_of_large_LDL_particles	198	0.0092757453807142	0.0141371151879173	0.511742304033601	0.561338474468576	1	null
Concentration_of_large_VLDL_particles	198	0.102839223995356	0.0169658688128318	1.34827730219968e-09	1.41106546292673e-08	3.3572104824772e-07	bonferroni_hit
Concentration_of_LDL_particles	198	0.0164266421545471	0.013747369616527	0.232128655362198	0.276555192273623	1	null
Concentration_of_medium_HDL_particles	198	-0.0377041792013388	0.0168344636604609	0.0251102861753995	0.0376654292630993	1	fdr_only
Concentration_of_medium_LDL_particles	198	0.0241860011836609	0.0130325951976373	0.0634808559748551	0.0859061583572768	1	null
Concentration_of_medium_VLDL_particles	198	0.0538349600524243	0.0112652232391353	1.76289139125686e-06	5.35317020027998e-06	0.000438959956422958	bonferroni_hit
Concentration_of_small_HDL_particles	198	0.037279613484598	0.0142597255773701	0.0089402912323105	0.0147425994493067	1	fdr_only
Concentration_of_small_LDL_particles	198	0.0288243837192714	0.012375815040322	0.0198543126048389	0.0310926027585213	1	fdr_only
Concentration_of_small_VLDL_particles	198	0.0851410445515164	0.0129640643122348	5.11788791682739e-11	1.59294261411253e-09	1.27435409129002e-08	bonferroni_hit
Concentration_of_very_large_HDL_particles	198	-0.0846333465215333	0.0243647197535999	0.0005135215673343	0.000954230375121199	0.127866870266241	fdr_only
Concentration_of_very_large_VLDL_particles	198	0.110433021990628	0.0186808550885774	3.3887988238157e-09	2.48179678567679e-08	8.43810907130109e-07	bonferroni_hit
Concentration_of_very_small_VLDL_particles	198	0.0302239902194509	0.0151265966221352	0.0457091339350111	0.0650135091408408	1	nominal
Concentration_of_VLDL_particles	198	0.0716912245039379	0.0118299691302842	1.36006309679685e-09	1.41106546292673e-08	3.38655711102416e-07	bonferroni_hit
Creatinine	198	0.0221985782827789	0.0112197193977529	0.0478686778626389	0.0665882725575256	1	nominal
Degree_of_unsaturation	198	-0.17745004424358	0.0820926409955683	0.0306503451604326	0.0446312043564194	1	fdr_only
DHA	198	-0.100536771414163	0.0694727568444316	0.147857853704004	0.187839824348454	1	null
DHA_pct	198	-0.148107139042909	0.0669065784085977	0.0268534908154702	0.0400390372039047	1	fdr_only
Free_cholesterol_in_chylomicrons_and_extremely_large_VLDL	198	0.11404457836902	0.0210490365747347	6.02550369412481e-08	2.8308498487492e-07	1.50035041983708e-05	bonferroni_hit
Free_cholesterol_in_IDL	198	-0.0498069209693056	0.0250667977333878	0.046925960737642	0.0656436192341172	1	nominal
Free_cholesterol_in_large_HDL	198	-0.0900577237421672	0.0244146995015802	0.0002254310444786	0.000452680081251382	0.0561323300751714	fdr_only
Free_cholesterol_in_large_LDL	198	-0.0388236527210793	0.0205037750671772	0.0582929981703034	0.0797525084857448	1	null
Free_cholesterol_in_large_VLDL	198	0.101224974302936	0.0165849960496996	1.0383125600759e-09	1.2926991372945e-08	2.58539827458899e-07	bonferroni_hit
Free_cholesterol_in_LDL	198	-0.0319686794527628	0.0194696647493184	0.100595433490286	0.129783745798348	1	null
Free_cholesterol_in_medium_HDL	198	-0.0443989294212806	0.0193769956041288	0.0219448176948632	0.0335230650676131	1	fdr_only
Free_cholesterol_in_medium_LDL	198	-0.0162922639764641	0.0169920970299979	0.337652352660661	0.389238128761595	1	null
Free_cholesterol_in_medium_VLDL	198	0.0343279550452717	0.0121062808709377	0.0045746968096518	0.00774897622859387	1	fdr_only
Free_cholesterol_in_small_HDL	198	0.0343340193471551	0.0149390649746778	0.021546371636125	0.0331175712184884	1	fdr_only
Free_cholesterol_in_small_LDL	198	-0.0255558412281536	0.018436180755478	0.165692341229927	0.208370671546726	1	null
Free_cholesterol_in_small_VLDL	198	0.0324868920406726	0.0124714518027077	0.0091900922472983	0.0150548221682716	1	fdr_only
Free_cholesterol_in_very_large_HDL	198	-0.0992102788995414	0.0276939251701392	0.0003404726069588	0.000648115541080546	0.0847776791327412	fdr_only
Free_cholesterol_in_very_large_VLDL	198	0.102406089689228	0.0168848391740252	1.31976016356642e-09	1.41106546292673e-08	3.28620280728039e-07	bonferroni_hit
Free_cholesterol_in_very_small_VLDL	198	0.0205143474889963	0.016901090830067	0.224828548548179	0.270445935210128	1	null
Free_cholesterol_in_VLDL	198	0.0747317088567225	0.012057722249031	5.72470383875879e-10	7.91917364361633e-09	1.42545125585094e-07	bonferroni_hit
Free_cholesterol_to_total_lipids_ratio_in_chylomicrons_and_extremely_large_VLDL	198	-0.0567069418362497	0.0116151695470514	1.04938048717161e-06	3.25803792715404e-06	0.000261295741305731	bonferroni_hit
Free_cholesterol_to_total_lipids_ratio_in_IDL	198	-0.112012589083215	0.0272722265962221	4.00478079579804e-05	9.87317245696744e-05	0.00997190418153712	bonferroni_hit
Free_cholesterol_to_total_lipids_ratio_in_large_HDL	198	-0.0737949428842703	0.0290616138183648	0.0111087786685446	0.0175068727118203	1	fdr_only
Free_cholesterol_to_total_lipids_ratio_in_large_LDL	198	-0.130081678248865	0.0235435552661029	3.29203921088266e-08	1.70774534064538e-07	8.19717763509782e-06	bonferroni_hit
Free_cholesterol_to_total_lipids_ratio_in_large_VLDL	198	0.0299301950705055	0.0104457938375058	0.0041663173184125	0.00720425702975495	1	fdr_only
Free_cholesterol_to_total_lipids_ratio_in_medium_HDL	198	-0.0843250339636787	0.0294575690933806	0.0042018979741784	0.00721567307289946	1	fdr_only
Free_cholesterol_to_total_lipids_ratio_in_medium_LDL	198	-0.130448201093316	0.0240691164300657	5.96878827411354e-08	2.8308498487492e-07	1.48622828025427e-05	bonferroni_hit
Free_cholesterol_to_total_lipids_ratio_in_medium_VLDL	198	-0.0973846579975052	0.026140349128658	0.0001949643077346	0.000401207542362937	0.0485461126259154	bonferroni_hit
Free_cholesterol_to_total_lipids_ratio_in_small_HDL	198	-0.0595945479648785	0.026353378423636	0.0237368042358077	0.035820995483128	1	fdr_only
Free_cholesterol_to_total_lipids_ratio_in_small_LDL	198	-0.122802166391117	0.024935363277156	8.44382063572823e-07	2.69552735679017e-06	0.000210251133829633	bonferroni_hit
Free_cholesterol_to_total_lipids_ratio_in_small_VLDL	198	-0.111886175534971	0.0243037058298824	4.15115455080379e-06	1.17458804903425e-05	0.00103363748315014	bonferroni_hit
Free_cholesterol_to_total_lipids_ratio_in_very_large_HDL	198	0.0670454844910197	0.0185832516682591	0.0003087512962764	0.000605347029707273	0.0768790727728236	fdr_only
Free_cholesterol_to_total_lipids_ratio_in_very_large_VLDL	198	-0.0773483495621027	0.0196438876486845	8.23254692642466e-05	0.000189805943025902	0.0204990418467974	bonferroni_hit
Free_cholesterol_to_total_lipids_ratio_in_very_small_VLDL	198	-0.0844584041058897	0.028293283839243	0.0028348161814007	0.00493614845572569	0.705869229168774	fdr_only
Gln	198	-0.0051632398653384	0.0131152170377485	0.693814988302089	0.716846191233279	1	null
Glucose	198	0.0196409762595582	0.0093067956438707	0.0348247049717913	0.0501234192946592	1	nominal
Gly	198	7.95065829748924e-05	0.0125346897847833	0.99493911291339	0.99493911291339	1	null
GlycA	198	0.108337074238701	0.0152320091086904	1.13991564000717e-12	4.05484277659693e-11	2.83838994361785e-10	bonferroni_hit
HDL_C	198	-0.0783271554359977	0.0215082160464084	0.0002708100747772	0.000535172290631133	0.0674317086195228	fdr_only
HDL_CE	198	-0.081845934774462	0.0209326030522217	9.2306036225687e-05	0.000208947300183601	0.0229842030201961	bonferroni_hit
HDL_FC	198	-0.0631760211270497	0.0229103403970765	0.0058239323307038	0.00979837263746788	1	fdr_only
HDL_L	198	-0.0519440058184818	0.0194080463506577	0.0074414216297554	0.012352759905394	1	fdr_only
HDL_P	198	-0.0296648913244657	0.0172338674192344	0.0851939228721725	0.112836631889207	1	null
HDL_PL	198	-0.0407782094430233	0.0185792493086046	0.0281761202978475	0.0415139287228641	1	fdr_only
HDL_size	198	-0.0883305163473682	0.0217206473034409	4.76914740473115e-05	0.000114184394594044	0.0118751770377806	bonferroni_hit
HDL_TG	198	0.101129554655413	0.0170297575166943	2.87812729607017e-09	2.17167786885295e-08	7.16653696721472e-07	bonferroni_hit
His	198	0.0054173757162974	0.0094270273677263	0.565518382480903	0.609584749946947	1	null
IDL_CE	198	-0.0389796465204427	0.0212626644264863	0.0667663313794656	0.0898638730458753	1	null
IDL_CE_pct	198	-0.082804533548337	0.0131883966806638	3.41657563800373e-10	5.00427843448782e-09	8.50727333862929e-08	bonferroni_hit
Isoleucine	198	0.0191799495796077	0.0096254520802418	0.046302148385626	0.0651369206102874	1	nominal
Lactate	198	0.0209910416939609	0.0099434235246304	0.0347682092281022	0.0501234192946592	1	nominal
LDL_cholesterol	198	-0.0014036152505642	0.0159626362932901	0.929931284629566	0.937461092602275	1	null
Leucine	198	0.0170446485418417	0.0099690960364902	0.0873123612839435	0.115030571215354	1	null
Linoleic_acid	198	0.0385849875802532	0.0230751161288935	0.094495326873266	0.123838612586543	1	null
Monounsaturated_fatty_acids	198	0.120277848760923	0.0198700740001859	1.4198232915156e-09	1.41414399834954e-08	3.53535999587384e-07	bonferroni_hit
Omega3_fatty_acids	198	-0.0641988223974452	0.0770506205666089	0.404730147102825	0.458080939220925	1	null
Omega6_fatty_acids	198	0.0245484505656995	0.0124921887935286	0.0494021980591678	0.0683397073151821	1	nominal
Phenylalanine	198	0.0247256747698619	0.0112922020506926	0.0285515288881643	0.0418195923126642	1	fdr_only
Phosphatidylcholines	198	0.01140006128999	0.0138244810954974	0.409582528430663	0.461475337462602	1	null
Phosphoglycerides	198	0.0141936226269005	0.0166276719407329	0.393318596474556	0.447197856265591	1	null
Phospholipids_in_chylomicrons_and_extremely_large_VLDL	198	0.116329628496409	0.0218996088924777	1.08458336442822e-07	4.73791680250222e-07	2.70061257742627e-05	bonferroni_hit
Phospholipids_in_IDL	198	-0.0257065744350299	0.0213003301551098	0.22748501595168	0.272325812365232	1	null
Phospholipids_in_large_HDL	198	-0.0821717106767489	0.0229401890998966	0.0003409764493235	0.000648115541080546	0.0849031358815515	fdr_only
Phospholipids_in_large_LDL	198	-0.0117690830816074	0.0175705575238632	0.502973549721573	0.557351703167482	1	null
Phospholipids_in_large_VLDL	198	0.107580602533022	0.0180721443552481	2.63527235404038e-09	2.05057130048767e-08	6.56182816156055e-07	bonferroni_hit
Phospholipids_in_LDL	198	0.0031889371188368	0.0155597703340065	0.837613088529812	0.851288404260911	1	null
Phospholipids_in_medium_HDL	198	-0.0126397700994851	0.0154882742301166	0.414450716548554	0.464856884777432	1	null
Phospholipids_in_medium_LDL	198	0.0279280710079189	0.0123484014231838	0.0237174893319111	0.035820995483128	1	fdr_only
Phospholipids_in_medium_VLDL	198	0.0509145941340137	0.011268541414725	6.23395948381641e-06	1.72472879052254e-05	0.00155225591147029	bonferroni_hit
Phospholipids_in_small_HDL	198	0.0588537797392864	0.0155778606759122	0.0001580675359599	0.000333549291983179	0.0393588164540151	bonferroni_hit
Phospholipids_in_small_LDL	198	0.0097119365100682	0.0156032177089946	0.533658075769537	0.580265767976484	1	null
Phospholipids_in_small_VLDL	198	0.0567451486731832	0.0116276545398196	1.05984366305011e-06	3.25803792715404e-06	0.000263901072099477	bonferroni_hit
Phospholipids_in_very_large_HDL	198	-0.0921463123702474	0.0244797474725552	0.0001670927642014	0.000349631078034862	0.0416060982861486	bonferroni_hit
Phospholipids_in_very_large_VLDL	198	0.106242978663188	0.0177389695700659	2.10821487492405e-09	1.88053641856138e-08	5.24945503856089e-07	bonferroni_hit
Phospholipids_in_very_small_VLDL	198	0.0433388574660306	0.0138673856286944	0.0017766225828143	0.00313743988028908	0.442379023120761	fdr_only
Phospholipids_in_VLDL	198	0.0865417414333864	0.0133082017651836	7.87926228553561e-11	1.77322867095641e-09	1.96193630909837e-08	bonferroni_hit
Phospholipids_to_total_lipids_ratio_in_chylomicrons_and_extremely_large_VLDL	198	0.0570283347358104	0.0145463930757439	8.83855885246617e-05	0.000201908362776521	0.0220080115426408	bonferroni_hit
Phospholipids_to_total_lipids_ratio_in_IDL	198	0.020862708918328	0.009075685587004	0.0215192855394286	0.0331175712184884	1	fdr_only
Phospholipids_to_total_lipids_ratio_in_large_HDL	198	0.0998894990680073	0.0171260063782697	5.45635122481545e-09	3.77397626383069e-08	1.35863145497905e-06	bonferroni_hit
Phospholipids_to_total_lipids_ratio_in_large_LDL	198	-0.0309974570041807	0.0099026734493292	0.0017468080557164	0.00312917414297398	0.434955205873384	fdr_only
Phospholipids_to_total_lipids_ratio_in_large_VLDL	198	0.122396109101817	0.0231000267436508	1.16740790702861e-07	4.92685709915464e-07	2.90684568850124e-05	bonferroni_hit
Phospholipids_to_total_lipids_ratio_in_medium_HDL	198	0.110219464409184	0.0201136508940842	4.25725503224588e-08	2.16338061842699e-07	1.06005650302922e-05	bonferroni_hit
Phospholipids_to_total_lipids_ratio_in_medium_LDL	198	-0.0347670451273135	0.0094908735315798	0.0002490759892754	0.000496159370636597	0.0620199213295746	fdr_only
Phospholipids_to_total_lipids_ratio_in_medium_VLDL	198	-0.0712867138502614	0.02061168236149	0.0005430738688134	0.00100166958025583	0.135225393334537	fdr_only
Phospholipids_to_total_lipids_ratio_in_small_HDL	198	0.0066637987566945	0.0126993107704795	0.599766003835276	0.640951652167312	1	null
Phospholipids_to_total_lipids_ratio_in_small_LDL	198	-0.0764188034286077	0.0215041298511292	0.0003798806477655	0.000711205122508342	0.0945902812936095	fdr_only
Phospholipids_to_total_lipids_ratio_in_small_VLDL	198	-0.108234295298876	0.0234579158099812	3.95035244578546e-06	1.13061811379377e-05	0.000983637759000579	bonferroni_hit
Phospholipids_to_total_lipids_ratio_in_very_large_HDL	198	-0.0779046238413373	0.0199968235761851	9.78549651842204e-05	0.000217552556525633	0.0243658863308709	bonferroni_hit
Phospholipids_to_total_lipids_ratio_in_very_large_VLDL	198	0.026850037377631	0.0103973976011047	0.0098121321366274	0.0157627154969047	1	fdr_only
Phospholipids_to_total_lipids_ratio_in_very_small_VLDL	198	0.0908253523156258	0.0179342492214418	4.09791684292222e-07	1.4171962415106e-06	0.000102038129388763	bonferroni_hit
Polyunsaturated_fatty_acids	198	0.0046227237990948	0.0254773130020118	0.856018523732853	0.866457774022278	1	null
Pyruvate	198	-0.0043422200858371	0.0098837261518842	0.660422243443818	0.693861344377682	1	null
Ratio_of_linoleic_acid_to_total_fatty_acids	198	-0.0564682451969761	0.0474348282967125	0.233874093902548	0.277307854198736	1	null
Ratio_of_monounsaturated_fatty_acids_to_total_fatty_acids	198	0.175182299561598	0.0486263322224923	0.0003150233344522	0.000612818830301545	0.0784408102785978	fdr_only
Ratio_of_omega3_fatty_acids_to_total_fatty_acids	198	-0.126262082044011	0.0942378916901029	0.180302940114819	0.22225461429995	1	null
Ratio_of_omega6_fatty_acids_to_omega3_fatty_acids	198	0.0847352954628819	0.0875567195193231	0.333156231455123	0.38649106178853	1	null
Ratio_of_omega6_fatty_acids_to_total_fatty_acids	198	-0.105888566364669	0.0142567334078761	1.10864386156156e-13	5.36859641193122e-12	2.76052321528828e-11	bonferroni_hit
Ratio_of_polyunsaturated_fatty_acids_to_monounsaturated_fatty_acids	198	-0.170541031837463	0.0431699979485378	7.80035364613938e-05	0.000181522248400814	0.0194228805788871	bonferroni_hit
Ratio_of_polyunsaturated_fatty_acids_to_total_fatty_acids	198	-0.152635424553576	0.0330245613869278	3.80285485627916e-06	1.10105913862036e-05	0.000946910859213511	bonferroni_hit
Ratio_of_saturated_fatty_acids_to_total_fatty_acids	198	0.0414810553480545	0.0159566970119113	0.0093332041124519	0.01518933218301	1	fdr_only
Ratio_of_triglycerides_to_phosphoglycerides	198	0.116245185196897	0.0217950239391578	9.63028649241717e-08	4.28203810109263e-07	2.39794133661188e-05	bonferroni_hit
Remnant_cholesterol_nonHDL_nonLDL_cholesterol	198	0.0134410706518633	0.0147378086486901	0.361761960888791	0.415109346826308	1	null
Saturated_fatty_acids	198	0.0724865677196954	0.0144457372734589	5.22524791347416e-07	1.78231058966447e-06	0.000130108673045507	bonferroni_hit
Sphingomyelins	198	-0.0413559703914947	0.0313285488302972	0.186810657526758	0.22914213657223	1	null
Total_cholesterol	198	-0.0211590849268399	0.0198369753122349	0.286130477743702	0.334490558489116	1	null
Total_cholesterol_minus_HDLC	198	0.0061426040029462	0.0154676563742509	0.691274762480177	0.716846191233279	1	null
Total_concentration_of_branchedchain_amino_acids_leucine_isoleucine_valine	198	0.0194391234001065	0.0106496897874989	0.067952305760419	0.0909684093244319	1	null
Total_concentration_of_lipoprotein_particles	198	-0.0245084148176993	0.017763813651761	0.167684562321886	0.209816361900249	1	null
Total_esterified_cholesterol	198	-0.0257068668988601	0.0200202833060514	0.19912756982774	0.241867145790767	1	null
Total_fatty_acids	198	0.0709972022539572	0.0137403904968155	2.37825293038039e-07	8.83858178604056e-07	5.92184979664717e-05	bonferroni_hit
Total_free_cholesterol	198	-0.0098253849354625	0.0191691415265669	0.608257323591935	0.647248177668341	1	null
Total_lipids_in_chylomicrons_and_extremely_large_VLDL	198	0.108342220857985	0.020162761032811	7.72733032608521e-08	3.56315787258374e-07	1.92410525119522e-05	bonferroni_hit
Total_lipids_in_IDL	198	-0.0274412958475756	0.0211834683964674	0.195178520086428	0.238232605399611	1	null
Total_lipids_in_large_HDL	198	-0.0884036660444171	0.0230689246948483	0.0001270263138557	0.000275039583913646	0.0316295521500693	bonferroni_hit
Total_lipids_in_large_LDL	198	-0.0070956851284056	0.0174467469650166	0.684224419169202	0.712853055954524	1	null
Total_lipids_in_large_VLDL	198	0.0982771744601214	0.016424865410358	2.18475355036126e-09	1.88053641856138e-08	5.44003634039954e-07	bonferroni_hit
Total_lipids_in_LDL	198	0.0073682781578586	0.0152939400667004	0.629963924130516	0.664665326730926	1	null
Total_lipids_in_lipoprotein_particles	198	0.0296024395526325	0.0142685772675745	0.0380181022972587	0.0544052153564219	1	nominal
Total_lipids_in_medium_HDL	198	-0.0260641132164549	0.0161189048988475	0.10588037008008	0.135898000772886	1	null
Total_lipids_in_medium_LDL	198	0.0314894364887017	0.012311490943011	0.0105358677652276	0.0167838113043145	1	fdr_only
Total_lipids_in_medium_VLDL	198	0.0659310934852752	0.0117702530356083	2.12502589279395e-08	1.17584766067932e-07	5.29131447305694e-06	bonferroni_hit
Total_lipids_in_small_HDL	198	0.0598149943199896	0.0155426808097941	0.000118874907113	0.000259647823431026	0.029599851871137	bonferroni_hit
Total_lipids_in_small_LDL	198	0.0253598848752426	0.0127064876017904	0.0459533237300722	0.0650135091408408	1	nominal
Total_lipids_in_small_VLDL	198	0.0817753205898399	0.0125989073613829	8.54568034195862e-11	1.77322867095641e-09	2.1278744051477e-08	bonferroni_hit
Total_lipids_in_very_large_HDL	198	-0.0938705314505708	0.0253851683108082	0.0002174337499982	0.000440170762191478	0.0541410037495518	fdr_only
Total_lipids_in_very_large_VLDL	198	0.107545302068749	0.0183902175186815	4.97630754800354e-09	3.54028736986538e-08	1.23910057945288e-06	bonferroni_hit
Total_lipids_in_very_small_VLDL	198	0.03425400428363	0.0148468227369288	0.0210458692951775	0.03275263409062	1	fdr_only
Total_lipids_in_VLDL	198	0.0933777102754494	0.014512092346191	1.23899992218494e-10	2.37316138941577e-09	3.0851098062405e-08	bonferroni_hit
Total_phospholipids_in_lipoprotein_particles	198	0.006492722760338	0.0177162461439613	0.714003864983702	0.734656869342735	1	null
Total_triglycerides	198	0.111326249613429	0.0176524941091483	2.853329268226e-10	4.44049367367671e-09	7.10478987788274e-08	bonferroni_hit
Triglycerides_in_chylomicrons_and_extremely_large_VLDL	198	0.0995630030800114	0.0189828882852929	1.56382648173428e-07	5.99065836848978e-07	3.89392793951836e-05	bonferroni_hit
Triglycerides_in_IDL	198	0.100504151251848	0.0131739711525823	2.36592038941974e-14	1.96371392321838e-12	5.89114176965515e-12	bonferroni_hit
Triglycerides_in_large_HDL	198	0.0313967826136585	0.0117005517236078	0.007288666837363	0.0121803895470026	1	fdr_only
Triglycerides_in_large_LDL	198	0.102788779422502	0.0131641545054004	5.79955151551783e-15	1.44408832736394e-12	1.44408832736394e-12	bonferroni_hit
Triglycerides_in_large_VLDL	198	0.0948778333397669	0.016315923563742	6.06174970181852e-09	4.07939371825084e-08	1.50937567575281e-06	bonferroni_hit
Triglycerides_in_LDL	198	0.108487861908613	0.0141629246629681	1.85947498349001e-14	1.96371392321838e-12	4.63009270889013e-12	bonferroni_hit
Triglycerides_in_medium_HDL	198	0.102021770755887	0.0179066215473879	1.21624983283492e-08	7.38649288721695e-08	3.02846208375895e-06	bonferroni_hit
Triglycerides_in_medium_LDL	198	0.112327462939617	0.015165409932956	1.29363768962198e-13	5.36859641193122e-12	3.22115784715873e-11	bonferroni_hit
Triglycerides_in_medium_VLDL	198	0.0940490043542339	0.0154919273438908	1.27243315700295e-09	1.41106546292673e-08	3.16835856093735e-07	bonferroni_hit
Triglycerides_in_small_HDL	198	0.128604981008869	0.0215339457315228	2.340786317681e-09	1.88053641856138e-08	5.82855793102569e-07	bonferroni_hit
Triglycerides_in_small_LDL	198	0.11378942058331	0.0175303359914335	8.5268167266006e-11	1.77322867095641e-09	2.12317736492355e-08	bonferroni_hit
Triglycerides_in_small_VLDL	198	0.10758933429966	0.0164273913212334	5.777394582394e-11	1.59841250112901e-09	1.43857125101611e-08	bonferroni_hit
Triglycerides_in_very_large_HDL	198	0.0602270884848473	0.0113881575049608	1.23275107946965e-07	5.11591697979905e-07	3.06955018787943e-05	bonferroni_hit
Triglycerides_in_very_large_VLDL	198	0.11048371792014	0.0195324070839629	1.54552840613613e-08	9.1627755506642e-08	3.84836573127896e-06	bonferroni_hit
Triglycerides_in_very_small_VLDL	198	0.110718544933952	0.0149479320733567	1.29239800686502e-13	5.36859641193122e-12	3.2180710370939e-11	bonferroni_hit
Triglycerides_in_VLDL	198	0.107115762318199	0.0177863282114106	1.71886615562368e-09	1.64614489519345e-08	4.27997672750296e-07	bonferroni_hit
Triglycerides_to_total_lipids_ratio_in_chylomicrons_and_extremely_large_VLDL	198	0.0124757890137555	0.0091738471388299	0.17385210835593	0.215369029754361	1	null
Triglycerides_to_total_lipids_ratio_in_IDL	198	0.130997069509871	0.0248868868066742	1.41185892101018e-07	5.58020430684976e-07	3.51552871331535e-05	bonferroni_hit
Triglycerides_to_total_lipids_ratio_in_large_HDL	198	0.115487133383562	0.02305031641458	5.43681285054941e-07	1.82941405376595e-06	0.00013537663997868	bonferroni_hit
Triglycerides_to_total_lipids_ratio_in_large_LDL	198	0.123763185619923	0.0223324452085948	2.99283135514763e-08	1.58556384559949e-07	7.4521500743176e-06	bonferroni_hit
Triglycerides_to_total_lipids_ratio_in_large_VLDL	198	-0.0108688032892599	0.0100695387063423	0.280420814547799	0.329362183124537	1	null
Triglycerides_to_total_lipids_ratio_in_medium_HDL	198	0.116513303708922	0.0209340901214246	2.61070763966356e-08	1.41318739625267e-07	6.50066202276226e-06	bonferroni_hit
Triglycerides_to_total_lipids_ratio_in_medium_LDL	198	0.109333867007144	0.0206956166760534	1.27121473513563e-07	5.189056869652e-07	3.16532469048772e-05	bonferroni_hit
Triglycerides_to_total_lipids_ratio_in_medium_VLDL	198	0.104264784356887	0.0236959673256383	1.08197668371344e-05	2.89690531445857e-05	0.00269412194244647	bonferroni_hit
Triglycerides_to_total_lipids_ratio_in_small_HDL	198	0.122667832545775	0.0214472929929326	1.06836793994494e-08	6.65059042615725e-08	2.6602361704629e-06	bonferroni_hit
Triglycerides_to_total_lipids_ratio_in_small_LDL	198	0.122104473779668	0.024474748309565	6.06932315166164e-07	2.01501528635166e-06	0.000151126146476375	bonferroni_hit
Triglycerides_to_total_lipids_ratio_in_small_VLDL	198	0.0935940907878749	0.0209004758852298	7.53158974019686e-06	2.03844113620545e-05	0.00187536584530902	bonferroni_hit
Triglycerides_to_total_lipids_ratio_in_very_large_HDL	198	0.125725549512368	0.0247897803336345	3.94342758581022e-07	1.40273352695249e-06	9.81913468866745e-05	bonferroni_hit
Triglycerides_to_total_lipids_ratio_in_very_large_VLDL	198	0.0854064189196222	0.0189167747967263	6.33613091949762e-06	1.73373252632407e-05	0.00157769659895491	bonferroni_hit
Triglycerides_to_total_lipids_ratio_in_very_small_VLDL	198	0.127586717032717	0.0275965424557858	3.77707812990264e-06	1.10105913862036e-05	0.000940492454345757	bonferroni_hit
Tyrosine	198	0.0137069510752607	0.0141797948206475	0.333717181865598	0.38649106178853	1	null
Valine	198	0.0202528855118243	0.0112847541120589	0.0726995709447491	0.0968031720066445	1	null
VLDL_cholesterol	198	0.0575563471261385	0.0113283749029492	3.75998922975325e-07	1.35686567856313e-06	9.36237318208559e-05	bonferroni_hit
