locus_key	window	outcome	author_cs	mdd_cs	retained_alpha_mass	n_shared	jaccard	top_r2	clpp
GlycA__locus096	chr3_48000001_51000001	main	GlycA_chr3:47360462-49359866_L2	L1	0.792861550103888	0	0	0.239168824850257	0
GlycA__locus096	chr3_48000001_51000001	main	GlycA_chr3:47360462-49359866_L2	L2	0.792861550103888	0	0	0.0634006589091349	0
GlycA__locus096	chr3_48000001_51000001	main	GlycA_chr3:47360462-49359866_L4	L1	0	0	0		0
GlycA__locus096	chr3_48000001_51000001	main	GlycA_chr3:47360462-49359866_L4	L2	0	0	0		0
GlycA__locus096	chr3_48000001_51000001	main	GlycA_chr3:48797812-50796945_L1	L1	0.857213045604191	0	0	0.137299820190094	0
GlycA__locus096	chr3_48000001_51000001	main	GlycA_chr3:48797812-50796945_L1	L2	0.857213045604191	0	0	0.188533719425678	0
GlycA__locus096	chr3_48000001_51000001	main	GlycA_chr3:48797812-50796945_L2	L1	0.496002062098646	0	0	0.00439045211643307	0
GlycA__locus096	chr3_48000001_51000001	main	GlycA_chr3:48797812-50796945_L2	L2	0.496002062098646	0	0	0.0111997710332199	0
GlycA__locus096	chr3_48000001_51000001	main	GlycA_chr3:49819902-51818138_L1	L1	0.841151721839666	0	0	0.137266428340809	0
GlycA__locus096	chr3_48000001_51000001	main	GlycA_chr3:49819902-51818138_L1	L2	0.841151721839666	0	0	0.188819238884719	0
GlycA__locus096	chr3_48000001_51000001	main	GlycA_chr3:49819902-51818138_L2	L1	0.505040908053409	0	0	0.00439045211643307	0
GlycA__locus096	chr3_48000001_51000001	main	GlycA_chr3:49819902-51818138_L2	L2	0.505040908053409	0	0	0.0111997710332199	0
GlycA__locus096	chr3_48000001_51000001	noUKBB	GlycA_chr3:47360462-49359866_L2	L1	0.792861550103888	0	0	0.147852119371458	0
GlycA__locus096	chr3_48000001_51000001	noUKBB	GlycA_chr3:47360462-49359866_L2	L2	0.792861550103888	0	0	0.0883635349510428	0
GlycA__locus096	chr3_48000001_51000001	noUKBB	GlycA_chr3:47360462-49359866_L4	L1	0	0	0		0
GlycA__locus096	chr3_48000001_51000001	noUKBB	GlycA_chr3:47360462-49359866_L4	L2	0	0	0		0
GlycA__locus096	chr3_48000001_51000001	noUKBB	GlycA_chr3:48797812-50796945_L1	L1	0.857213045604191	0	0	0.0911343066330836	0
GlycA__locus096	chr3_48000001_51000001	noUKBB	GlycA_chr3:48797812-50796945_L1	L2	0.857213045604191	0	0	0.0498065171212971	0
GlycA__locus096	chr3_48000001_51000001	noUKBB	GlycA_chr3:48797812-50796945_L2	L1	0.496002062098646	0	0	0.00243417996992484	0
GlycA__locus096	chr3_48000001_51000001	noUKBB	GlycA_chr3:48797812-50796945_L2	L2	0.496002062098646	0	0	0.086970088063115	0
GlycA__locus096	chr3_48000001_51000001	noUKBB	GlycA_chr3:49819902-51818138_L1	L1	0.841151721839666	0	0	0.091134774470504	0
GlycA__locus096	chr3_48000001_51000001	noUKBB	GlycA_chr3:49819902-51818138_L1	L2	0.841151721839666	0	0	0.049765834029075	0
GlycA__locus096	chr3_48000001_51000001	noUKBB	GlycA_chr3:49819902-51818138_L2	L1	0.505040908053409	0	0	0.00243417996992484	0
GlycA__locus096	chr3_48000001_51000001	noUKBB	GlycA_chr3:49819902-51818138_L2	L2	0.505040908053409	0	0	0.086970088063115	0
Cholesterol_to_total_lipids_ratio_in_large_HDL__locus217	chr7_11000001_14000001	main	L_HDL_C_pct_chr7:11212769-13212431_L1	L1	0.024626974593113	2	0.0202020202020202		0.0116590942601255
Cholesteryl_esters_to_total_lipids_ratio_in_very_small_VLDL__locus193	chr7_11000001_14000001	main	XS_VLDL_CE_pct_chr7:11212769-13212431_L1	L1	0.0256299191274025	2	0.0198019801980198		0.0121789126971854
Cholesterol_to_total_lipids_ratio_in_large_HDL__locus217	chr7_11000001_14000001	noUKBB	L_HDL_C_pct_chr7:11212769-13212431_L1	L1	0.024626974593113	2	0.0202020202020202		0.011645012102094
Cholesteryl_esters_to_total_lipids_ratio_in_very_small_VLDL__locus193	chr7_11000001_14000001	noUKBB	XS_VLDL_CE_pct_chr7:11212769-13212431_L1	L1	0.0256299191274025	2	0.0198019801980198		0.0121492524847179
Ratio_of_monounsaturated_fatty_acids_to_total_fatty_acids__locus192	chr11_60000001_63000001	main	MUFA_pct_chr11:59341330-61340916_L1	L1	0	0	0		0
Ratio_of_monounsaturated_fatty_acids_to_total_fatty_acids__locus192	chr11_60000001_63000001	main	MUFA_pct_chr11:59341330-61340916_L1	L2	0	0	0		0
Ratio_of_monounsaturated_fatty_acids_to_total_fatty_acids__locus192	chr11_60000001_63000001	main	MUFA_pct_chr11:59341330-61340916_L10	L1	1	0	0	0.00211605107481305	0
Ratio_of_monounsaturated_fatty_acids_to_total_fatty_acids__locus192	chr11_60000001_63000001	main	MUFA_pct_chr11:59341330-61340916_L10	L2	1	0	0	0.00316094587042759	0
Ratio_of_monounsaturated_fatty_acids_to_total_fatty_acids__locus192	chr11_60000001_63000001	main	MUFA_pct_chr11:59341330-61340916_L2	L1	0	0	0		0
Ratio_of_monounsaturated_fatty_acids_to_total_fatty_acids__locus192	chr11_60000001_63000001	main	MUFA_pct_chr11:59341330-61340916_L2	L2	0	0	0		0
Ratio_of_monounsaturated_fatty_acids_to_total_fatty_acids__locus192	chr11_60000001_63000001	main	MUFA_pct_chr11:59341330-61340916_L3	L1	0	0	0		0
Ratio_of_monounsaturated_fatty_acids_to_total_fatty_acids__locus192	chr11_60000001_63000001	main	MUFA_pct_chr11:59341330-61340916_L3	L2	0	0	0		0
Ratio_of_monounsaturated_fatty_acids_to_total_fatty_acids__locus192	chr11_60000001_63000001	main	MUFA_pct_chr11:59341330-61340916_L5	L1	1	0	0	0.00495333318197227	0
Ratio_of_monounsaturated_fatty_acids_to_total_fatty_acids__locus192	chr11_60000001_63000001	main	MUFA_pct_chr11:59341330-61340916_L5	L2	1	0	0	0.00549311946710512	0
Ratio_of_monounsaturated_fatty_acids_to_total_fatty_acids__locus192	chr11_60000001_63000001	main	MUFA_pct_chr11:59341330-61340916_L7	L1	0	0	0		0
Ratio_of_monounsaturated_fatty_acids_to_total_fatty_acids__locus192	chr11_60000001_63000001	main	MUFA_pct_chr11:59341330-61340916_L7	L2	0	0	0		0
Ratio_of_monounsaturated_fatty_acids_to_total_fatty_acids__locus192	chr11_60000001_63000001	main	MUFA_pct_chr11:59341330-61340916_L8	L1	0	0	0		0
Ratio_of_monounsaturated_fatty_acids_to_total_fatty_acids__locus192	chr11_60000001_63000001	main	MUFA_pct_chr11:59341330-61340916_L8	L2	0	0	0		0
Ratio_of_monounsaturated_fatty_acids_to_total_fatty_acids__locus192	chr11_60000001_63000001	main	MUFA_pct_chr11:59341330-61340916_L9	L1	1	0	0	0.00081641903599218	0
Ratio_of_monounsaturated_fatty_acids_to_total_fatty_acids__locus192	chr11_60000001_63000001	main	MUFA_pct_chr11:59341330-61340916_L9	L2	1	0	0	0.551105885629827	0
Ratio_of_monounsaturated_fatty_acids_to_total_fatty_acids__locus192	chr11_60000001_63000001	main	MUFA_pct_chr11:60820861-62820799_L1	L1	1	1	0.0333333333333333	0.962576786514674	0.0373366097290871
Ratio_of_monounsaturated_fatty_acids_to_total_fatty_acids__locus192	chr11_60000001_63000001	main	MUFA_pct_chr11:60820861-62820799_L1	L2	1	0	0	0.000362746185989471	0
Ratio_of_monounsaturated_fatty_acids_to_total_fatty_acids__locus192	chr11_60000001_63000001	main	MUFA_pct_chr11:60820861-62820799_L2	L1	1	0	0	0.148829639696121	0
Ratio_of_monounsaturated_fatty_acids_to_total_fatty_acids__locus192	chr11_60000001_63000001	main	MUFA_pct_chr11:60820861-62820799_L2	L2	1	0	0	0.00260909215307947	0
Ratio_of_monounsaturated_fatty_acids_to_total_fatty_acids__locus192	chr11_60000001_63000001	main	MUFA_pct_chr11:60820861-62820799_L4	L1	1	0	0	0.032503919444494	0
Ratio_of_monounsaturated_fatty_acids_to_total_fatty_acids__locus192	chr11_60000001_63000001	main	MUFA_pct_chr11:60820861-62820799_L4	L2	1	0	0	0.000353358963423922	0
Ratio_of_monounsaturated_fatty_acids_to_total_fatty_acids__locus192	chr11_60000001_63000001	main	MUFA_pct_chr11:60820861-62820799_L5	L1	1	0	0	0.0510439700399454	0
Ratio_of_monounsaturated_fatty_acids_to_total_fatty_acids__locus192	chr11_60000001_63000001	main	MUFA_pct_chr11:60820861-62820799_L5	L2	1	0	0	0.00220937525471149	0
Ratio_of_monounsaturated_fatty_acids_to_total_fatty_acids__locus192	chr11_60000001_63000001	main	MUFA_pct_chr11:62231065-64230743_L1	L1	0	0	0		0
Ratio_of_monounsaturated_fatty_acids_to_total_fatty_acids__locus192	chr11_60000001_63000001	main	MUFA_pct_chr11:62231065-64230743_L1	L2	0	0	0		0
Ratio_of_monounsaturated_fatty_acids_to_total_fatty_acids__locus192	chr11_60000001_63000001	main	MUFA_pct_chr11:62231065-64230743_L4	L1	1	0	0	0.000237830431252042	0
Ratio_of_monounsaturated_fatty_acids_to_total_fatty_acids__locus192	chr11_60000001_63000001	main	MUFA_pct_chr11:62231065-64230743_L4	L2	1	0	0	0.00036835742012499	0
Ratio_of_monounsaturated_fatty_acids_to_total_fatty_acids__locus192	chr11_60000001_63000001	main	MUFA_pct_chr11:62231065-64230743_L5	L1	1	0	0	0.000960031071220571	0
Ratio_of_monounsaturated_fatty_acids_to_total_fatty_acids__locus192	chr11_60000001_63000001	main	MUFA_pct_chr11:62231065-64230743_L5	L2	1	0	0	0.000212652344374398	0
Cholesterol_in_very_large_HDL__locus333	chr11_60000001_63000001	main	XL_HDL_C_chr11:60820861-62820799_L1	L1	1	2	0.0666666666666667	0.962576786514674	0.0339427499951121
Cholesterol_in_very_large_HDL__locus333	chr11_60000001_63000001	main	XL_HDL_C_chr11:60820861-62820799_L1	L2	1	0	0	0.000362746185989471	0
Cholesterol_in_very_large_HDL__locus333	chr11_60000001_63000001	main	XL_HDL_C_chr11:60820861-62820799_L2	L1	1	0	0	0.148917146798667	0
Cholesterol_in_very_large_HDL__locus333	chr11_60000001_63000001	main	XL_HDL_C_chr11:60820861-62820799_L2	L2	1	0	0	0.00259334401595014	0
Cholesterol_in_very_large_HDL__locus333	chr11_60000001_63000001	main	XL_HDL_C_chr11:60820861-62820799_L4	L1	1	0	0	0.032503919444494	0
Cholesterol_in_very_large_HDL__locus333	chr11_60000001_63000001	main	XL_HDL_C_chr11:60820861-62820799_L4	L2	1	0	0	0.000353358963423922	0
Cholesterol_in_very_large_HDL__locus333	chr11_60000001_63000001	main	XL_HDL_C_chr11:60820861-62820799_L5	L1	1	0	0	0.0510439700399454	0
Cholesterol_in_very_large_HDL__locus333	chr11_60000001_63000001	main	XL_HDL_C_chr11:60820861-62820799_L5	L2	1	0	0	0.00220937525471149	0
Free_cholesterol_in_very_large_HDL__locus199	chr11_60000001_63000001	main	XL_HDL_FC_chr11:60820861-62820799_L1	L1	1	1	0.0333333333333333	0.962576786514674	0.0355010865489484
Free_cholesterol_in_very_large_HDL__locus199	chr11_60000001_63000001	main	XL_HDL_FC_chr11:60820861-62820799_L1	L2	1	0	0	0.000362746185989471	0
Free_cholesterol_in_very_large_HDL__locus199	chr11_60000001_63000001	main	XL_HDL_FC_chr11:60820861-62820799_L2	L1	0.954291440907933	0	0	0.139820953468245	0
Free_cholesterol_in_very_large_HDL__locus199	chr11_60000001_63000001	main	XL_HDL_FC_chr11:60820861-62820799_L2	L2	0.954291440907933	0	0	0.00273244955170239	0
Free_cholesterol_in_very_large_HDL__locus199	chr11_60000001_63000001	main	XL_HDL_FC_chr11:60820861-62820799_L3	L1	1	0	0	0.0510439700399454	0
Free_cholesterol_in_very_large_HDL__locus199	chr11_60000001_63000001	main	XL_HDL_FC_chr11:60820861-62820799_L3	L2	1	0	0	0.00220937525471149	0
Free_cholesterol_in_very_large_HDL__locus199	chr11_60000001_63000001	main	XL_HDL_FC_chr11:60820861-62820799_L5	L1	1	0	0	0.032503919444494	0
Free_cholesterol_in_very_large_HDL__locus199	chr11_60000001_63000001	main	XL_HDL_FC_chr11:60820861-62820799_L5	L2	1	0	0	0.000353358963423922	0
Cholesteryl_esters_to_total_lipids_ratio_in_very_small_VLDL__locus289	chr11_60000001_63000001	main	XS_VLDL_CE_pct_chr11:60820861-62820799_L1	L1	1	2	0.0666666666666667	0.959035771331074	0.0466160565593438
Cholesteryl_esters_to_total_lipids_ratio_in_very_small_VLDL__locus289	chr11_60000001_63000001	main	XS_VLDL_CE_pct_chr11:60820861-62820799_L1	L2	1	0	0	0.000369145321672315	0
Cholesteryl_esters_to_total_lipids_ratio_in_very_small_VLDL__locus289	chr11_60000001_63000001	main	XS_VLDL_CE_pct_chr11:60820861-62820799_L2	L1	1	0	0	0.234424157548866	0
Cholesteryl_esters_to_total_lipids_ratio_in_very_small_VLDL__locus289	chr11_60000001_63000001	main	XS_VLDL_CE_pct_chr11:60820861-62820799_L2	L2	1	0	0	0.000395229009667323	0
Cholesteryl_esters_to_total_lipids_ratio_in_very_small_VLDL__locus289	chr11_60000001_63000001	main	XS_VLDL_CE_pct_chr11:60820861-62820799_L5	L1	1	0	0	0.032503919444494	0
Cholesteryl_esters_to_total_lipids_ratio_in_very_small_VLDL__locus289	chr11_60000001_63000001	main	XS_VLDL_CE_pct_chr11:60820861-62820799_L5	L2	1	0	0	0.000353358963423922	0
Free_cholesterol_to_total_lipids_ratio_in_medium_VLDL__locus287	chr11_60000001_63000001	main	M_VLDL_FC_pct_chr11:60820861-62820799_L1	L1	1	2	0.0666666666666667	0.962576786514674	0.0372418023596585
Free_cholesterol_to_total_lipids_ratio_in_medium_VLDL__locus287	chr11_60000001_63000001	main	M_VLDL_FC_pct_chr11:60820861-62820799_L1	L2	1	0	0	0.000362746185989471	0
Free_cholesterol_to_total_lipids_ratio_in_medium_VLDL__locus287	chr11_60000001_63000001	main	M_VLDL_FC_pct_chr11:60820861-62820799_L2	L1	0.956065181620381	0	0	0.235116736021471	0
Free_cholesterol_to_total_lipids_ratio_in_medium_VLDL__locus287	chr11_60000001_63000001	main	M_VLDL_FC_pct_chr11:60820861-62820799_L2	L2	0.956065181620381	0	0	0.000394673753773975	0
Free_cholesterol_to_total_lipids_ratio_in_medium_VLDL__locus287	chr11_60000001_63000001	main	M_VLDL_FC_pct_chr11:60820861-62820799_L5	L1	1	0	0	0.032503919444494	0
Free_cholesterol_to_total_lipids_ratio_in_medium_VLDL__locus287	chr11_60000001_63000001	main	M_VLDL_FC_pct_chr11:60820861-62820799_L5	L2	1	0	0	0.000353358963423922	0
Triglycerides_to_total_lipids_ratio_in_very_small_VLDL__locus288	chr11_60000001_63000001	main	XS_VLDL_TG_pct_chr11:60820861-62820799_L1	L1	1	2	0.0666666666666667	0.959035771331074	0.0427025438249865
Triglycerides_to_total_lipids_ratio_in_very_small_VLDL__locus288	chr11_60000001_63000001	main	XS_VLDL_TG_pct_chr11:60820861-62820799_L1	L2	1	0	0	0.000369145321672315	0
Triglycerides_to_total_lipids_ratio_in_very_small_VLDL__locus288	chr11_60000001_63000001	main	XS_VLDL_TG_pct_chr11:60820861-62820799_L2	L1	1	0	0	0.235116736021471	0
Triglycerides_to_total_lipids_ratio_in_very_small_VLDL__locus288	chr11_60000001_63000001	main	XS_VLDL_TG_pct_chr11:60820861-62820799_L2	L2	1	0	0	0.000394673753773975	0
Triglycerides_to_total_lipids_ratio_in_very_small_VLDL__locus288	chr11_60000001_63000001	main	XS_VLDL_TG_pct_chr11:60820861-62820799_L4	L1	1	0	0	0.032503919444494	0
Triglycerides_to_total_lipids_ratio_in_very_small_VLDL__locus288	chr11_60000001_63000001	main	XS_VLDL_TG_pct_chr11:60820861-62820799_L4	L2	1	0	0	0.000353358963423922	0
Cholesterol_to_total_lipids_ratio_in_medium_VLDL__locus293	chr11_60000001_63000001	main	M_VLDL_C_pct_chr11:60820861-62820799_L1	L1	1	4	0.133333333333333	0.959035771331074	0.0387297046385069
Cholesterol_to_total_lipids_ratio_in_medium_VLDL__locus293	chr11_60000001_63000001	main	M_VLDL_C_pct_chr11:60820861-62820799_L1	L2	1	0	0	0.000369145321672315	0
Cholesterol_to_total_lipids_ratio_in_medium_VLDL__locus293	chr11_60000001_63000001	main	M_VLDL_C_pct_chr11:60820861-62820799_L3	L1	0.986461565457407	0	0	0.243780386674107	0
Cholesterol_to_total_lipids_ratio_in_medium_VLDL__locus293	chr11_60000001_63000001	main	M_VLDL_C_pct_chr11:60820861-62820799_L3	L2	0.986461565457407	0	0	0.000608657297123616	0
Cholesterol_to_total_lipids_ratio_in_medium_VLDL__locus293	chr11_60000001_63000001	main	M_VLDL_C_pct_chr11:60820861-62820799_L4	L1	1	0	0	0.032503919444494	0
Cholesterol_to_total_lipids_ratio_in_medium_VLDL__locus293	chr11_60000001_63000001	main	M_VLDL_C_pct_chr11:60820861-62820799_L4	L2	1	0	0	0.000353358963423922	0
Cholesteryl_esters_to_total_lipids_ratio_in_medium_VLDL__locus292	chr11_60000001_63000001	main	M_VLDL_CE_pct_chr11:60820861-62820799_L1	L1	1	4	0.133333333333333	0.959035771331074	0.0391119624834501
Cholesteryl_esters_to_total_lipids_ratio_in_medium_VLDL__locus292	chr11_60000001_63000001	main	M_VLDL_CE_pct_chr11:60820861-62820799_L1	L2	1	0	0	0.000369145321672315	0
Cholesteryl_esters_to_total_lipids_ratio_in_medium_VLDL__locus292	chr11_60000001_63000001	main	M_VLDL_CE_pct_chr11:60820861-62820799_L3	L1	1	0	0	0.243780386674107	0
Cholesteryl_esters_to_total_lipids_ratio_in_medium_VLDL__locus292	chr11_60000001_63000001	main	M_VLDL_CE_pct_chr11:60820861-62820799_L3	L2	1	0	0	0.000608657297123616	0
Cholesteryl_esters_to_total_lipids_ratio_in_medium_VLDL__locus292	chr11_60000001_63000001	main	M_VLDL_CE_pct_chr11:60820861-62820799_L4	L1	1	0	0	0.032503919444494	0
Cholesteryl_esters_to_total_lipids_ratio_in_medium_VLDL__locus292	chr11_60000001_63000001	main	M_VLDL_CE_pct_chr11:60820861-62820799_L4	L2	1	0	0	0.000353358963423922	0
Ratio_of_polyunsaturated_fatty_acids_to_monounsaturated_fatty_acids__locus295	chr11_60000001_63000001	main	PUFA_by_MUFA_chr11:59341330-61340916_L10	L1	0.0491420859651322	0	0	0.00199238379853474	0
Ratio_of_polyunsaturated_fatty_acids_to_monounsaturated_fatty_acids__locus295	chr11_60000001_63000001	main	PUFA_by_MUFA_chr11:59341330-61340916_L10	L2	0.0491420859651322	0	0	0.00304139865680281	0
Ratio_of_polyunsaturated_fatty_acids_to_monounsaturated_fatty_acids__locus295	chr11_60000001_63000001	main	PUFA_by_MUFA_chr11:59341330-61340916_L2	L1	1	0	0	0.00495333318197227	0
Ratio_of_polyunsaturated_fatty_acids_to_monounsaturated_fatty_acids__locus295	chr11_60000001_63000001	main	PUFA_by_MUFA_chr11:59341330-61340916_L2	L2	1	0	0	0.00549311946710512	0
Ratio_of_polyunsaturated_fatty_acids_to_monounsaturated_fatty_acids__locus295	chr11_60000001_63000001	main	PUFA_by_MUFA_chr11:59341330-61340916_L3	L1	0	0	0		0
Ratio_of_polyunsaturated_fatty_acids_to_monounsaturated_fatty_acids__locus295	chr11_60000001_63000001	main	PUFA_by_MUFA_chr11:59341330-61340916_L3	L2	0	0	0		0
Ratio_of_polyunsaturated_fatty_acids_to_monounsaturated_fatty_acids__locus295	chr11_60000001_63000001	main	PUFA_by_MUFA_chr11:59341330-61340916_L4	L1	0	0	0		0
Ratio_of_polyunsaturated_fatty_acids_to_monounsaturated_fatty_acids__locus295	chr11_60000001_63000001	main	PUFA_by_MUFA_chr11:59341330-61340916_L4	L2	0	0	0		0
Ratio_of_polyunsaturated_fatty_acids_to_monounsaturated_fatty_acids__locus295	chr11_60000001_63000001	main	PUFA_by_MUFA_chr11:59341330-61340916_L7	L1	0	0	0		0
Ratio_of_polyunsaturated_fatty_acids_to_monounsaturated_fatty_acids__locus295	chr11_60000001_63000001	main	PUFA_by_MUFA_chr11:59341330-61340916_L7	L2	0	0	0		0
Ratio_of_polyunsaturated_fatty_acids_to_monounsaturated_fatty_acids__locus295	chr11_60000001_63000001	main	PUFA_by_MUFA_chr11:59341330-61340916_L8	L1	0	0	0		0
Ratio_of_polyunsaturated_fatty_acids_to_monounsaturated_fatty_acids__locus295	chr11_60000001_63000001	main	PUFA_by_MUFA_chr11:59341330-61340916_L8	L2	0	0	0		0
Ratio_of_polyunsaturated_fatty_acids_to_monounsaturated_fatty_acids__locus295	chr11_60000001_63000001	main	PUFA_by_MUFA_chr11:60820861-62820799_L1	L1	1	1	0.0333333333333333	0.962576786514674	0.0373360629455242
Ratio_of_polyunsaturated_fatty_acids_to_monounsaturated_fatty_acids__locus295	chr11_60000001_63000001	main	PUFA_by_MUFA_chr11:60820861-62820799_L1	L2	1	0	0	0.000362746185989471	0
Ratio_of_polyunsaturated_fatty_acids_to_monounsaturated_fatty_acids__locus295	chr11_60000001_63000001	main	PUFA_by_MUFA_chr11:60820861-62820799_L2	L1	1	0	0	0.148829639696121	0
Ratio_of_polyunsaturated_fatty_acids_to_monounsaturated_fatty_acids__locus295	chr11_60000001_63000001	main	PUFA_by_MUFA_chr11:60820861-62820799_L2	L2	1	0	0	0.00260909215307947	0
Ratio_of_polyunsaturated_fatty_acids_to_monounsaturated_fatty_acids__locus295	chr11_60000001_63000001	main	PUFA_by_MUFA_chr11:60820861-62820799_L4	L1	1	0	0	0.032503919444494	0
Ratio_of_polyunsaturated_fatty_acids_to_monounsaturated_fatty_acids__locus295	chr11_60000001_63000001	main	PUFA_by_MUFA_chr11:60820861-62820799_L4	L2	1	0	0	0.000353358963423922	0
Ratio_of_polyunsaturated_fatty_acids_to_monounsaturated_fatty_acids__locus295	chr11_60000001_63000001	main	PUFA_by_MUFA_chr11:60820861-62820799_L5	L1	1	0	0	0.0510439700399454	0
Ratio_of_polyunsaturated_fatty_acids_to_monounsaturated_fatty_acids__locus295	chr11_60000001_63000001	main	PUFA_by_MUFA_chr11:60820861-62820799_L5	L2	1	0	0	0.00220937525471149	0
Ratio_of_polyunsaturated_fatty_acids_to_monounsaturated_fatty_acids__locus295	chr11_60000001_63000001	main	PUFA_by_MUFA_chr11:62231065-64230743_L1	L1	0	0	0		0
Ratio_of_polyunsaturated_fatty_acids_to_monounsaturated_fatty_acids__locus295	chr11_60000001_63000001	main	PUFA_by_MUFA_chr11:62231065-64230743_L1	L2	0	0	0		0
Ratio_of_polyunsaturated_fatty_acids_to_monounsaturated_fatty_acids__locus295	chr11_60000001_63000001	main	PUFA_by_MUFA_chr11:62231065-64230743_L3	L1	1	0	0	0.0070177710650674	0
Ratio_of_polyunsaturated_fatty_acids_to_monounsaturated_fatty_acids__locus295	chr11_60000001_63000001	main	PUFA_by_MUFA_chr11:62231065-64230743_L3	L2	1	0	0	2.33631935914258e-06	0
Ratio_of_polyunsaturated_fatty_acids_to_monounsaturated_fatty_acids__locus295	chr11_60000001_63000001	main	PUFA_by_MUFA_chr11:62231065-64230743_L4	L1	1	0	0	0.000237830431252042	0
Ratio_of_polyunsaturated_fatty_acids_to_monounsaturated_fatty_acids__locus295	chr11_60000001_63000001	main	PUFA_by_MUFA_chr11:62231065-64230743_L4	L2	1	0	0	0.00036835742012499	0
Ratio_of_polyunsaturated_fatty_acids_to_monounsaturated_fatty_acids__locus295	chr11_60000001_63000001	main	PUFA_by_MUFA_chr11:62231065-64230743_L5	L1	1	0	0	0.00177734409398256	0
Ratio_of_polyunsaturated_fatty_acids_to_monounsaturated_fatty_acids__locus295	chr11_60000001_63000001	main	PUFA_by_MUFA_chr11:62231065-64230743_L5	L2	1	0	0	2.05739449182863e-05	0
Ratio_of_polyunsaturated_fatty_acids_to_monounsaturated_fatty_acids__locus295	chr11_60000001_63000001	main	PUFA_by_MUFA_chr11:62231065-64230743_L6	L1	0	0	0		0
Ratio_of_polyunsaturated_fatty_acids_to_monounsaturated_fatty_acids__locus295	chr11_60000001_63000001	main	PUFA_by_MUFA_chr11:62231065-64230743_L6	L2	0	0	0		0
Ratio_of_polyunsaturated_fatty_acids_to_total_fatty_acids__locus273	chr11_60000001_63000001	main	PUFA_pct_chr11:60820861-62820799_L1	L1	1	1	0.0333333333333333	0.962576786514674	0.0371142289720451
Ratio_of_polyunsaturated_fatty_acids_to_total_fatty_acids__locus273	chr11_60000001_63000001	main	PUFA_pct_chr11:60820861-62820799_L1	L2	1	0	0	0.000362746185989471	0
Ratio_of_polyunsaturated_fatty_acids_to_total_fatty_acids__locus273	chr11_60000001_63000001	main	PUFA_pct_chr11:60820861-62820799_L2	L1	1	0	0	0.234424157548866	0
Ratio_of_polyunsaturated_fatty_acids_to_total_fatty_acids__locus273	chr11_60000001_63000001	main	PUFA_pct_chr11:60820861-62820799_L2	L2	1	0	0	0.000395229009667323	0
Ratio_of_polyunsaturated_fatty_acids_to_total_fatty_acids__locus273	chr11_60000001_63000001	main	PUFA_pct_chr11:60820861-62820799_L3	L1	1	0	0	0.648034224042338	0
Ratio_of_polyunsaturated_fatty_acids_to_total_fatty_acids__locus273	chr11_60000001_63000001	main	PUFA_pct_chr11:60820861-62820799_L3	L2	1	0	0	0.00315382961001648	0
Ratio_of_polyunsaturated_fatty_acids_to_total_fatty_acids__locus273	chr11_60000001_63000001	main	PUFA_pct_chr11:60820861-62820799_L4	L1	1	0	0	0.032503919444494	0
Ratio_of_polyunsaturated_fatty_acids_to_total_fatty_acids__locus273	chr11_60000001_63000001	main	PUFA_pct_chr11:60820861-62820799_L4	L2	1	0	0	0.000353358963423922	0
Triglycerides_to_total_lipids_ratio_in_very_large_HDL__locus320	chr11_60000001_63000001	main	XL_HDL_TG_pct_chr11:60820861-62820799_L1	L1	1	4	0.133333333333333	0.959035771331074	0.0356710998022138
Triglycerides_to_total_lipids_ratio_in_very_large_HDL__locus320	chr11_60000001_63000001	main	XL_HDL_TG_pct_chr11:60820861-62820799_L1	L2	1	0	0	0.000369145321672315	0
Triglycerides_to_total_lipids_ratio_in_very_large_HDL__locus320	chr11_60000001_63000001	main	XL_HDL_TG_pct_chr11:60820861-62820799_L2	L1	0.905396469082353	0	0	0.000104592336042098	0
Triglycerides_to_total_lipids_ratio_in_very_large_HDL__locus320	chr11_60000001_63000001	main	XL_HDL_TG_pct_chr11:60820861-62820799_L2	L2	0.905396469082353	0	0	2.33249625864102e-06	0
Triglycerides_to_total_lipids_ratio_in_very_large_HDL__locus320	chr11_60000001_63000001	main	XL_HDL_TG_pct_chr11:60820861-62820799_L3	L1	1	0	0	0.243780386674107	0
Triglycerides_to_total_lipids_ratio_in_very_large_HDL__locus320	chr11_60000001_63000001	main	XL_HDL_TG_pct_chr11:60820861-62820799_L3	L2	1	0	0	0.000608657297123616	0
Triglycerides_to_total_lipids_ratio_in_very_large_HDL__locus320	chr11_60000001_63000001	main	XL_HDL_TG_pct_chr11:60820861-62820799_L4	L1	1	0	0	0.032503919444494	0
Triglycerides_to_total_lipids_ratio_in_very_large_HDL__locus320	chr11_60000001_63000001	main	XL_HDL_TG_pct_chr11:60820861-62820799_L4	L2	1	0	0	0.000353358963423922	0
Cholesterol_to_total_lipids_ratio_in_large_HDL__locus328	chr11_60000001_63000001	main	L_HDL_C_pct_chr11:60825690-62825489_L1	L1	1	5	0.166666666666667	0.959035771331074	0.0316965350561901
Cholesterol_to_total_lipids_ratio_in_large_HDL__locus328	chr11_60000001_63000001	main	L_HDL_C_pct_chr11:60825690-62825489_L1	L2	1	0	0	0.000369145321672315	0
Cholesterol_to_total_lipids_ratio_in_large_HDL__locus328	chr11_60000001_63000001	main	L_HDL_C_pct_chr11:60825690-62825489_L3	L1	0.84134707112062	0	0	0.139820953468245	0
Cholesterol_to_total_lipids_ratio_in_large_HDL__locus328	chr11_60000001_63000001	main	L_HDL_C_pct_chr11:60825690-62825489_L3	L2	0.84134707112062	0	0	0.00273244955170239	0
Monounsaturated_fatty_acids__locus275	chr11_60000001_63000001	main	MUFA_chr11:60820861-62820799_L1	L1	1	5	0.166666666666667	0.959035771331074	0.0346459263033467
Monounsaturated_fatty_acids__locus275	chr11_60000001_63000001	main	MUFA_chr11:60820861-62820799_L1	L2	1	0	0	0.000369145321672315	0
Monounsaturated_fatty_acids__locus275	chr11_60000001_63000001	main	MUFA_chr11:60820861-62820799_L2	L1	0.856275336861133	0	0	0.000206351156649909	0
Monounsaturated_fatty_acids__locus275	chr11_60000001_63000001	main	MUFA_chr11:60820861-62820799_L2	L2	0.856275336861133	0	0	5.97635796638664e-05	0
Monounsaturated_fatty_acids__locus275	chr11_60000001_63000001	main	MUFA_chr11:60820861-62820799_L3	L1	0.98900738221996	0	0	0.243780386674107	0
Monounsaturated_fatty_acids__locus275	chr11_60000001_63000001	main	MUFA_chr11:60820861-62820799_L3	L2	0.98900738221996	0	0	0.000608657297123616	0
Cholesterol_to_total_lipids_ratio_in_very_large_VLDL__locus268	chr11_60000001_63000001	main	XL_VLDL_C_pct_chr11:60824943-62824727_L1	L1	1	5	0.166666666666667	0.971735416716001	0.0243049577963207
Cholesterol_to_total_lipids_ratio_in_very_large_VLDL__locus268	chr11_60000001_63000001	main	XL_VLDL_C_pct_chr11:60824943-62824727_L1	L2	1	0	0	0.000348968660648499	0
Cholesterol_to_total_lipids_ratio_in_very_large_VLDL__locus268	chr11_60000001_63000001	main	XL_VLDL_C_pct_chr11:60824943-62824727_L2	L1	0.0925711959262843	0	0	0.000240617573847948	0
Cholesterol_to_total_lipids_ratio_in_very_large_VLDL__locus268	chr11_60000001_63000001	main	XL_VLDL_C_pct_chr11:60824943-62824727_L2	L2	0.0925711959262843	0	0	3.53248487186908e-05	0
Cholesterol_to_total_lipids_ratio_in_very_large_VLDL__locus268	chr11_60000001_63000001	main	XL_VLDL_C_pct_chr11:60824943-62824727_L3	L1	0.92385739937674	0	0	0.243780386674107	0
Cholesterol_to_total_lipids_ratio_in_very_large_VLDL__locus268	chr11_60000001_63000001	main	XL_VLDL_C_pct_chr11:60824943-62824727_L3	L2	0.92385739937674	0	0	0.000608657297123616	0
Ratio_of_monounsaturated_fatty_acids_to_total_fatty_acids__locus192	chr11_60000001_63000001	noUKBB	MUFA_pct_chr11:59341330-61340916_L1	L2	0	0	0		0
Ratio_of_monounsaturated_fatty_acids_to_total_fatty_acids__locus192	chr11_60000001_63000001	noUKBB	MUFA_pct_chr11:59341330-61340916_L1	L1	0	0	0		0
Ratio_of_monounsaturated_fatty_acids_to_total_fatty_acids__locus192	chr11_60000001_63000001	noUKBB	MUFA_pct_chr11:59341330-61340916_L10	L2	1	0	0	0.00316094587042759	0
Ratio_of_monounsaturated_fatty_acids_to_total_fatty_acids__locus192	chr11_60000001_63000001	noUKBB	MUFA_pct_chr11:59341330-61340916_L10	L1	1	0	0	0.00211605107481305	0
Ratio_of_monounsaturated_fatty_acids_to_total_fatty_acids__locus192	chr11_60000001_63000001	noUKBB	MUFA_pct_chr11:59341330-61340916_L2	L2	0	0	0		0
Ratio_of_monounsaturated_fatty_acids_to_total_fatty_acids__locus192	chr11_60000001_63000001	noUKBB	MUFA_pct_chr11:59341330-61340916_L2	L1	0	0	0		0
Ratio_of_monounsaturated_fatty_acids_to_total_fatty_acids__locus192	chr11_60000001_63000001	noUKBB	MUFA_pct_chr11:59341330-61340916_L3	L2	0	0	0		0
Ratio_of_monounsaturated_fatty_acids_to_total_fatty_acids__locus192	chr11_60000001_63000001	noUKBB	MUFA_pct_chr11:59341330-61340916_L3	L1	0	0	0		0
Ratio_of_monounsaturated_fatty_acids_to_total_fatty_acids__locus192	chr11_60000001_63000001	noUKBB	MUFA_pct_chr11:59341330-61340916_L5	L2	1	0	0	0.00549311946710512	0
Ratio_of_monounsaturated_fatty_acids_to_total_fatty_acids__locus192	chr11_60000001_63000001	noUKBB	MUFA_pct_chr11:59341330-61340916_L5	L1	1	0	0	0.00495333318197227	0
Ratio_of_monounsaturated_fatty_acids_to_total_fatty_acids__locus192	chr11_60000001_63000001	noUKBB	MUFA_pct_chr11:59341330-61340916_L7	L2	0	0	0		0
Ratio_of_monounsaturated_fatty_acids_to_total_fatty_acids__locus192	chr11_60000001_63000001	noUKBB	MUFA_pct_chr11:59341330-61340916_L7	L1	0	0	0		0
Ratio_of_monounsaturated_fatty_acids_to_total_fatty_acids__locus192	chr11_60000001_63000001	noUKBB	MUFA_pct_chr11:59341330-61340916_L8	L2	0	0	0		0
Ratio_of_monounsaturated_fatty_acids_to_total_fatty_acids__locus192	chr11_60000001_63000001	noUKBB	MUFA_pct_chr11:59341330-61340916_L8	L1	0	0	0		0
Ratio_of_monounsaturated_fatty_acids_to_total_fatty_acids__locus192	chr11_60000001_63000001	noUKBB	MUFA_pct_chr11:59341330-61340916_L9	L2	1	0	0	0.551105885629827	0
Ratio_of_monounsaturated_fatty_acids_to_total_fatty_acids__locus192	chr11_60000001_63000001	noUKBB	MUFA_pct_chr11:59341330-61340916_L9	L1	1	0	0	0.00081641903599218	0
Ratio_of_monounsaturated_fatty_acids_to_total_fatty_acids__locus192	chr11_60000001_63000001	noUKBB	MUFA_pct_chr11:60820861-62820799_L1	L2	1	0	0	0.000362746185989471	0
Ratio_of_monounsaturated_fatty_acids_to_total_fatty_acids__locus192	chr11_60000001_63000001	noUKBB	MUFA_pct_chr11:60820861-62820799_L1	L1	1	1	0.032258064516129	0.962576786514674	0.0342820817013233
Ratio_of_monounsaturated_fatty_acids_to_total_fatty_acids__locus192	chr11_60000001_63000001	noUKBB	MUFA_pct_chr11:60820861-62820799_L2	L2	1	0	0	0.00260909215307947	0
Ratio_of_monounsaturated_fatty_acids_to_total_fatty_acids__locus192	chr11_60000001_63000001	noUKBB	MUFA_pct_chr11:60820861-62820799_L2	L1	1	0	0	0.148829639696121	0
Ratio_of_monounsaturated_fatty_acids_to_total_fatty_acids__locus192	chr11_60000001_63000001	noUKBB	MUFA_pct_chr11:60820861-62820799_L4	L2	1	0	0	0.000353358963423922	0
Ratio_of_monounsaturated_fatty_acids_to_total_fatty_acids__locus192	chr11_60000001_63000001	noUKBB	MUFA_pct_chr11:60820861-62820799_L4	L1	1	0	0	0.032503919444494	0
Ratio_of_monounsaturated_fatty_acids_to_total_fatty_acids__locus192	chr11_60000001_63000001	noUKBB	MUFA_pct_chr11:60820861-62820799_L5	L2	1	0	0	0.00220937525471149	0
Ratio_of_monounsaturated_fatty_acids_to_total_fatty_acids__locus192	chr11_60000001_63000001	noUKBB	MUFA_pct_chr11:60820861-62820799_L5	L1	1	0	0	0.0510439700399454	0
Ratio_of_monounsaturated_fatty_acids_to_total_fatty_acids__locus192	chr11_60000001_63000001	noUKBB	MUFA_pct_chr11:62231065-64230743_L1	L2	0	0	0		0
Ratio_of_monounsaturated_fatty_acids_to_total_fatty_acids__locus192	chr11_60000001_63000001	noUKBB	MUFA_pct_chr11:62231065-64230743_L1	L1	0	0	0		0
Ratio_of_monounsaturated_fatty_acids_to_total_fatty_acids__locus192	chr11_60000001_63000001	noUKBB	MUFA_pct_chr11:62231065-64230743_L4	L2	1	0	0	0.00036835742012499	0
Ratio_of_monounsaturated_fatty_acids_to_total_fatty_acids__locus192	chr11_60000001_63000001	noUKBB	MUFA_pct_chr11:62231065-64230743_L4	L1	1	0	0	0.000237830431252042	0
Ratio_of_monounsaturated_fatty_acids_to_total_fatty_acids__locus192	chr11_60000001_63000001	noUKBB	MUFA_pct_chr11:62231065-64230743_L5	L2	1	0	0	0.000212652344374398	0
Ratio_of_monounsaturated_fatty_acids_to_total_fatty_acids__locus192	chr11_60000001_63000001	noUKBB	MUFA_pct_chr11:62231065-64230743_L5	L1	1	0	0	0.000960031071220571	0
Cholesterol_in_very_large_HDL__locus333	chr11_60000001_63000001	noUKBB	XL_HDL_C_chr11:60820861-62820799_L1	L2	1	0	0	0.000362746185989471	0
Cholesterol_in_very_large_HDL__locus333	chr11_60000001_63000001	noUKBB	XL_HDL_C_chr11:60820861-62820799_L1	L1	1	2	0.0645161290322581	0.962576786514674	0.0303286261614547
Cholesterol_in_very_large_HDL__locus333	chr11_60000001_63000001	noUKBB	XL_HDL_C_chr11:60820861-62820799_L2	L2	1	0	0	0.00259334401595014	0
Cholesterol_in_very_large_HDL__locus333	chr11_60000001_63000001	noUKBB	XL_HDL_C_chr11:60820861-62820799_L2	L1	1	0	0	0.148917146798667	0
Cholesterol_in_very_large_HDL__locus333	chr11_60000001_63000001	noUKBB	XL_HDL_C_chr11:60820861-62820799_L4	L2	1	0	0	0.000353358963423922	0
Cholesterol_in_very_large_HDL__locus333	chr11_60000001_63000001	noUKBB	XL_HDL_C_chr11:60820861-62820799_L4	L1	1	0	0	0.032503919444494	0
Cholesterol_in_very_large_HDL__locus333	chr11_60000001_63000001	noUKBB	XL_HDL_C_chr11:60820861-62820799_L5	L2	1	0	0	0.00220937525471149	0
Cholesterol_in_very_large_HDL__locus333	chr11_60000001_63000001	noUKBB	XL_HDL_C_chr11:60820861-62820799_L5	L1	1	0	0	0.0510439700399454	0
Free_cholesterol_in_very_large_HDL__locus199	chr11_60000001_63000001	noUKBB	XL_HDL_FC_chr11:60820861-62820799_L1	L2	1	0	0	0.000362746185989471	0
Free_cholesterol_in_very_large_HDL__locus199	chr11_60000001_63000001	noUKBB	XL_HDL_FC_chr11:60820861-62820799_L1	L1	1	1	0.032258064516129	0.962576786514674	0.0325967236550847
Free_cholesterol_in_very_large_HDL__locus199	chr11_60000001_63000001	noUKBB	XL_HDL_FC_chr11:60820861-62820799_L2	L2	0.954291440907933	0	0	0.00273244955170239	0
Free_cholesterol_in_very_large_HDL__locus199	chr11_60000001_63000001	noUKBB	XL_HDL_FC_chr11:60820861-62820799_L2	L1	0.954291440907933	0	0	0.139820953468245	0
Free_cholesterol_in_very_large_HDL__locus199	chr11_60000001_63000001	noUKBB	XL_HDL_FC_chr11:60820861-62820799_L3	L2	1	0	0	0.00220937525471149	0
Free_cholesterol_in_very_large_HDL__locus199	chr11_60000001_63000001	noUKBB	XL_HDL_FC_chr11:60820861-62820799_L3	L1	1	0	0	0.0510439700399454	0
Free_cholesterol_in_very_large_HDL__locus199	chr11_60000001_63000001	noUKBB	XL_HDL_FC_chr11:60820861-62820799_L5	L2	1	0	0	0.000353358963423922	0
Free_cholesterol_in_very_large_HDL__locus199	chr11_60000001_63000001	noUKBB	XL_HDL_FC_chr11:60820861-62820799_L5	L1	1	0	0	0.032503919444494	0
Cholesteryl_esters_to_total_lipids_ratio_in_very_small_VLDL__locus289	chr11_60000001_63000001	noUKBB	XS_VLDL_CE_pct_chr11:60820861-62820799_L1	L2	1	0	0	0.000369145321672315	0
Cholesteryl_esters_to_total_lipids_ratio_in_very_small_VLDL__locus289	chr11_60000001_63000001	noUKBB	XS_VLDL_CE_pct_chr11:60820861-62820799_L1	L1	1	2	0.0645161290322581	0.959035771331074	0.0419941291189562
Cholesteryl_esters_to_total_lipids_ratio_in_very_small_VLDL__locus289	chr11_60000001_63000001	noUKBB	XS_VLDL_CE_pct_chr11:60820861-62820799_L2	L2	1	0	0	0.000395229009667323	0
Cholesteryl_esters_to_total_lipids_ratio_in_very_small_VLDL__locus289	chr11_60000001_63000001	noUKBB	XS_VLDL_CE_pct_chr11:60820861-62820799_L2	L1	1	0	0	0.234424157548866	0
Cholesteryl_esters_to_total_lipids_ratio_in_very_small_VLDL__locus289	chr11_60000001_63000001	noUKBB	XS_VLDL_CE_pct_chr11:60820861-62820799_L5	L2	1	0	0	0.000353358963423922	0
Cholesteryl_esters_to_total_lipids_ratio_in_very_small_VLDL__locus289	chr11_60000001_63000001	noUKBB	XS_VLDL_CE_pct_chr11:60820861-62820799_L5	L1	1	0	0	0.032503919444494	0
Free_cholesterol_to_total_lipids_ratio_in_medium_VLDL__locus287	chr11_60000001_63000001	noUKBB	M_VLDL_FC_pct_chr11:60820861-62820799_L1	L2	1	0	0	0.000362746185989471	0
Free_cholesterol_to_total_lipids_ratio_in_medium_VLDL__locus287	chr11_60000001_63000001	noUKBB	M_VLDL_FC_pct_chr11:60820861-62820799_L1	L1	1	2	0.0645161290322581	0.962576786514674	0.0340815172152102
Free_cholesterol_to_total_lipids_ratio_in_medium_VLDL__locus287	chr11_60000001_63000001	noUKBB	M_VLDL_FC_pct_chr11:60820861-62820799_L2	L2	0.956065181620381	0	0	0.000394673753773975	0
Free_cholesterol_to_total_lipids_ratio_in_medium_VLDL__locus287	chr11_60000001_63000001	noUKBB	M_VLDL_FC_pct_chr11:60820861-62820799_L2	L1	0.956065181620381	0	0	0.235116736021471	0
Free_cholesterol_to_total_lipids_ratio_in_medium_VLDL__locus287	chr11_60000001_63000001	noUKBB	M_VLDL_FC_pct_chr11:60820861-62820799_L5	L2	1	0	0	0.000353358963423922	0
Free_cholesterol_to_total_lipids_ratio_in_medium_VLDL__locus287	chr11_60000001_63000001	noUKBB	M_VLDL_FC_pct_chr11:60820861-62820799_L5	L1	1	0	0	0.032503919444494	0
Triglycerides_to_total_lipids_ratio_in_very_small_VLDL__locus288	chr11_60000001_63000001	noUKBB	XS_VLDL_TG_pct_chr11:60820861-62820799_L1	L2	1	0	0	0.000369145321672315	0
Triglycerides_to_total_lipids_ratio_in_very_small_VLDL__locus288	chr11_60000001_63000001	noUKBB	XS_VLDL_TG_pct_chr11:60820861-62820799_L1	L1	1	2	0.0645161290322581	0.959035771331074	0.03872244240577
Triglycerides_to_total_lipids_ratio_in_very_small_VLDL__locus288	chr11_60000001_63000001	noUKBB	XS_VLDL_TG_pct_chr11:60820861-62820799_L2	L2	1	0	0	0.000394673753773975	0
Triglycerides_to_total_lipids_ratio_in_very_small_VLDL__locus288	chr11_60000001_63000001	noUKBB	XS_VLDL_TG_pct_chr11:60820861-62820799_L2	L1	1	0	0	0.235116736021471	0
Triglycerides_to_total_lipids_ratio_in_very_small_VLDL__locus288	chr11_60000001_63000001	noUKBB	XS_VLDL_TG_pct_chr11:60820861-62820799_L4	L2	1	0	0	0.000353358963423922	0
Triglycerides_to_total_lipids_ratio_in_very_small_VLDL__locus288	chr11_60000001_63000001	noUKBB	XS_VLDL_TG_pct_chr11:60820861-62820799_L4	L1	1	0	0	0.032503919444494	0
Cholesterol_to_total_lipids_ratio_in_medium_VLDL__locus293	chr11_60000001_63000001	noUKBB	M_VLDL_C_pct_chr11:60820861-62820799_L1	L2	1	0	0	0.000369145321672315	0
Cholesterol_to_total_lipids_ratio_in_medium_VLDL__locus293	chr11_60000001_63000001	noUKBB	M_VLDL_C_pct_chr11:60820861-62820799_L1	L1	1	4	0.129032258064516	0.959035771331074	0.0345584740375847
Cholesterol_to_total_lipids_ratio_in_medium_VLDL__locus293	chr11_60000001_63000001	noUKBB	M_VLDL_C_pct_chr11:60820861-62820799_L3	L2	0.986461565457407	0	0	0.000608657297123616	0
Cholesterol_to_total_lipids_ratio_in_medium_VLDL__locus293	chr11_60000001_63000001	noUKBB	M_VLDL_C_pct_chr11:60820861-62820799_L3	L1	0.986461565457407	0	0	0.243780386674107	0
Cholesterol_to_total_lipids_ratio_in_medium_VLDL__locus293	chr11_60000001_63000001	noUKBB	M_VLDL_C_pct_chr11:60820861-62820799_L4	L2	1	0	0	0.000353358963423922	0
Cholesterol_to_total_lipids_ratio_in_medium_VLDL__locus293	chr11_60000001_63000001	noUKBB	M_VLDL_C_pct_chr11:60820861-62820799_L4	L1	1	0	0	0.032503919444494	0
Cholesteryl_esters_to_total_lipids_ratio_in_medium_VLDL__locus292	chr11_60000001_63000001	noUKBB	M_VLDL_CE_pct_chr11:60820861-62820799_L1	L2	1	0	0	0.000369145321672315	0
Cholesteryl_esters_to_total_lipids_ratio_in_medium_VLDL__locus292	chr11_60000001_63000001	noUKBB	M_VLDL_CE_pct_chr11:60820861-62820799_L1	L1	1	4	0.129032258064516	0.959035771331074	0.0346710353154736
Cholesteryl_esters_to_total_lipids_ratio_in_medium_VLDL__locus292	chr11_60000001_63000001	noUKBB	M_VLDL_CE_pct_chr11:60820861-62820799_L3	L2	1	0	0	0.000608657297123616	0
Cholesteryl_esters_to_total_lipids_ratio_in_medium_VLDL__locus292	chr11_60000001_63000001	noUKBB	M_VLDL_CE_pct_chr11:60820861-62820799_L3	L1	1	0	0	0.243780386674107	0
Cholesteryl_esters_to_total_lipids_ratio_in_medium_VLDL__locus292	chr11_60000001_63000001	noUKBB	M_VLDL_CE_pct_chr11:60820861-62820799_L4	L2	1	0	0	0.000353358963423922	0
Cholesteryl_esters_to_total_lipids_ratio_in_medium_VLDL__locus292	chr11_60000001_63000001	noUKBB	M_VLDL_CE_pct_chr11:60820861-62820799_L4	L1	1	0	0	0.032503919444494	0
Ratio_of_polyunsaturated_fatty_acids_to_monounsaturated_fatty_acids__locus295	chr11_60000001_63000001	noUKBB	PUFA_by_MUFA_chr11:59341330-61340916_L10	L2	0.0491420859651322	0	0	0.00304139865680281	0
Ratio_of_polyunsaturated_fatty_acids_to_monounsaturated_fatty_acids__locus295	chr11_60000001_63000001	noUKBB	PUFA_by_MUFA_chr11:59341330-61340916_L10	L1	0.0491420859651322	0	0	0.00199238379853474	0
Ratio_of_polyunsaturated_fatty_acids_to_monounsaturated_fatty_acids__locus295	chr11_60000001_63000001	noUKBB	PUFA_by_MUFA_chr11:59341330-61340916_L2	L2	1	0	0	0.00549311946710512	0
Ratio_of_polyunsaturated_fatty_acids_to_monounsaturated_fatty_acids__locus295	chr11_60000001_63000001	noUKBB	PUFA_by_MUFA_chr11:59341330-61340916_L2	L1	1	0	0	0.00495333318197227	0
Ratio_of_polyunsaturated_fatty_acids_to_monounsaturated_fatty_acids__locus295	chr11_60000001_63000001	noUKBB	PUFA_by_MUFA_chr11:59341330-61340916_L3	L2	0	0	0		0
Ratio_of_polyunsaturated_fatty_acids_to_monounsaturated_fatty_acids__locus295	chr11_60000001_63000001	noUKBB	PUFA_by_MUFA_chr11:59341330-61340916_L3	L1	0	0	0		0
Ratio_of_polyunsaturated_fatty_acids_to_monounsaturated_fatty_acids__locus295	chr11_60000001_63000001	noUKBB	PUFA_by_MUFA_chr11:59341330-61340916_L4	L2	0	0	0		0
Ratio_of_polyunsaturated_fatty_acids_to_monounsaturated_fatty_acids__locus295	chr11_60000001_63000001	noUKBB	PUFA_by_MUFA_chr11:59341330-61340916_L4	L1	0	0	0		0
Ratio_of_polyunsaturated_fatty_acids_to_monounsaturated_fatty_acids__locus295	chr11_60000001_63000001	noUKBB	PUFA_by_MUFA_chr11:59341330-61340916_L7	L2	0	0	0		0
Ratio_of_polyunsaturated_fatty_acids_to_monounsaturated_fatty_acids__locus295	chr11_60000001_63000001	noUKBB	PUFA_by_MUFA_chr11:59341330-61340916_L7	L1	0	0	0		0
Ratio_of_polyunsaturated_fatty_acids_to_monounsaturated_fatty_acids__locus295	chr11_60000001_63000001	noUKBB	PUFA_by_MUFA_chr11:59341330-61340916_L8	L2	0	0	0		0
Ratio_of_polyunsaturated_fatty_acids_to_monounsaturated_fatty_acids__locus295	chr11_60000001_63000001	noUKBB	PUFA_by_MUFA_chr11:59341330-61340916_L8	L1	0	0	0		0
Ratio_of_polyunsaturated_fatty_acids_to_monounsaturated_fatty_acids__locus295	chr11_60000001_63000001	noUKBB	PUFA_by_MUFA_chr11:60820861-62820799_L1	L2	1	0	0	0.000362746185989471	0
Ratio_of_polyunsaturated_fatty_acids_to_monounsaturated_fatty_acids__locus295	chr11_60000001_63000001	noUKBB	PUFA_by_MUFA_chr11:60820861-62820799_L1	L1	1	1	0.032258064516129	0.962576786514674	0.0342815796504164
Ratio_of_polyunsaturated_fatty_acids_to_monounsaturated_fatty_acids__locus295	chr11_60000001_63000001	noUKBB	PUFA_by_MUFA_chr11:60820861-62820799_L2	L2	1	0	0	0.00260909215307947	0
Ratio_of_polyunsaturated_fatty_acids_to_monounsaturated_fatty_acids__locus295	chr11_60000001_63000001	noUKBB	PUFA_by_MUFA_chr11:60820861-62820799_L2	L1	1	0	0	0.148829639696121	0
Ratio_of_polyunsaturated_fatty_acids_to_monounsaturated_fatty_acids__locus295	chr11_60000001_63000001	noUKBB	PUFA_by_MUFA_chr11:60820861-62820799_L4	L2	1	0	0	0.000353358963423922	0
Ratio_of_polyunsaturated_fatty_acids_to_monounsaturated_fatty_acids__locus295	chr11_60000001_63000001	noUKBB	PUFA_by_MUFA_chr11:60820861-62820799_L4	L1	1	0	0	0.032503919444494	0
Ratio_of_polyunsaturated_fatty_acids_to_monounsaturated_fatty_acids__locus295	chr11_60000001_63000001	noUKBB	PUFA_by_MUFA_chr11:60820861-62820799_L5	L2	1	0	0	0.00220937525471149	0
Ratio_of_polyunsaturated_fatty_acids_to_monounsaturated_fatty_acids__locus295	chr11_60000001_63000001	noUKBB	PUFA_by_MUFA_chr11:60820861-62820799_L5	L1	1	0	0	0.0510439700399454	0
Ratio_of_polyunsaturated_fatty_acids_to_monounsaturated_fatty_acids__locus295	chr11_60000001_63000001	noUKBB	PUFA_by_MUFA_chr11:62231065-64230743_L1	L2	0	0	0		0
Ratio_of_polyunsaturated_fatty_acids_to_monounsaturated_fatty_acids__locus295	chr11_60000001_63000001	noUKBB	PUFA_by_MUFA_chr11:62231065-64230743_L1	L1	0	0	0		0
Ratio_of_polyunsaturated_fatty_acids_to_monounsaturated_fatty_acids__locus295	chr11_60000001_63000001	noUKBB	PUFA_by_MUFA_chr11:62231065-64230743_L3	L2	1	0	0	2.33631935914258e-06	0
Ratio_of_polyunsaturated_fatty_acids_to_monounsaturated_fatty_acids__locus295	chr11_60000001_63000001	noUKBB	PUFA_by_MUFA_chr11:62231065-64230743_L3	L1	1	0	0	0.0070177710650674	0
Ratio_of_polyunsaturated_fatty_acids_to_monounsaturated_fatty_acids__locus295	chr11_60000001_63000001	noUKBB	PUFA_by_MUFA_chr11:62231065-64230743_L4	L2	1	0	0	0.00036835742012499	0
Ratio_of_polyunsaturated_fatty_acids_to_monounsaturated_fatty_acids__locus295	chr11_60000001_63000001	noUKBB	PUFA_by_MUFA_chr11:62231065-64230743_L4	L1	1	0	0	0.000237830431252042	0
Ratio_of_polyunsaturated_fatty_acids_to_monounsaturated_fatty_acids__locus295	chr11_60000001_63000001	noUKBB	PUFA_by_MUFA_chr11:62231065-64230743_L5	L2	1	0	0	2.05739449182863e-05	0
Ratio_of_polyunsaturated_fatty_acids_to_monounsaturated_fatty_acids__locus295	chr11_60000001_63000001	noUKBB	PUFA_by_MUFA_chr11:62231065-64230743_L5	L1	1	0	0	0.00177734409398256	0
Ratio_of_polyunsaturated_fatty_acids_to_monounsaturated_fatty_acids__locus295	chr11_60000001_63000001	noUKBB	PUFA_by_MUFA_chr11:62231065-64230743_L6	L2	0	0	0		0
Ratio_of_polyunsaturated_fatty_acids_to_monounsaturated_fatty_acids__locus295	chr11_60000001_63000001	noUKBB	PUFA_by_MUFA_chr11:62231065-64230743_L6	L1	0	0	0		0
Ratio_of_polyunsaturated_fatty_acids_to_total_fatty_acids__locus273	chr11_60000001_63000001	noUKBB	PUFA_pct_chr11:60820861-62820799_L1	L2	1	0	0	0.000362746185989471	0
Ratio_of_polyunsaturated_fatty_acids_to_total_fatty_acids__locus273	chr11_60000001_63000001	noUKBB	PUFA_pct_chr11:60820861-62820799_L1	L1	1	1	0.032258064516129	0.962576786514674	0.0340778940330526
Ratio_of_polyunsaturated_fatty_acids_to_total_fatty_acids__locus273	chr11_60000001_63000001	noUKBB	PUFA_pct_chr11:60820861-62820799_L2	L2	1	0	0	0.000395229009667323	0
Ratio_of_polyunsaturated_fatty_acids_to_total_fatty_acids__locus273	chr11_60000001_63000001	noUKBB	PUFA_pct_chr11:60820861-62820799_L2	L1	1	0	0	0.234424157548866	0
Ratio_of_polyunsaturated_fatty_acids_to_total_fatty_acids__locus273	chr11_60000001_63000001	noUKBB	PUFA_pct_chr11:60820861-62820799_L3	L2	1	0	0	0.00315382961001648	0
Ratio_of_polyunsaturated_fatty_acids_to_total_fatty_acids__locus273	chr11_60000001_63000001	noUKBB	PUFA_pct_chr11:60820861-62820799_L3	L1	1	0	0	0.648034224042338	0
Ratio_of_polyunsaturated_fatty_acids_to_total_fatty_acids__locus273	chr11_60000001_63000001	noUKBB	PUFA_pct_chr11:60820861-62820799_L4	L2	1	0	0	0.000353358963423922	0
Ratio_of_polyunsaturated_fatty_acids_to_total_fatty_acids__locus273	chr11_60000001_63000001	noUKBB	PUFA_pct_chr11:60820861-62820799_L4	L1	1	0	0	0.032503919444494	0
Triglycerides_to_total_lipids_ratio_in_very_large_HDL__locus320	chr11_60000001_63000001	noUKBB	XL_HDL_TG_pct_chr11:60820861-62820799_L1	L2	1	0	0	0.000369145321672315	0
Triglycerides_to_total_lipids_ratio_in_very_large_HDL__locus320	chr11_60000001_63000001	noUKBB	XL_HDL_TG_pct_chr11:60820861-62820799_L1	L1	1	4	0.129032258064516	0.959035771331074	0.0306484883263175
Triglycerides_to_total_lipids_ratio_in_very_large_HDL__locus320	chr11_60000001_63000001	noUKBB	XL_HDL_TG_pct_chr11:60820861-62820799_L2	L2	0.905396469082353	0	0	2.33249625864102e-06	0
Triglycerides_to_total_lipids_ratio_in_very_large_HDL__locus320	chr11_60000001_63000001	noUKBB	XL_HDL_TG_pct_chr11:60820861-62820799_L2	L1	0.905396469082353	0	0	0.000104592336042098	0
Triglycerides_to_total_lipids_ratio_in_very_large_HDL__locus320	chr11_60000001_63000001	noUKBB	XL_HDL_TG_pct_chr11:60820861-62820799_L3	L2	1	0	0	0.000608657297123616	0
Triglycerides_to_total_lipids_ratio_in_very_large_HDL__locus320	chr11_60000001_63000001	noUKBB	XL_HDL_TG_pct_chr11:60820861-62820799_L3	L1	1	0	0	0.243780386674107	0
Triglycerides_to_total_lipids_ratio_in_very_large_HDL__locus320	chr11_60000001_63000001	noUKBB	XL_HDL_TG_pct_chr11:60820861-62820799_L4	L2	1	0	0	0.000353358963423922	0
Triglycerides_to_total_lipids_ratio_in_very_large_HDL__locus320	chr11_60000001_63000001	noUKBB	XL_HDL_TG_pct_chr11:60820861-62820799_L4	L1	1	0	0	0.032503919444494	0
Cholesterol_to_total_lipids_ratio_in_large_HDL__locus328	chr11_60000001_63000001	noUKBB	L_HDL_C_pct_chr11:60825690-62825489_L1	L2	1	0	0	0.000369145321672315	0
Cholesterol_to_total_lipids_ratio_in_large_HDL__locus328	chr11_60000001_63000001	noUKBB	L_HDL_C_pct_chr11:60825690-62825489_L1	L1	1	4	0.125	0.959035771331074	0.0261371472218596
Cholesterol_to_total_lipids_ratio_in_large_HDL__locus328	chr11_60000001_63000001	noUKBB	L_HDL_C_pct_chr11:60825690-62825489_L3	L2	0.84134707112062	0	0	0.00273244955170239	0
Cholesterol_to_total_lipids_ratio_in_large_HDL__locus328	chr11_60000001_63000001	noUKBB	L_HDL_C_pct_chr11:60825690-62825489_L3	L1	0.84134707112062	0	0	0.139820953468245	0
Monounsaturated_fatty_acids__locus275	chr11_60000001_63000001	noUKBB	MUFA_chr11:60820861-62820799_L1	L2	1	0	0	0.000369145321672315	0
Monounsaturated_fatty_acids__locus275	chr11_60000001_63000001	noUKBB	MUFA_chr11:60820861-62820799_L1	L1	1	4	0.125	0.959035771331074	0.029989580566539
Monounsaturated_fatty_acids__locus275	chr11_60000001_63000001	noUKBB	MUFA_chr11:60820861-62820799_L2	L2	0.856275336861133	0	0	5.97635796638664e-05	0
Monounsaturated_fatty_acids__locus275	chr11_60000001_63000001	noUKBB	MUFA_chr11:60820861-62820799_L2	L1	0.856275336861133	0	0	0.000206351156649909	0
Monounsaturated_fatty_acids__locus275	chr11_60000001_63000001	noUKBB	MUFA_chr11:60820861-62820799_L3	L2	0.98900738221996	0	0	0.000608657297123616	0
Monounsaturated_fatty_acids__locus275	chr11_60000001_63000001	noUKBB	MUFA_chr11:60820861-62820799_L3	L1	0.98900738221996	0	0	0.243780386674107	0
Cholesterol_to_total_lipids_ratio_in_very_large_VLDL__locus268	chr11_60000001_63000001	noUKBB	XL_VLDL_C_pct_chr11:60824943-62824727_L1	L2	1	0	0	0.000348968660648499	0
Cholesterol_to_total_lipids_ratio_in_very_large_VLDL__locus268	chr11_60000001_63000001	noUKBB	XL_VLDL_C_pct_chr11:60824943-62824727_L1	L1	1	4	0.125	0.971735416716001	0.0177602379043567
Cholesterol_to_total_lipids_ratio_in_very_large_VLDL__locus268	chr11_60000001_63000001	noUKBB	XL_VLDL_C_pct_chr11:60824943-62824727_L2	L2	0.0925711959262843	0	0	3.53248487186908e-05	0
Cholesterol_to_total_lipids_ratio_in_very_large_VLDL__locus268	chr11_60000001_63000001	noUKBB	XL_VLDL_C_pct_chr11:60824943-62824727_L2	L1	0.0925711959262843	0	0	0.000240617573847948	0
Cholesterol_to_total_lipids_ratio_in_very_large_VLDL__locus268	chr11_60000001_63000001	noUKBB	XL_VLDL_C_pct_chr11:60824943-62824727_L3	L2	0.92385739937674	0	0	0.000608657297123616	0
Cholesterol_to_total_lipids_ratio_in_very_large_VLDL__locus268	chr11_60000001_63000001	noUKBB	XL_VLDL_C_pct_chr11:60824943-62824727_L3	L1	0.92385739937674	0	0	0.243780386674107	0
Free_cholesterol_in_very_large_HDL__locus289	chr20_44000001_47000001	main	XL_HDL_FC_chr20:44932273-46932122_L1	L1	0.0609207348986848	0	0		0
Free_cholesterol_in_very_large_HDL__locus289	chr20_44000001_47000001	main	XL_HDL_FC_chr20:44932273-46932122_L1	L2	0.0609207348986848	0	0		0
Free_cholesterol_in_very_large_HDL__locus289	chr20_44000001_47000001	main	XL_HDL_FC_chr20:44932273-46932122_L1	L3	0.0609207348986848	0	0		0
Free_cholesterol_in_very_large_HDL__locus289	chr20_44000001_47000001	main	XL_HDL_FC_chr20:44932273-46932122_L10	L1	1	0	0	0.0279993577581514	0
Free_cholesterol_in_very_large_HDL__locus289	chr20_44000001_47000001	main	XL_HDL_FC_chr20:44932273-46932122_L10	L2	1	0	0	9.31629838633549e-06	0
Free_cholesterol_in_very_large_HDL__locus289	chr20_44000001_47000001	main	XL_HDL_FC_chr20:44932273-46932122_L10	L3	1	0	0	0.0139068792323229	0
Free_cholesterol_in_very_large_HDL__locus289	chr20_44000001_47000001	main	XL_HDL_FC_chr20:44932273-46932122_L2	L1	1	0	0	0.0245559127981929	0
Free_cholesterol_in_very_large_HDL__locus289	chr20_44000001_47000001	main	XL_HDL_FC_chr20:44932273-46932122_L2	L2	1	0	0	4.65530943298577e-05	0
Free_cholesterol_in_very_large_HDL__locus289	chr20_44000001_47000001	main	XL_HDL_FC_chr20:44932273-46932122_L2	L3	1	0	0	2.10556624916786e-05	0
Free_cholesterol_in_very_large_HDL__locus289	chr20_44000001_47000001	main	XL_HDL_FC_chr20:44932273-46932122_L3	L1	0	0	0		0
Free_cholesterol_in_very_large_HDL__locus289	chr20_44000001_47000001	main	XL_HDL_FC_chr20:44932273-46932122_L3	L2	0	0	0		0
Free_cholesterol_in_very_large_HDL__locus289	chr20_44000001_47000001	main	XL_HDL_FC_chr20:44932273-46932122_L3	L3	0	0	0		0
Free_cholesterol_in_very_large_HDL__locus289	chr20_44000001_47000001	main	XL_HDL_FC_chr20:44932273-46932122_L8	L1	0.895345173342137	0	0	0.00972746169517169	0
Free_cholesterol_in_very_large_HDL__locus289	chr20_44000001_47000001	main	XL_HDL_FC_chr20:44932273-46932122_L8	L2	0.895345173342137	0	0	4.42181384224813e-05	0
Free_cholesterol_in_very_large_HDL__locus289	chr20_44000001_47000001	main	XL_HDL_FC_chr20:44932273-46932122_L8	L3	0.895345173342137	0	0	0.0022097006090195	0
Free_cholesterol_in_very_large_HDL__locus289	chr20_44000001_47000001	noUKBB	XL_HDL_FC_chr20:44932273-46932122_L1	L1	0.0609207348986848	0	0		0
Free_cholesterol_in_very_large_HDL__locus289	chr20_44000001_47000001	noUKBB	XL_HDL_FC_chr20:44932273-46932122_L1	L2	0.0609207348986848	0	0		0
Free_cholesterol_in_very_large_HDL__locus289	chr20_44000001_47000001	noUKBB	XL_HDL_FC_chr20:44932273-46932122_L1	L3	0.0609207348986848	0	0		0
Free_cholesterol_in_very_large_HDL__locus289	chr20_44000001_47000001	noUKBB	XL_HDL_FC_chr20:44932273-46932122_L10	L1	1	0	0	0.0279993577581514	0
Free_cholesterol_in_very_large_HDL__locus289	chr20_44000001_47000001	noUKBB	XL_HDL_FC_chr20:44932273-46932122_L10	L2	1	0	0	8.9158993526063e-06	0
Free_cholesterol_in_very_large_HDL__locus289	chr20_44000001_47000001	noUKBB	XL_HDL_FC_chr20:44932273-46932122_L10	L3	1	0	0	0.00642184793303025	0
Free_cholesterol_in_very_large_HDL__locus289	chr20_44000001_47000001	noUKBB	XL_HDL_FC_chr20:44932273-46932122_L2	L1	1	0	0	0.0245559127981929	0
Free_cholesterol_in_very_large_HDL__locus289	chr20_44000001_47000001	noUKBB	XL_HDL_FC_chr20:44932273-46932122_L2	L2	1	0	0	4.66530390502741e-05	0
Free_cholesterol_in_very_large_HDL__locus289	chr20_44000001_47000001	noUKBB	XL_HDL_FC_chr20:44932273-46932122_L2	L3	1	0	0	0.000713979027908165	0
Free_cholesterol_in_very_large_HDL__locus289	chr20_44000001_47000001	noUKBB	XL_HDL_FC_chr20:44932273-46932122_L3	L1	0	0	0		0
Free_cholesterol_in_very_large_HDL__locus289	chr20_44000001_47000001	noUKBB	XL_HDL_FC_chr20:44932273-46932122_L3	L2	0	0	0		0
Free_cholesterol_in_very_large_HDL__locus289	chr20_44000001_47000001	noUKBB	XL_HDL_FC_chr20:44932273-46932122_L3	L3	0	0	0		0
Free_cholesterol_in_very_large_HDL__locus289	chr20_44000001_47000001	noUKBB	XL_HDL_FC_chr20:44932273-46932122_L8	L1	0.895345173342137	0	0	0.00972746169517169	0
Free_cholesterol_in_very_large_HDL__locus289	chr20_44000001_47000001	noUKBB	XL_HDL_FC_chr20:44932273-46932122_L8	L2	0.895345173342137	0	0	4.57196852267294e-05	0
Free_cholesterol_in_very_large_HDL__locus289	chr20_44000001_47000001	noUKBB	XL_HDL_FC_chr20:44932273-46932122_L8	L3	0.895345173342137	0	0	0.0035192631663295	0
