trait_id	trait_display	display_rule	abbreviation_note
Acetate	Acetate	source-name normalization	Journal-facing trait labels use full lipoprotein names; raw source IDs are retained separately for reproducibility.
Acetoacetate	Acetoacetate	source-name normalization	Journal-facing trait labels use full lipoprotein names; raw source IDs are retained separately for reproducibility.
Acetone	Acetone	source-name normalization	Journal-facing trait labels use full lipoprotein names; raw source IDs are retained separately for reproducibility.
Alanine	Alanine	source-name normalization	Journal-facing trait labels use full lipoprotein names; raw source IDs are retained separately for reproducibility.
Albumin	Albumin	source-name normalization	Journal-facing trait labels use full lipoprotein names; raw source IDs are retained separately for reproducibility.
ApoA1	Apolipoprotein A1	explicit expansion	Journal-facing trait labels use full lipoprotein names; raw source IDs are retained separately for reproducibility.
ApoB	Apolipoprotein B	explicit expansion	Journal-facing trait labels use full lipoprotein names; raw source IDs are retained separately for reproducibility.
ApoB_by_ApoA1	Apolipoprotein B/apolipoprotein A1 ratio	explicit expansion	Journal-facing trait labels use full lipoprotein names; raw source IDs are retained separately for reproducibility.
Average_diameter_for_LDL_particles	Mean low-density lipoprotein particle diameter	source-name normalization	Journal-facing trait labels use full lipoprotein names; raw source IDs are retained separately for reproducibility.
Average_diameter_for_VLDL_particles	Mean very-low-density lipoprotein particle diameter	source-name normalization	Journal-facing trait labels use full lipoprotein names; raw source IDs are retained separately for reproducibility.
Cholesterol_in_IDL	Cholesterol in intermediate-density lipoprotein	source-name normalization	Journal-facing trait labels use full lipoprotein names; raw source IDs are retained separately for reproducibility.
Cholesterol_in_chylomicrons_and_extremely_large_VLDL	Cholesterol in chylomicrons and extremely large very-low-density lipoprotein	source-name normalization	Journal-facing trait labels use full lipoprotein names; raw source IDs are retained separately for reproducibility.
Cholesterol_in_large_HDL	Cholesterol in large high-density lipoprotein	source-name normalization	Journal-facing trait labels use full lipoprotein names; raw source IDs are retained separately for reproducibility.
Cholesterol_in_large_LDL	Cholesterol in large low-density lipoprotein	source-name normalization	Journal-facing trait labels use full lipoprotein names; raw source IDs are retained separately for reproducibility.
Cholesterol_in_large_VLDL	Cholesterol in large very-low-density lipoprotein	source-name normalization	Journal-facing trait labels use full lipoprotein names; raw source IDs are retained separately for reproducibility.
Cholesterol_in_medium_HDL	Cholesterol in medium high-density lipoprotein	source-name normalization	Journal-facing trait labels use full lipoprotein names; raw source IDs are retained separately for reproducibility.
Cholesterol_in_medium_LDL	Cholesterol in medium low-density lipoprotein	source-name normalization	Journal-facing trait labels use full lipoprotein names; raw source IDs are retained separately for reproducibility.
Cholesterol_in_medium_VLDL	Cholesterol in medium very-low-density lipoprotein	source-name normalization	Journal-facing trait labels use full lipoprotein names; raw source IDs are retained separately for reproducibility.
Cholesterol_in_small_HDL	Cholesterol in small high-density lipoprotein	source-name normalization	Journal-facing trait labels use full lipoprotein names; raw source IDs are retained separately for reproducibility.
Cholesterol_in_small_LDL	Cholesterol in small low-density lipoprotein	source-name normalization	Journal-facing trait labels use full lipoprotein names; raw source IDs are retained separately for reproducibility.
Cholesterol_in_small_VLDL	Cholesterol in small very-low-density lipoprotein	source-name normalization	Journal-facing trait labels use full lipoprotein names; raw source IDs are retained separately for reproducibility.
Cholesterol_in_very_large_HDL	Cholesterol in very large high-density lipoprotein	source-name normalization	Journal-facing trait labels use full lipoprotein names; raw source IDs are retained separately for reproducibility.
Cholesterol_in_very_large_VLDL	Cholesterol in very large very-low-density lipoprotein	source-name normalization	Journal-facing trait labels use full lipoprotein names; raw source IDs are retained separately for reproducibility.
Cholesterol_in_very_small_VLDL	Cholesterol in very small very-low-density lipoprotein	source-name normalization	Journal-facing trait labels use full lipoprotein names; raw source IDs are retained separately for reproducibility.
Cholesterol_to_total_lipids_ratio_in_IDL	Cholesterol/total lipids ratio in intermediate-density lipoprotein	source-name normalization	Journal-facing trait labels use full lipoprotein names; raw source IDs are retained separately for reproducibility.
Cholesterol_to_total_lipids_ratio_in_chylomicrons_and_extremely_large_VLDL	Cholesterol/total lipids ratio in chylomicrons and extremely large very-low-density lipoprotein	source-name normalization	Journal-facing trait labels use full lipoprotein names; raw source IDs are retained separately for reproducibility.
Cholesterol_to_total_lipids_ratio_in_large_HDL	Cholesterol/total lipids ratio in large high-density lipoprotein	source-name normalization	Journal-facing trait labels use full lipoprotein names; raw source IDs are retained separately for reproducibility.
Cholesterol_to_total_lipids_ratio_in_large_LDL	Cholesterol/total lipids ratio in large low-density lipoprotein	source-name normalization	Journal-facing trait labels use full lipoprotein names; raw source IDs are retained separately for reproducibility.
Cholesterol_to_total_lipids_ratio_in_large_VLDL	Cholesterol/total lipids ratio in large very-low-density lipoprotein	source-name normalization	Journal-facing trait labels use full lipoprotein names; raw source IDs are retained separately for reproducibility.
Cholesterol_to_total_lipids_ratio_in_medium_HDL	Cholesterol/total lipids ratio in medium high-density lipoprotein	source-name normalization	Journal-facing trait labels use full lipoprotein names; raw source IDs are retained separately for reproducibility.
Cholesterol_to_total_lipids_ratio_in_medium_LDL	Cholesterol/total lipids ratio in medium low-density lipoprotein	source-name normalization	Journal-facing trait labels use full lipoprotein names; raw source IDs are retained separately for reproducibility.
Cholesterol_to_total_lipids_ratio_in_medium_VLDL	Cholesterol/total lipids ratio in medium very-low-density lipoprotein	source-name normalization	Journal-facing trait labels use full lipoprotein names; raw source IDs are retained separately for reproducibility.
Cholesterol_to_total_lipids_ratio_in_small_HDL	Cholesterol/total lipids ratio in small high-density lipoprotein	source-name normalization	Journal-facing trait labels use full lipoprotein names; raw source IDs are retained separately for reproducibility.
Cholesterol_to_total_lipids_ratio_in_small_LDL	Cholesterol/total lipids ratio in small low-density lipoprotein	source-name normalization	Journal-facing trait labels use full lipoprotein names; raw source IDs are retained separately for reproducibility.
Cholesterol_to_total_lipids_ratio_in_small_VLDL	Cholesterol/total lipids ratio in small very-low-density lipoprotein	source-name normalization	Journal-facing trait labels use full lipoprotein names; raw source IDs are retained separately for reproducibility.
Cholesterol_to_total_lipids_ratio_in_very_large_HDL	Cholesterol/total lipids ratio in very large high-density lipoprotein	source-name normalization	Journal-facing trait labels use full lipoprotein names; raw source IDs are retained separately for reproducibility.
Cholesterol_to_total_lipids_ratio_in_very_large_VLDL	Cholesterol/total lipids ratio in very large very-low-density lipoprotein	source-name normalization	Journal-facing trait labels use full lipoprotein names; raw source IDs are retained separately for reproducibility.
Cholesterol_to_total_lipids_ratio_in_very_small_VLDL	Cholesterol/total lipids ratio in very small very-low-density lipoprotein	source-name normalization	Journal-facing trait labels use full lipoprotein names; raw source IDs are retained separately for reproducibility.
Cholesteryl_esters_in_LDL	Cholesteryl esters in low-density lipoprotein	source-name normalization	Journal-facing trait labels use full lipoprotein names; raw source IDs are retained separately for reproducibility.
Cholesteryl_esters_in_VLDL	Cholesteryl esters in very-low-density lipoprotein	source-name normalization	Journal-facing trait labels use full lipoprotein names; raw source IDs are retained separately for reproducibility.
Cholesteryl_esters_in_chylomicrons_and_extremely_large_VLDL	Cholesteryl esters in chylomicrons and extremely large very-low-density lipoprotein	source-name normalization	Journal-facing trait labels use full lipoprotein names; raw source IDs are retained separately for reproducibility.
Cholesteryl_esters_in_large_HDL	Cholesteryl esters in large high-density lipoprotein	source-name normalization	Journal-facing trait labels use full lipoprotein names; raw source IDs are retained separately for reproducibility.
Cholesteryl_esters_in_large_LDL	Cholesteryl esters in large low-density lipoprotein	source-name normalization	Journal-facing trait labels use full lipoprotein names; raw source IDs are retained separately for reproducibility.
Cholesteryl_esters_in_large_VLDL	Cholesteryl esters in large very-low-density lipoprotein	source-name normalization	Journal-facing trait labels use full lipoprotein names; raw source IDs are retained separately for reproducibility.
Cholesteryl_esters_in_medium_HDL	Cholesteryl esters in medium high-density lipoprotein	source-name normalization	Journal-facing trait labels use full lipoprotein names; raw source IDs are retained separately for reproducibility.
Cholesteryl_esters_in_medium_LDL	Cholesteryl esters in medium low-density lipoprotein	source-name normalization	Journal-facing trait labels use full lipoprotein names; raw source IDs are retained separately for reproducibility.
Cholesteryl_esters_in_medium_VLDL	Cholesteryl esters in medium very-low-density lipoprotein	source-name normalization	Journal-facing trait labels use full lipoprotein names; raw source IDs are retained separately for reproducibility.
Cholesteryl_esters_in_small_HDL	Cholesteryl esters in small high-density lipoprotein	source-name normalization	Journal-facing trait labels use full lipoprotein names; raw source IDs are retained separately for reproducibility.
Cholesteryl_esters_in_small_LDL	Cholesteryl esters in small low-density lipoprotein	source-name normalization	Journal-facing trait labels use full lipoprotein names; raw source IDs are retained separately for reproducibility.
Cholesteryl_esters_in_small_VLDL	Cholesteryl esters in small very-low-density lipoprotein	source-name normalization	Journal-facing trait labels use full lipoprotein names; raw source IDs are retained separately for reproducibility.
Cholesteryl_esters_in_very_large_HDL	Cholesteryl esters in very large high-density lipoprotein	source-name normalization	Journal-facing trait labels use full lipoprotein names; raw source IDs are retained separately for reproducibility.
Cholesteryl_esters_in_very_large_VLDL	Cholesteryl esters in very large very-low-density lipoprotein	source-name normalization	Journal-facing trait labels use full lipoprotein names; raw source IDs are retained separately for reproducibility.
Cholesteryl_esters_in_very_small_VLDL	Cholesteryl esters in very small very-low-density lipoprotein	source-name normalization	Journal-facing trait labels use full lipoprotein names; raw source IDs are retained separately for reproducibility.
Cholesteryl_esters_to_total_lipids_ratio_in_chylomicrons_and_extremely_large_VLDL	Cholesteryl esters/total lipids ratio in chylomicrons and extremely large very-low-density lipoprotein	source-name normalization	Journal-facing trait labels use full lipoprotein names; raw source IDs are retained separately for reproducibility.
Cholesteryl_esters_to_total_lipids_ratio_in_large_HDL	Cholesteryl esters/total lipids ratio in large high-density lipoprotein	source-name normalization	Journal-facing trait labels use full lipoprotein names; raw source IDs are retained separately for reproducibility.
Cholesteryl_esters_to_total_lipids_ratio_in_large_LDL	Cholesteryl esters/total lipids ratio in large low-density lipoprotein	source-name normalization	Journal-facing trait labels use full lipoprotein names; raw source IDs are retained separately for reproducibility.
Cholesteryl_esters_to_total_lipids_ratio_in_large_VLDL	Cholesteryl esters/total lipids ratio in large very-low-density lipoprotein	source-name normalization	Journal-facing trait labels use full lipoprotein names; raw source IDs are retained separately for reproducibility.
Cholesteryl_esters_to_total_lipids_ratio_in_medium_HDL	Cholesteryl esters/total lipids ratio in medium high-density lipoprotein	source-name normalization	Journal-facing trait labels use full lipoprotein names; raw source IDs are retained separately for reproducibility.
Cholesteryl_esters_to_total_lipids_ratio_in_medium_LDL	Cholesteryl esters/total lipids ratio in medium low-density lipoprotein	source-name normalization	Journal-facing trait labels use full lipoprotein names; raw source IDs are retained separately for reproducibility.
Cholesteryl_esters_to_total_lipids_ratio_in_medium_VLDL	Cholesteryl esters/total lipids ratio in medium very-low-density lipoprotein	source-name normalization	Journal-facing trait labels use full lipoprotein names; raw source IDs are retained separately for reproducibility.
Cholesteryl_esters_to_total_lipids_ratio_in_small_HDL	Cholesteryl esters/total lipids ratio in small high-density lipoprotein	source-name normalization	Journal-facing trait labels use full lipoprotein names; raw source IDs are retained separately for reproducibility.
Cholesteryl_esters_to_total_lipids_ratio_in_small_LDL	Cholesteryl esters/total lipids ratio in small low-density lipoprotein	source-name normalization	Journal-facing trait labels use full lipoprotein names; raw source IDs are retained separately for reproducibility.
Cholesteryl_esters_to_total_lipids_ratio_in_small_VLDL	Cholesteryl esters/total lipids ratio in small very-low-density lipoprotein	source-name normalization	Journal-facing trait labels use full lipoprotein names; raw source IDs are retained separately for reproducibility.
Cholesteryl_esters_to_total_lipids_ratio_in_very_large_HDL	Cholesteryl esters/total lipids ratio in very large high-density lipoprotein	source-name normalization	Journal-facing trait labels use full lipoprotein names; raw source IDs are retained separately for reproducibility.
Cholesteryl_esters_to_total_lipids_ratio_in_very_large_VLDL	Cholesteryl esters/total lipids ratio in very large very-low-density lipoprotein	source-name normalization	Journal-facing trait labels use full lipoprotein names; raw source IDs are retained separately for reproducibility.
Cholesteryl_esters_to_total_lipids_ratio_in_very_small_VLDL	Cholesteryl esters/total lipids ratio in very small very-low-density lipoprotein	source-name normalization	Journal-facing trait labels use full lipoprotein names; raw source IDs are retained separately for reproducibility.
Cholines	Cholines	source-name normalization	Journal-facing trait labels use full lipoprotein names; raw source IDs are retained separately for reproducibility.
Citrate	Citrate	source-name normalization	Journal-facing trait labels use full lipoprotein names; raw source IDs are retained separately for reproducibility.
Clinical_LDL_C	Clinical low-density lipoprotein cholesterol	explicit expansion	Journal-facing trait labels use full lipoprotein names; raw source IDs are retained separately for reproducibility.
Concentration_of_IDL_particles	Intermediate-density lipoprotein particle concentration	source-name normalization	Journal-facing trait labels use full lipoprotein names; raw source IDs are retained separately for reproducibility.
Concentration_of_LDL_particles	Low-density lipoprotein particle concentration	source-name normalization	Journal-facing trait labels use full lipoprotein names; raw source IDs are retained separately for reproducibility.
Concentration_of_VLDL_particles	Very-low-density lipoprotein particle concentration	source-name normalization	Journal-facing trait labels use full lipoprotein names; raw source IDs are retained separately for reproducibility.
Concentration_of_chylomicrons_and_extremely_large_VLDL_particles	Chylomicrons and extremely large very-low-density lipoprotein particle concentration	source-name normalization	Journal-facing trait labels use full lipoprotein names; raw source IDs are retained separately for reproducibility.
Concentration_of_large_HDL_particles	Large high-density lipoprotein particle concentration	source-name normalization	Journal-facing trait labels use full lipoprotein names; raw source IDs are retained separately for reproducibility.
Concentration_of_large_LDL_particles	Large low-density lipoprotein particle concentration	source-name normalization	Journal-facing trait labels use full lipoprotein names; raw source IDs are retained separately for reproducibility.
Concentration_of_large_VLDL_particles	Large very-low-density lipoprotein particle concentration	source-name normalization	Journal-facing trait labels use full lipoprotein names; raw source IDs are retained separately for reproducibility.
Concentration_of_medium_HDL_particles	Medium high-density lipoprotein particle concentration	source-name normalization	Journal-facing trait labels use full lipoprotein names; raw source IDs are retained separately for reproducibility.
Concentration_of_medium_LDL_particles	Medium low-density lipoprotein particle concentration	source-name normalization	Journal-facing trait labels use full lipoprotein names; raw source IDs are retained separately for reproducibility.
Concentration_of_medium_VLDL_particles	Medium very-low-density lipoprotein particle concentration	source-name normalization	Journal-facing trait labels use full lipoprotein names; raw source IDs are retained separately for reproducibility.
Concentration_of_small_HDL_particles	Small high-density lipoprotein particle concentration	source-name normalization	Journal-facing trait labels use full lipoprotein names; raw source IDs are retained separately for reproducibility.
Concentration_of_small_LDL_particles	Small low-density lipoprotein particle concentration	source-name normalization	Journal-facing trait labels use full lipoprotein names; raw source IDs are retained separately for reproducibility.
Concentration_of_small_VLDL_particles	Small very-low-density lipoprotein particle concentration	source-name normalization	Journal-facing trait labels use full lipoprotein names; raw source IDs are retained separately for reproducibility.
Concentration_of_very_large_HDL_particles	Very large high-density lipoprotein particle concentration	source-name normalization	Journal-facing trait labels use full lipoprotein names; raw source IDs are retained separately for reproducibility.
Concentration_of_very_large_VLDL_particles	Very large very-low-density lipoprotein particle concentration	source-name normalization	Journal-facing trait labels use full lipoprotein names; raw source IDs are retained separately for reproducibility.
Concentration_of_very_small_VLDL_particles	Very small very-low-density lipoprotein particle concentration	source-name normalization	Journal-facing trait labels use full lipoprotein names; raw source IDs are retained separately for reproducibility.
Creatinine	Creatinine	source-name normalization	Journal-facing trait labels use full lipoprotein names; raw source IDs are retained separately for reproducibility.
DHA	Docosahexaenoic acid	explicit expansion	Journal-facing trait labels use full lipoprotein names; raw source IDs are retained separately for reproducibility.
DHA_pct	Docosahexaenoic acid/total fatty acids ratio	explicit expansion	Journal-facing trait labels use full lipoprotein names; raw source IDs are retained separately for reproducibility.
Degree_of_unsaturation	Degree of unsaturation	source-name normalization	Journal-facing trait labels use full lipoprotein names; raw source IDs are retained separately for reproducibility.
Free_cholesterol_in_IDL	Free cholesterol in intermediate-density lipoprotein	source-name normalization	Journal-facing trait labels use full lipoprotein names; raw source IDs are retained separately for reproducibility.
Free_cholesterol_in_LDL	Free cholesterol in low-density lipoprotein	source-name normalization	Journal-facing trait labels use full lipoprotein names; raw source IDs are retained separately for reproducibility.
Free_cholesterol_in_VLDL	Free cholesterol in very-low-density lipoprotein	source-name normalization	Journal-facing trait labels use full lipoprotein names; raw source IDs are retained separately for reproducibility.
Free_cholesterol_in_chylomicrons_and_extremely_large_VLDL	Free cholesterol in chylomicrons and extremely large very-low-density lipoprotein	source-name normalization	Journal-facing trait labels use full lipoprotein names; raw source IDs are retained separately for reproducibility.
Free_cholesterol_in_large_HDL	Free cholesterol in large high-density lipoprotein	source-name normalization	Journal-facing trait labels use full lipoprotein names; raw source IDs are retained separately for reproducibility.
Free_cholesterol_in_large_LDL	Free cholesterol in large low-density lipoprotein	source-name normalization	Journal-facing trait labels use full lipoprotein names; raw source IDs are retained separately for reproducibility.
Free_cholesterol_in_large_VLDL	Free cholesterol in large very-low-density lipoprotein	source-name normalization	Journal-facing trait labels use full lipoprotein names; raw source IDs are retained separately for reproducibility.
Free_cholesterol_in_medium_HDL	Free cholesterol in medium high-density lipoprotein	source-name normalization	Journal-facing trait labels use full lipoprotein names; raw source IDs are retained separately for reproducibility.
Free_cholesterol_in_medium_LDL	Free cholesterol in medium low-density lipoprotein	source-name normalization	Journal-facing trait labels use full lipoprotein names; raw source IDs are retained separately for reproducibility.
Free_cholesterol_in_medium_VLDL	Free cholesterol in medium very-low-density lipoprotein	source-name normalization	Journal-facing trait labels use full lipoprotein names; raw source IDs are retained separately for reproducibility.
Free_cholesterol_in_small_HDL	Free cholesterol in small high-density lipoprotein	source-name normalization	Journal-facing trait labels use full lipoprotein names; raw source IDs are retained separately for reproducibility.
Free_cholesterol_in_small_LDL	Free cholesterol in small low-density lipoprotein	source-name normalization	Journal-facing trait labels use full lipoprotein names; raw source IDs are retained separately for reproducibility.
Free_cholesterol_in_small_VLDL	Free cholesterol in small very-low-density lipoprotein	source-name normalization	Journal-facing trait labels use full lipoprotein names; raw source IDs are retained separately for reproducibility.
Free_cholesterol_in_very_large_HDL	Free cholesterol in very large high-density lipoprotein	source-name normalization	Journal-facing trait labels use full lipoprotein names; raw source IDs are retained separately for reproducibility.
Free_cholesterol_in_very_large_VLDL	Free cholesterol in very large very-low-density lipoprotein	source-name normalization	Journal-facing trait labels use full lipoprotein names; raw source IDs are retained separately for reproducibility.
Free_cholesterol_in_very_small_VLDL	Free cholesterol in very small very-low-density lipoprotein	source-name normalization	Journal-facing trait labels use full lipoprotein names; raw source IDs are retained separately for reproducibility.
Free_cholesterol_to_total_lipids_ratio_in_IDL	Free cholesterol/total lipids ratio in intermediate-density lipoprotein	source-name normalization	Journal-facing trait labels use full lipoprotein names; raw source IDs are retained separately for reproducibility.
Free_cholesterol_to_total_lipids_ratio_in_chylomicrons_and_extremely_large_VLDL	Free cholesterol/total lipids ratio in chylomicrons and extremely large very-low-density lipoprotein	source-name normalization	Journal-facing trait labels use full lipoprotein names; raw source IDs are retained separately for reproducibility.
Free_cholesterol_to_total_lipids_ratio_in_large_HDL	Free cholesterol/total lipids ratio in large high-density lipoprotein	source-name normalization	Journal-facing trait labels use full lipoprotein names; raw source IDs are retained separately for reproducibility.
Free_cholesterol_to_total_lipids_ratio_in_large_LDL	Free cholesterol/total lipids ratio in large low-density lipoprotein	source-name normalization	Journal-facing trait labels use full lipoprotein names; raw source IDs are retained separately for reproducibility.
Free_cholesterol_to_total_lipids_ratio_in_large_VLDL	Free cholesterol/total lipids ratio in large very-low-density lipoprotein	source-name normalization	Journal-facing trait labels use full lipoprotein names; raw source IDs are retained separately for reproducibility.
Free_cholesterol_to_total_lipids_ratio_in_medium_HDL	Free cholesterol/total lipids ratio in medium high-density lipoprotein	source-name normalization	Journal-facing trait labels use full lipoprotein names; raw source IDs are retained separately for reproducibility.
Free_cholesterol_to_total_lipids_ratio_in_medium_LDL	Free cholesterol/total lipids ratio in medium low-density lipoprotein	source-name normalization	Journal-facing trait labels use full lipoprotein names; raw source IDs are retained separately for reproducibility.
Free_cholesterol_to_total_lipids_ratio_in_medium_VLDL	Free cholesterol/total lipids ratio in medium very-low-density lipoprotein	source-name normalization	Journal-facing trait labels use full lipoprotein names; raw source IDs are retained separately for reproducibility.
Free_cholesterol_to_total_lipids_ratio_in_small_HDL	Free cholesterol/total lipids ratio in small high-density lipoprotein	source-name normalization	Journal-facing trait labels use full lipoprotein names; raw source IDs are retained separately for reproducibility.
Free_cholesterol_to_total_lipids_ratio_in_small_LDL	Free cholesterol/total lipids ratio in small low-density lipoprotein	source-name normalization	Journal-facing trait labels use full lipoprotein names; raw source IDs are retained separately for reproducibility.
Free_cholesterol_to_total_lipids_ratio_in_small_VLDL	Free cholesterol/total lipids ratio in small very-low-density lipoprotein	source-name normalization	Journal-facing trait labels use full lipoprotein names; raw source IDs are retained separately for reproducibility.
Free_cholesterol_to_total_lipids_ratio_in_very_large_HDL	Free cholesterol/total lipids ratio in very large high-density lipoprotein	source-name normalization	Journal-facing trait labels use full lipoprotein names; raw source IDs are retained separately for reproducibility.
Free_cholesterol_to_total_lipids_ratio_in_very_large_VLDL	Free cholesterol/total lipids ratio in very large very-low-density lipoprotein	source-name normalization	Journal-facing trait labels use full lipoprotein names; raw source IDs are retained separately for reproducibility.
Free_cholesterol_to_total_lipids_ratio_in_very_small_VLDL	Free cholesterol/total lipids ratio in very small very-low-density lipoprotein	source-name normalization	Journal-facing trait labels use full lipoprotein names; raw source IDs are retained separately for reproducibility.
Gln	Glutamine	explicit expansion	Journal-facing trait labels use full lipoprotein names; raw source IDs are retained separately for reproducibility.
Glucose	Glucose	source-name normalization	Journal-facing trait labels use full lipoprotein names; raw source IDs are retained separately for reproducibility.
Gly	Glycine	explicit expansion	Journal-facing trait labels use full lipoprotein names; raw source IDs are retained separately for reproducibility.
GlycA	Glycoprotein acetyls	explicit expansion	Journal-facing trait labels use full lipoprotein names; raw source IDs are retained separately for reproducibility.
HDL_C	Total cholesterol in high-density lipoprotein	explicit expansion	Journal-facing trait labels use full lipoprotein names; raw source IDs are retained separately for reproducibility.
HDL_CE	Cholesteryl esters in high-density lipoprotein	explicit expansion	Journal-facing trait labels use full lipoprotein names; raw source IDs are retained separately for reproducibility.
HDL_FC	Free cholesterol in high-density lipoprotein	explicit expansion	Journal-facing trait labels use full lipoprotein names; raw source IDs are retained separately for reproducibility.
HDL_L	Total lipids in high-density lipoprotein	explicit expansion	Journal-facing trait labels use full lipoprotein names; raw source IDs are retained separately for reproducibility.
HDL_P	High-density lipoprotein particle concentration	explicit expansion	Journal-facing trait labels use full lipoprotein names; raw source IDs are retained separately for reproducibility.
HDL_PL	Phospholipids in high-density lipoprotein	explicit expansion	Journal-facing trait labels use full lipoprotein names; raw source IDs are retained separately for reproducibility.
HDL_TG	Triglycerides in high-density lipoprotein	explicit expansion	Journal-facing trait labels use full lipoprotein names; raw source IDs are retained separately for reproducibility.
HDL_size	Mean high-density lipoprotein particle diameter	explicit expansion	Journal-facing trait labels use full lipoprotein names; raw source IDs are retained separately for reproducibility.
His	Histidine	explicit expansion	Journal-facing trait labels use full lipoprotein names; raw source IDs are retained separately for reproducibility.
IDL_CE	Cholesteryl esters in intermediate-density lipoprotein	explicit expansion	Journal-facing trait labels use full lipoprotein names; raw source IDs are retained separately for reproducibility.
IDL_CE_pct	Cholesteryl esters/total lipids ratio in intermediate-density lipoprotein	explicit expansion	Journal-facing trait labels use full lipoprotein names; raw source IDs are retained separately for reproducibility.
Isoleucine	Isoleucine	source-name normalization	Journal-facing trait labels use full lipoprotein names; raw source IDs are retained separately for reproducibility.
LDL_cholesterol	Low-density lipoprotein cholesterol	explicit expansion	Journal-facing trait labels use full lipoprotein names; raw source IDs are retained separately for reproducibility.
Lactate	Lactate	source-name normalization	Journal-facing trait labels use full lipoprotein names; raw source IDs are retained separately for reproducibility.
Leucine	Leucine	source-name normalization	Journal-facing trait labels use full lipoprotein names; raw source IDs are retained separately for reproducibility.
Linoleic_acid	Linoleic acid	source-name normalization	Journal-facing trait labels use full lipoprotein names; raw source IDs are retained separately for reproducibility.
Monounsaturated_fatty_acids	Monounsaturated fatty acids	source-name normalization	Journal-facing trait labels use full lipoprotein names; raw source IDs are retained separately for reproducibility.
Omega3_fatty_acids	Omega-3 fatty acids	source-name normalization	Journal-facing trait labels use full lipoprotein names; raw source IDs are retained separately for reproducibility.
Omega6_fatty_acids	Omega-6 fatty acids	source-name normalization	Journal-facing trait labels use full lipoprotein names; raw source IDs are retained separately for reproducibility.
Phenylalanine	Phenylalanine	source-name normalization	Journal-facing trait labels use full lipoprotein names; raw source IDs are retained separately for reproducibility.
Phosphatidylcholines	Phosphatidylcholines	source-name normalization	Journal-facing trait labels use full lipoprotein names; raw source IDs are retained separately for reproducibility.
Phosphoglycerides	Phosphoglycerides	source-name normalization	Journal-facing trait labels use full lipoprotein names; raw source IDs are retained separately for reproducibility.
Phospholipids_in_IDL	Phospholipids in intermediate-density lipoprotein	source-name normalization	Journal-facing trait labels use full lipoprotein names; raw source IDs are retained separately for reproducibility.
Phospholipids_in_LDL	Phospholipids in low-density lipoprotein	source-name normalization	Journal-facing trait labels use full lipoprotein names; raw source IDs are retained separately for reproducibility.
Phospholipids_in_VLDL	Phospholipids in very-low-density lipoprotein	source-name normalization	Journal-facing trait labels use full lipoprotein names; raw source IDs are retained separately for reproducibility.
Phospholipids_in_chylomicrons_and_extremely_large_VLDL	Phospholipids in chylomicrons and extremely large very-low-density lipoprotein	source-name normalization	Journal-facing trait labels use full lipoprotein names; raw source IDs are retained separately for reproducibility.
Phospholipids_in_large_HDL	Phospholipids in large high-density lipoprotein	source-name normalization	Journal-facing trait labels use full lipoprotein names; raw source IDs are retained separately for reproducibility.
Phospholipids_in_large_LDL	Phospholipids in large low-density lipoprotein	source-name normalization	Journal-facing trait labels use full lipoprotein names; raw source IDs are retained separately for reproducibility.
Phospholipids_in_large_VLDL	Phospholipids in large very-low-density lipoprotein	source-name normalization	Journal-facing trait labels use full lipoprotein names; raw source IDs are retained separately for reproducibility.
Phospholipids_in_medium_HDL	Phospholipids in medium high-density lipoprotein	source-name normalization	Journal-facing trait labels use full lipoprotein names; raw source IDs are retained separately for reproducibility.
Phospholipids_in_medium_LDL	Phospholipids in medium low-density lipoprotein	source-name normalization	Journal-facing trait labels use full lipoprotein names; raw source IDs are retained separately for reproducibility.
Phospholipids_in_medium_VLDL	Phospholipids in medium very-low-density lipoprotein	source-name normalization	Journal-facing trait labels use full lipoprotein names; raw source IDs are retained separately for reproducibility.
Phospholipids_in_small_HDL	Phospholipids in small high-density lipoprotein	source-name normalization	Journal-facing trait labels use full lipoprotein names; raw source IDs are retained separately for reproducibility.
Phospholipids_in_small_LDL	Phospholipids in small low-density lipoprotein	source-name normalization	Journal-facing trait labels use full lipoprotein names; raw source IDs are retained separately for reproducibility.
Phospholipids_in_small_VLDL	Phospholipids in small very-low-density lipoprotein	source-name normalization	Journal-facing trait labels use full lipoprotein names; raw source IDs are retained separately for reproducibility.
Phospholipids_in_very_large_HDL	Phospholipids in very large high-density lipoprotein	source-name normalization	Journal-facing trait labels use full lipoprotein names; raw source IDs are retained separately for reproducibility.
Phospholipids_in_very_large_VLDL	Phospholipids in very large very-low-density lipoprotein	source-name normalization	Journal-facing trait labels use full lipoprotein names; raw source IDs are retained separately for reproducibility.
Phospholipids_in_very_small_VLDL	Phospholipids in very small very-low-density lipoprotein	source-name normalization	Journal-facing trait labels use full lipoprotein names; raw source IDs are retained separately for reproducibility.
Phospholipids_to_total_lipids_ratio_in_IDL	Phospholipids/total lipids ratio in intermediate-density lipoprotein	source-name normalization	Journal-facing trait labels use full lipoprotein names; raw source IDs are retained separately for reproducibility.
Phospholipids_to_total_lipids_ratio_in_chylomicrons_and_extremely_large_VLDL	Phospholipids/total lipids ratio in chylomicrons and extremely large very-low-density lipoprotein	source-name normalization	Journal-facing trait labels use full lipoprotein names; raw source IDs are retained separately for reproducibility.
Phospholipids_to_total_lipids_ratio_in_large_HDL	Phospholipids/total lipids ratio in large high-density lipoprotein	source-name normalization	Journal-facing trait labels use full lipoprotein names; raw source IDs are retained separately for reproducibility.
Phospholipids_to_total_lipids_ratio_in_large_LDL	Phospholipids/total lipids ratio in large low-density lipoprotein	source-name normalization	Journal-facing trait labels use full lipoprotein names; raw source IDs are retained separately for reproducibility.
Phospholipids_to_total_lipids_ratio_in_large_VLDL	Phospholipids/total lipids ratio in large very-low-density lipoprotein	source-name normalization	Journal-facing trait labels use full lipoprotein names; raw source IDs are retained separately for reproducibility.
Phospholipids_to_total_lipids_ratio_in_medium_HDL	Phospholipids/total lipids ratio in medium high-density lipoprotein	source-name normalization	Journal-facing trait labels use full lipoprotein names; raw source IDs are retained separately for reproducibility.
Phospholipids_to_total_lipids_ratio_in_medium_LDL	Phospholipids/total lipids ratio in medium low-density lipoprotein	source-name normalization	Journal-facing trait labels use full lipoprotein names; raw source IDs are retained separately for reproducibility.
Phospholipids_to_total_lipids_ratio_in_medium_VLDL	Phospholipids/total lipids ratio in medium very-low-density lipoprotein	source-name normalization	Journal-facing trait labels use full lipoprotein names; raw source IDs are retained separately for reproducibility.
Phospholipids_to_total_lipids_ratio_in_small_HDL	Phospholipids/total lipids ratio in small high-density lipoprotein	source-name normalization	Journal-facing trait labels use full lipoprotein names; raw source IDs are retained separately for reproducibility.
Phospholipids_to_total_lipids_ratio_in_small_LDL	Phospholipids/total lipids ratio in small low-density lipoprotein	source-name normalization	Journal-facing trait labels use full lipoprotein names; raw source IDs are retained separately for reproducibility.
Phospholipids_to_total_lipids_ratio_in_small_VLDL	Phospholipids/total lipids ratio in small very-low-density lipoprotein	source-name normalization	Journal-facing trait labels use full lipoprotein names; raw source IDs are retained separately for reproducibility.
Phospholipids_to_total_lipids_ratio_in_very_large_HDL	Phospholipids/total lipids ratio in very large high-density lipoprotein	source-name normalization	Journal-facing trait labels use full lipoprotein names; raw source IDs are retained separately for reproducibility.
Phospholipids_to_total_lipids_ratio_in_very_large_VLDL	Phospholipids/total lipids ratio in very large very-low-density lipoprotein	source-name normalization	Journal-facing trait labels use full lipoprotein names; raw source IDs are retained separately for reproducibility.
Phospholipids_to_total_lipids_ratio_in_very_small_VLDL	Phospholipids/total lipids ratio in very small very-low-density lipoprotein	source-name normalization	Journal-facing trait labels use full lipoprotein names; raw source IDs are retained separately for reproducibility.
Polyunsaturated_fatty_acids	Polyunsaturated fatty acids	source-name normalization	Journal-facing trait labels use full lipoprotein names; raw source IDs are retained separately for reproducibility.
Pyruvate	Pyruvate	source-name normalization	Journal-facing trait labels use full lipoprotein names; raw source IDs are retained separately for reproducibility.
Ratio_of_linoleic_acid_to_total_fatty_acids	Linoleic acid/total fatty acids ratio	source-name normalization	Journal-facing trait labels use full lipoprotein names; raw source IDs are retained separately for reproducibility.
Ratio_of_monounsaturated_fatty_acids_to_total_fatty_acids	Monounsaturated fatty acids/total fatty acids ratio	source-name normalization	Journal-facing trait labels use full lipoprotein names; raw source IDs are retained separately for reproducibility.
Ratio_of_omega3_fatty_acids_to_total_fatty_acids	Omega-3 fatty acids/total fatty acids ratio	source-name normalization	Journal-facing trait labels use full lipoprotein names; raw source IDs are retained separately for reproducibility.
Ratio_of_omega6_fatty_acids_to_omega3_fatty_acids	Omega-6 fatty acids/omega-3 fatty acids ratio	source-name normalization	Journal-facing trait labels use full lipoprotein names; raw source IDs are retained separately for reproducibility.
Ratio_of_omega6_fatty_acids_to_total_fatty_acids	Omega-6 fatty acids/total fatty acids ratio	source-name normalization	Journal-facing trait labels use full lipoprotein names; raw source IDs are retained separately for reproducibility.
Ratio_of_polyunsaturated_fatty_acids_to_monounsaturated_fatty_acids	Polyunsaturated fatty acids/monounsaturated fatty acids ratio	source-name normalization	Journal-facing trait labels use full lipoprotein names; raw source IDs are retained separately for reproducibility.
Ratio_of_polyunsaturated_fatty_acids_to_total_fatty_acids	Polyunsaturated fatty acids/total fatty acids ratio	source-name normalization	Journal-facing trait labels use full lipoprotein names; raw source IDs are retained separately for reproducibility.
Ratio_of_saturated_fatty_acids_to_total_fatty_acids	Saturated fatty acids/total fatty acids ratio	source-name normalization	Journal-facing trait labels use full lipoprotein names; raw source IDs are retained separately for reproducibility.
Ratio_of_triglycerides_to_phosphoglycerides	Triglycerides/phosphoglycerides ratio	source-name normalization	Journal-facing trait labels use full lipoprotein names; raw source IDs are retained separately for reproducibility.
Remnant_cholesterol_nonHDL_nonLDL_cholesterol	Remnant cholesterol (non-high-density lipoprotein, non-low-density lipoprotein cholesterol)	explicit expansion	Journal-facing trait labels use full lipoprotein names; raw source IDs are retained separately for reproducibility.
Saturated_fatty_acids	Saturated fatty acids	source-name normalization	Journal-facing trait labels use full lipoprotein names; raw source IDs are retained separately for reproducibility.
Sphingomyelins	Sphingomyelins	source-name normalization	Journal-facing trait labels use full lipoprotein names; raw source IDs are retained separately for reproducibility.
Total_cholesterol	Total cholesterol	source-name normalization	Journal-facing trait labels use full lipoprotein names; raw source IDs are retained separately for reproducibility.
Total_cholesterol_minus_HDLC	Total cholesterol minus high-density lipoprotein cholesterol	explicit expansion	Journal-facing trait labels use full lipoprotein names; raw source IDs are retained separately for reproducibility.
Total_concentration_of_branchedchain_amino_acids_leucine_isoleucine_valine	Total branched-chain amino acids (leucine, isoleucine, and valine)	explicit expansion	Journal-facing trait labels use full lipoprotein names; raw source IDs are retained separately for reproducibility.
Total_concentration_of_lipoprotein_particles	Total concentration of lipoprotein particles	source-name normalization	Journal-facing trait labels use full lipoprotein names; raw source IDs are retained separately for reproducibility.
Total_esterified_cholesterol	Total esterified cholesterol	source-name normalization	Journal-facing trait labels use full lipoprotein names; raw source IDs are retained separately for reproducibility.
Total_fatty_acids	Total fatty acids	source-name normalization	Journal-facing trait labels use full lipoprotein names; raw source IDs are retained separately for reproducibility.
Total_free_cholesterol	Total free cholesterol	source-name normalization	Journal-facing trait labels use full lipoprotein names; raw source IDs are retained separately for reproducibility.
Total_lipids_in_IDL	Total lipids in intermediate-density lipoprotein	source-name normalization	Journal-facing trait labels use full lipoprotein names; raw source IDs are retained separately for reproducibility.
Total_lipids_in_LDL	Total lipids in low-density lipoprotein	source-name normalization	Journal-facing trait labels use full lipoprotein names; raw source IDs are retained separately for reproducibility.
Total_lipids_in_VLDL	Total lipids in very-low-density lipoprotein	source-name normalization	Journal-facing trait labels use full lipoprotein names; raw source IDs are retained separately for reproducibility.
Total_lipids_in_chylomicrons_and_extremely_large_VLDL	Total lipids in chylomicrons and extremely large very-low-density lipoprotein	source-name normalization	Journal-facing trait labels use full lipoprotein names; raw source IDs are retained separately for reproducibility.
Total_lipids_in_large_HDL	Total lipids in large high-density lipoprotein	source-name normalization	Journal-facing trait labels use full lipoprotein names; raw source IDs are retained separately for reproducibility.
Total_lipids_in_large_LDL	Total lipids in large low-density lipoprotein	source-name normalization	Journal-facing trait labels use full lipoprotein names; raw source IDs are retained separately for reproducibility.
Total_lipids_in_large_VLDL	Total lipids in large very-low-density lipoprotein	source-name normalization	Journal-facing trait labels use full lipoprotein names; raw source IDs are retained separately for reproducibility.
Total_lipids_in_lipoprotein_particles	Total lipids in lipoprotein particles	source-name normalization	Journal-facing trait labels use full lipoprotein names; raw source IDs are retained separately for reproducibility.
Total_lipids_in_medium_HDL	Total lipids in medium high-density lipoprotein	source-name normalization	Journal-facing trait labels use full lipoprotein names; raw source IDs are retained separately for reproducibility.
Total_lipids_in_medium_LDL	Total lipids in medium low-density lipoprotein	source-name normalization	Journal-facing trait labels use full lipoprotein names; raw source IDs are retained separately for reproducibility.
Total_lipids_in_medium_VLDL	Total lipids in medium very-low-density lipoprotein	source-name normalization	Journal-facing trait labels use full lipoprotein names; raw source IDs are retained separately for reproducibility.
Total_lipids_in_small_HDL	Total lipids in small high-density lipoprotein	source-name normalization	Journal-facing trait labels use full lipoprotein names; raw source IDs are retained separately for reproducibility.
Total_lipids_in_small_LDL	Total lipids in small low-density lipoprotein	source-name normalization	Journal-facing trait labels use full lipoprotein names; raw source IDs are retained separately for reproducibility.
Total_lipids_in_small_VLDL	Total lipids in small very-low-density lipoprotein	source-name normalization	Journal-facing trait labels use full lipoprotein names; raw source IDs are retained separately for reproducibility.
Total_lipids_in_very_large_HDL	Total lipids in very large high-density lipoprotein	source-name normalization	Journal-facing trait labels use full lipoprotein names; raw source IDs are retained separately for reproducibility.
Total_lipids_in_very_large_VLDL	Total lipids in very large very-low-density lipoprotein	source-name normalization	Journal-facing trait labels use full lipoprotein names; raw source IDs are retained separately for reproducibility.
Total_lipids_in_very_small_VLDL	Total lipids in very small very-low-density lipoprotein	source-name normalization	Journal-facing trait labels use full lipoprotein names; raw source IDs are retained separately for reproducibility.
Total_phospholipids_in_lipoprotein_particles	Total phospholipids in lipoprotein particles	source-name normalization	Journal-facing trait labels use full lipoprotein names; raw source IDs are retained separately for reproducibility.
Total_triglycerides	Total triglycerides	source-name normalization	Journal-facing trait labels use full lipoprotein names; raw source IDs are retained separately for reproducibility.
Triglycerides_in_IDL	Triglycerides in intermediate-density lipoprotein	source-name normalization	Journal-facing trait labels use full lipoprotein names; raw source IDs are retained separately for reproducibility.
Triglycerides_in_LDL	Triglycerides in low-density lipoprotein	source-name normalization	Journal-facing trait labels use full lipoprotein names; raw source IDs are retained separately for reproducibility.
Triglycerides_in_VLDL	Triglycerides in very-low-density lipoprotein	source-name normalization	Journal-facing trait labels use full lipoprotein names; raw source IDs are retained separately for reproducibility.
Triglycerides_in_chylomicrons_and_extremely_large_VLDL	Triglycerides in chylomicrons and extremely large very-low-density lipoprotein	source-name normalization	Journal-facing trait labels use full lipoprotein names; raw source IDs are retained separately for reproducibility.
Triglycerides_in_large_HDL	Triglycerides in large high-density lipoprotein	source-name normalization	Journal-facing trait labels use full lipoprotein names; raw source IDs are retained separately for reproducibility.
Triglycerides_in_large_LDL	Triglycerides in large low-density lipoprotein	source-name normalization	Journal-facing trait labels use full lipoprotein names; raw source IDs are retained separately for reproducibility.
Triglycerides_in_large_VLDL	Triglycerides in large very-low-density lipoprotein	source-name normalization	Journal-facing trait labels use full lipoprotein names; raw source IDs are retained separately for reproducibility.
Triglycerides_in_medium_HDL	Triglycerides in medium high-density lipoprotein	source-name normalization	Journal-facing trait labels use full lipoprotein names; raw source IDs are retained separately for reproducibility.
Triglycerides_in_medium_LDL	Triglycerides in medium low-density lipoprotein	source-name normalization	Journal-facing trait labels use full lipoprotein names; raw source IDs are retained separately for reproducibility.
Triglycerides_in_medium_VLDL	Triglycerides in medium very-low-density lipoprotein	source-name normalization	Journal-facing trait labels use full lipoprotein names; raw source IDs are retained separately for reproducibility.
Triglycerides_in_small_HDL	Triglycerides in small high-density lipoprotein	source-name normalization	Journal-facing trait labels use full lipoprotein names; raw source IDs are retained separately for reproducibility.
Triglycerides_in_small_LDL	Triglycerides in small low-density lipoprotein	source-name normalization	Journal-facing trait labels use full lipoprotein names; raw source IDs are retained separately for reproducibility.
Triglycerides_in_small_VLDL	Triglycerides in small very-low-density lipoprotein	source-name normalization	Journal-facing trait labels use full lipoprotein names; raw source IDs are retained separately for reproducibility.
Triglycerides_in_very_large_HDL	Triglycerides in very large high-density lipoprotein	source-name normalization	Journal-facing trait labels use full lipoprotein names; raw source IDs are retained separately for reproducibility.
Triglycerides_in_very_large_VLDL	Triglycerides in very large very-low-density lipoprotein	source-name normalization	Journal-facing trait labels use full lipoprotein names; raw source IDs are retained separately for reproducibility.
Triglycerides_in_very_small_VLDL	Triglycerides in very small very-low-density lipoprotein	source-name normalization	Journal-facing trait labels use full lipoprotein names; raw source IDs are retained separately for reproducibility.
Triglycerides_to_total_lipids_ratio_in_IDL	Triglycerides/total lipids ratio in intermediate-density lipoprotein	source-name normalization	Journal-facing trait labels use full lipoprotein names; raw source IDs are retained separately for reproducibility.
Triglycerides_to_total_lipids_ratio_in_chylomicrons_and_extremely_large_VLDL	Triglycerides/total lipids ratio in chylomicrons and extremely large very-low-density lipoprotein	source-name normalization	Journal-facing trait labels use full lipoprotein names; raw source IDs are retained separately for reproducibility.
Triglycerides_to_total_lipids_ratio_in_large_HDL	Triglycerides/total lipids ratio in large high-density lipoprotein	source-name normalization	Journal-facing trait labels use full lipoprotein names; raw source IDs are retained separately for reproducibility.
Triglycerides_to_total_lipids_ratio_in_large_LDL	Triglycerides/total lipids ratio in large low-density lipoprotein	source-name normalization	Journal-facing trait labels use full lipoprotein names; raw source IDs are retained separately for reproducibility.
Triglycerides_to_total_lipids_ratio_in_large_VLDL	Triglycerides/total lipids ratio in large very-low-density lipoprotein	source-name normalization	Journal-facing trait labels use full lipoprotein names; raw source IDs are retained separately for reproducibility.
Triglycerides_to_total_lipids_ratio_in_medium_HDL	Triglycerides/total lipids ratio in medium high-density lipoprotein	source-name normalization	Journal-facing trait labels use full lipoprotein names; raw source IDs are retained separately for reproducibility.
Triglycerides_to_total_lipids_ratio_in_medium_LDL	Triglycerides/total lipids ratio in medium low-density lipoprotein	source-name normalization	Journal-facing trait labels use full lipoprotein names; raw source IDs are retained separately for reproducibility.
Triglycerides_to_total_lipids_ratio_in_medium_VLDL	Triglycerides/total lipids ratio in medium very-low-density lipoprotein	source-name normalization	Journal-facing trait labels use full lipoprotein names; raw source IDs are retained separately for reproducibility.
Triglycerides_to_total_lipids_ratio_in_small_HDL	Triglycerides/total lipids ratio in small high-density lipoprotein	source-name normalization	Journal-facing trait labels use full lipoprotein names; raw source IDs are retained separately for reproducibility.
Triglycerides_to_total_lipids_ratio_in_small_LDL	Triglycerides/total lipids ratio in small low-density lipoprotein	source-name normalization	Journal-facing trait labels use full lipoprotein names; raw source IDs are retained separately for reproducibility.
Triglycerides_to_total_lipids_ratio_in_small_VLDL	Triglycerides/total lipids ratio in small very-low-density lipoprotein	source-name normalization	Journal-facing trait labels use full lipoprotein names; raw source IDs are retained separately for reproducibility.
Triglycerides_to_total_lipids_ratio_in_very_large_HDL	Triglycerides/total lipids ratio in very large high-density lipoprotein	source-name normalization	Journal-facing trait labels use full lipoprotein names; raw source IDs are retained separately for reproducibility.
Triglycerides_to_total_lipids_ratio_in_very_large_VLDL	Triglycerides/total lipids ratio in very large very-low-density lipoprotein	source-name normalization	Journal-facing trait labels use full lipoprotein names; raw source IDs are retained separately for reproducibility.
Triglycerides_to_total_lipids_ratio_in_very_small_VLDL	Triglycerides/total lipids ratio in very small very-low-density lipoprotein	source-name normalization	Journal-facing trait labels use full lipoprotein names; raw source IDs are retained separately for reproducibility.
Tyrosine	Tyrosine	source-name normalization	Journal-facing trait labels use full lipoprotein names; raw source IDs are retained separately for reproducibility.
VLDL_cholesterol	Very-low-density lipoprotein cholesterol	explicit expansion	Journal-facing trait labels use full lipoprotein names; raw source IDs are retained separately for reproducibility.
Valine	Valine	source-name normalization	Journal-facing trait labels use full lipoprotein names; raw source IDs are retained separately for reproducibility.
bOHbutyrate	3-Hydroxybutyrate	explicit expansion	Journal-facing trait labels use full lipoprotein names; raw source IDs are retained separately for reproducibility.
