accession	trait	trait_display	genome_build	sample_size	download_url
GCST90451106	Acetate	Acetate	GRCh38	599249	https://ftp.ebi.ac.uk/pub/databases/gwas/summary_statistics/GCST90451001-GCST90452000/GCST90451106/GCST90451106.tsv.gz
GCST90451107	Acetoacetate	Acetoacetate	GRCh38	599249	https://ftp.ebi.ac.uk/pub/databases/gwas/summary_statistics/GCST90451001-GCST90452000/GCST90451107/GCST90451107.tsv.gz
GCST90451108	Acetone	Acetone	GRCh38	599249	https://ftp.ebi.ac.uk/pub/databases/gwas/summary_statistics/GCST90451001-GCST90452000/GCST90451108/GCST90451108.tsv.gz
GCST90451109	Alanine	Alanine	GRCh38	599249	https://ftp.ebi.ac.uk/pub/databases/gwas/summary_statistics/GCST90451001-GCST90452000/GCST90451109/GCST90451109.tsv.gz
GCST90451110	Albumin	Albumin	GRCh38	599249	https://ftp.ebi.ac.uk/pub/databases/gwas/summary_statistics/GCST90451001-GCST90452000/GCST90451110/GCST90451110.tsv.gz
GCST90451111	ApoA1	Apolipoprotein A1	GRCh38	599249	https://ftp.ebi.ac.uk/pub/databases/gwas/summary_statistics/GCST90451001-GCST90452000/GCST90451111/GCST90451111.tsv.gz
GCST90451112	ApoB_by_ApoA1	Apolipoprotein B/apolipoprotein A1 ratio	GRCh38	599249	https://ftp.ebi.ac.uk/pub/databases/gwas/summary_statistics/GCST90451001-GCST90452000/GCST90451112/GCST90451112.tsv.gz
GCST90451113	ApoB	Apolipoprotein B	GRCh38	599249	https://ftp.ebi.ac.uk/pub/databases/gwas/summary_statistics/GCST90451001-GCST90452000/GCST90451113/GCST90451113.tsv.gz
GCST90451114	bOHbutyrate	3-Hydroxybutyrate	GRCh38	599249	https://ftp.ebi.ac.uk/pub/databases/gwas/summary_statistics/GCST90451001-GCST90452000/GCST90451114/GCST90451114.tsv.gz
GCST90451115	Cholines	Cholines	GRCh38	599249	https://ftp.ebi.ac.uk/pub/databases/gwas/summary_statistics/GCST90451001-GCST90452000/GCST90451115/GCST90451115.tsv.gz
GCST90451116	Citrate	Citrate	GRCh38	599249	https://ftp.ebi.ac.uk/pub/databases/gwas/summary_statistics/GCST90451001-GCST90452000/GCST90451116/GCST90451116.tsv.gz
GCST90451117	Clinical_LDL_C	Clinical low-density lipoprotein cholesterol	GRCh38	599249	https://ftp.ebi.ac.uk/pub/databases/gwas/summary_statistics/GCST90451001-GCST90452000/GCST90451117/GCST90451117.tsv.gz
GCST90451118	Creatinine	Creatinine	GRCh38	599249	https://ftp.ebi.ac.uk/pub/databases/gwas/summary_statistics/GCST90451001-GCST90452000/GCST90451118/GCST90451118.tsv.gz
GCST90451119	DHA_pct	Docosahexaenoic acid/total fatty acids ratio	GRCh38	599249	https://ftp.ebi.ac.uk/pub/databases/gwas/summary_statistics/GCST90451001-GCST90452000/GCST90451119/GCST90451119.tsv.gz
GCST90451120	DHA	Docosahexaenoic acid	GRCh38	599249	https://ftp.ebi.ac.uk/pub/databases/gwas/summary_statistics/GCST90451001-GCST90452000/GCST90451120/GCST90451120.tsv.gz
GCST90451121	Gln	Glutamine	GRCh38	599249	https://ftp.ebi.ac.uk/pub/databases/gwas/summary_statistics/GCST90451001-GCST90452000/GCST90451121/GCST90451121.tsv.gz
GCST90451122	Glucose	Glucose	GRCh38	599249	https://ftp.ebi.ac.uk/pub/databases/gwas/summary_statistics/GCST90451001-GCST90452000/GCST90451122/GCST90451122.tsv.gz
GCST90451123	GlycA	Glycoprotein acetyls	GRCh38	599249	https://ftp.ebi.ac.uk/pub/databases/gwas/summary_statistics/GCST90451001-GCST90452000/GCST90451123/GCST90451123.tsv.gz
GCST90451124	Gly	Glycine	GRCh38	599249	https://ftp.ebi.ac.uk/pub/databases/gwas/summary_statistics/GCST90451001-GCST90452000/GCST90451124/GCST90451124.tsv.gz
GCST90451125	HDL_CE	Cholesteryl esters in high-density lipoprotein	GRCh38	599249	https://ftp.ebi.ac.uk/pub/databases/gwas/summary_statistics/GCST90451001-GCST90452000/GCST90451125/GCST90451125.tsv.gz
GCST90451126	HDL_C	Total cholesterol in high-density lipoprotein	GRCh38	599249	https://ftp.ebi.ac.uk/pub/databases/gwas/summary_statistics/GCST90451001-GCST90452000/GCST90451126/GCST90451126.tsv.gz
GCST90451127	HDL_FC	Free cholesterol in high-density lipoprotein	GRCh38	599249	https://ftp.ebi.ac.uk/pub/databases/gwas/summary_statistics/GCST90451001-GCST90452000/GCST90451127/GCST90451127.tsv.gz
GCST90451128	HDL_L	Total lipids in high-density lipoprotein	GRCh38	599249	https://ftp.ebi.ac.uk/pub/databases/gwas/summary_statistics/GCST90451001-GCST90452000/GCST90451128/GCST90451128.tsv.gz
GCST90451129	HDL_PL	Phospholipids in high-density lipoprotein	GRCh38	599249	https://ftp.ebi.ac.uk/pub/databases/gwas/summary_statistics/GCST90451001-GCST90452000/GCST90451129/GCST90451129.tsv.gz
GCST90451130	HDL_P	High-density lipoprotein particle concentration	GRCh38	599249	https://ftp.ebi.ac.uk/pub/databases/gwas/summary_statistics/GCST90451001-GCST90452000/GCST90451130/GCST90451130.tsv.gz
GCST90451131	HDL_size	Mean high-density lipoprotein particle diameter	GRCh38	599249	https://ftp.ebi.ac.uk/pub/databases/gwas/summary_statistics/GCST90451001-GCST90452000/GCST90451131/GCST90451131.tsv.gz
GCST90451132	HDL_TG	Triglycerides in high-density lipoprotein	GRCh38	599249	https://ftp.ebi.ac.uk/pub/databases/gwas/summary_statistics/GCST90451001-GCST90452000/GCST90451132/GCST90451132.tsv.gz
GCST90451133	His	Histidine	GRCh38	599249	https://ftp.ebi.ac.uk/pub/databases/gwas/summary_statistics/GCST90451001-GCST90452000/GCST90451133/GCST90451133.tsv.gz
GCST90451134	IDL_CE_pct	Cholesteryl esters/total lipids ratio in intermediate-density lipoprotein	GRCh38	599249	https://ftp.ebi.ac.uk/pub/databases/gwas/summary_statistics/GCST90451001-GCST90452000/GCST90451134/GCST90451134.tsv.gz
GCST90451135	IDL_CE	Cholesteryl esters in intermediate-density lipoprotein	GRCh38	599249	https://ftp.ebi.ac.uk/pub/databases/gwas/summary_statistics/GCST90451001-GCST90452000/GCST90451135/GCST90451135.tsv.gz
GCST90451136	Cholesterol_to_total_lipids_ratio_in_IDL	Cholesterol/total lipids ratio in intermediate-density lipoprotein	GRCh38	599249	https://ftp.ebi.ac.uk/pub/databases/gwas/summary_statistics/GCST90451001-GCST90452000/GCST90451136/GCST90451136.tsv.gz
GCST90451137	Cholesterol_in_IDL	Cholesterol in intermediate-density lipoprotein	GRCh38	599249	https://ftp.ebi.ac.uk/pub/databases/gwas/summary_statistics/GCST90451001-GCST90452000/GCST90451137/GCST90451137.tsv.gz
GCST90451138	Free_cholesterol_to_total_lipids_ratio_in_IDL	Free cholesterol/total lipids ratio in intermediate-density lipoprotein	GRCh38	599249	https://ftp.ebi.ac.uk/pub/databases/gwas/summary_statistics/GCST90451001-GCST90452000/GCST90451138/GCST90451138.tsv.gz
GCST90451139	Free_cholesterol_in_IDL	Free cholesterol in intermediate-density lipoprotein	GRCh38	599249	https://ftp.ebi.ac.uk/pub/databases/gwas/summary_statistics/GCST90451001-GCST90452000/GCST90451139/GCST90451139.tsv.gz
GCST90451140	Total_lipids_in_IDL	Total lipids in intermediate-density lipoprotein	GRCh38	599249	https://ftp.ebi.ac.uk/pub/databases/gwas/summary_statistics/GCST90451001-GCST90452000/GCST90451140/GCST90451140.tsv.gz
GCST90451141	Phospholipids_to_total_lipids_ratio_in_IDL	Phospholipids/total lipids ratio in intermediate-density lipoprotein	GRCh38	599249	https://ftp.ebi.ac.uk/pub/databases/gwas/summary_statistics/GCST90451001-GCST90452000/GCST90451141/GCST90451141.tsv.gz
GCST90451142	Phospholipids_in_IDL	Phospholipids in intermediate-density lipoprotein	GRCh38	599249	https://ftp.ebi.ac.uk/pub/databases/gwas/summary_statistics/GCST90451001-GCST90452000/GCST90451142/GCST90451142.tsv.gz
GCST90451143	Concentration_of_IDL_particles	Intermediate-density lipoprotein particle concentration	GRCh38	599249	https://ftp.ebi.ac.uk/pub/databases/gwas/summary_statistics/GCST90451001-GCST90452000/GCST90451143/GCST90451143.tsv.gz
GCST90451144	Triglycerides_to_total_lipids_ratio_in_IDL	Triglycerides/total lipids ratio in intermediate-density lipoprotein	GRCh38	599249	https://ftp.ebi.ac.uk/pub/databases/gwas/summary_statistics/GCST90451001-GCST90452000/GCST90451144/GCST90451144.tsv.gz
GCST90451145	Triglycerides_in_IDL	Triglycerides in intermediate-density lipoprotein	GRCh38	599249	https://ftp.ebi.ac.uk/pub/databases/gwas/summary_statistics/GCST90451001-GCST90452000/GCST90451145/GCST90451145.tsv.gz
GCST90451146	Isoleucine	Isoleucine	GRCh38	599249	https://ftp.ebi.ac.uk/pub/databases/gwas/summary_statistics/GCST90451001-GCST90452000/GCST90451146/GCST90451146.tsv.gz
GCST90451147	Lactate	Lactate	GRCh38	599249	https://ftp.ebi.ac.uk/pub/databases/gwas/summary_statistics/GCST90451001-GCST90452000/GCST90451147/GCST90451147.tsv.gz
GCST90451148	Ratio_of_linoleic_acid_to_total_fatty_acids	Linoleic acid/total fatty acids ratio	GRCh38	599249	https://ftp.ebi.ac.uk/pub/databases/gwas/summary_statistics/GCST90451001-GCST90452000/GCST90451148/GCST90451148.tsv.gz
GCST90451149	Linoleic_acid	Linoleic acid	GRCh38	599249	https://ftp.ebi.ac.uk/pub/databases/gwas/summary_statistics/GCST90451001-GCST90452000/GCST90451149/GCST90451149.tsv.gz
GCST90451150	Cholesteryl_esters_in_LDL	Cholesteryl esters in low-density lipoprotein	GRCh38	599249	https://ftp.ebi.ac.uk/pub/databases/gwas/summary_statistics/GCST90451001-GCST90452000/GCST90451150/GCST90451150.tsv.gz
GCST90451151	LDL_cholesterol	Low-density lipoprotein cholesterol	GRCh38	599249	https://ftp.ebi.ac.uk/pub/databases/gwas/summary_statistics/GCST90451001-GCST90452000/GCST90451151/GCST90451151.tsv.gz
GCST90451152	Free_cholesterol_in_LDL	Free cholesterol in low-density lipoprotein	GRCh38	599249	https://ftp.ebi.ac.uk/pub/databases/gwas/summary_statistics/GCST90451001-GCST90452000/GCST90451152/GCST90451152.tsv.gz
GCST90451153	Total_lipids_in_LDL	Total lipids in low-density lipoprotein	GRCh38	599249	https://ftp.ebi.ac.uk/pub/databases/gwas/summary_statistics/GCST90451001-GCST90452000/GCST90451153/GCST90451153.tsv.gz
GCST90451154	Phospholipids_in_LDL	Phospholipids in low-density lipoprotein	GRCh38	599249	https://ftp.ebi.ac.uk/pub/databases/gwas/summary_statistics/GCST90451001-GCST90452000/GCST90451154/GCST90451154.tsv.gz
GCST90451155	Concentration_of_LDL_particles	Low-density lipoprotein particle concentration	GRCh38	599249	https://ftp.ebi.ac.uk/pub/databases/gwas/summary_statistics/GCST90451001-GCST90452000/GCST90451155/GCST90451155.tsv.gz
GCST90451156	Average_diameter_for_LDL_particles	Mean low-density lipoprotein particle diameter	GRCh38	599249	https://ftp.ebi.ac.uk/pub/databases/gwas/summary_statistics/GCST90451001-GCST90452000/GCST90451156/GCST90451156.tsv.gz
GCST90451157	Triglycerides_in_LDL	Triglycerides in low-density lipoprotein	GRCh38	599249	https://ftp.ebi.ac.uk/pub/databases/gwas/summary_statistics/GCST90451001-GCST90452000/GCST90451157/GCST90451157.tsv.gz
GCST90451158	Leucine	Leucine	GRCh38	599249	https://ftp.ebi.ac.uk/pub/databases/gwas/summary_statistics/GCST90451001-GCST90452000/GCST90451158/GCST90451158.tsv.gz
GCST90451159	Cholesteryl_esters_to_total_lipids_ratio_in_large_HDL	Cholesteryl esters/total lipids ratio in large high-density lipoprotein	GRCh38	599249	https://ftp.ebi.ac.uk/pub/databases/gwas/summary_statistics/GCST90451001-GCST90452000/GCST90451159/GCST90451159.tsv.gz
GCST90451160	Cholesteryl_esters_in_large_HDL	Cholesteryl esters in large high-density lipoprotein	GRCh38	599249	https://ftp.ebi.ac.uk/pub/databases/gwas/summary_statistics/GCST90451001-GCST90452000/GCST90451160/GCST90451160.tsv.gz
GCST90451161	Cholesterol_to_total_lipids_ratio_in_large_HDL	Cholesterol/total lipids ratio in large high-density lipoprotein	GRCh38	599249	https://ftp.ebi.ac.uk/pub/databases/gwas/summary_statistics/GCST90451001-GCST90452000/GCST90451161/GCST90451161.tsv.gz
GCST90451162	Cholesterol_in_large_HDL	Cholesterol in large high-density lipoprotein	GRCh38	599249	https://ftp.ebi.ac.uk/pub/databases/gwas/summary_statistics/GCST90451001-GCST90452000/GCST90451162/GCST90451162.tsv.gz
GCST90451163	Free_cholesterol_to_total_lipids_ratio_in_large_HDL	Free cholesterol/total lipids ratio in large high-density lipoprotein	GRCh38	599249	https://ftp.ebi.ac.uk/pub/databases/gwas/summary_statistics/GCST90451001-GCST90452000/GCST90451163/GCST90451163.tsv.gz
GCST90451164	Free_cholesterol_in_large_HDL	Free cholesterol in large high-density lipoprotein	GRCh38	599249	https://ftp.ebi.ac.uk/pub/databases/gwas/summary_statistics/GCST90451001-GCST90452000/GCST90451164/GCST90451164.tsv.gz
GCST90451165	Total_lipids_in_large_HDL	Total lipids in large high-density lipoprotein	GRCh38	599249	https://ftp.ebi.ac.uk/pub/databases/gwas/summary_statistics/GCST90451001-GCST90452000/GCST90451165/GCST90451165.tsv.gz
GCST90451166	Phospholipids_to_total_lipids_ratio_in_large_HDL	Phospholipids/total lipids ratio in large high-density lipoprotein	GRCh38	599249	https://ftp.ebi.ac.uk/pub/databases/gwas/summary_statistics/GCST90451001-GCST90452000/GCST90451166/GCST90451166.tsv.gz
GCST90451167	Phospholipids_in_large_HDL	Phospholipids in large high-density lipoprotein	GRCh38	599249	https://ftp.ebi.ac.uk/pub/databases/gwas/summary_statistics/GCST90451001-GCST90452000/GCST90451167/GCST90451167.tsv.gz
GCST90451168	Concentration_of_large_HDL_particles	Large high-density lipoprotein particle concentration	GRCh38	599249	https://ftp.ebi.ac.uk/pub/databases/gwas/summary_statistics/GCST90451001-GCST90452000/GCST90451168/GCST90451168.tsv.gz
GCST90451169	Triglycerides_to_total_lipids_ratio_in_large_HDL	Triglycerides/total lipids ratio in large high-density lipoprotein	GRCh38	599249	https://ftp.ebi.ac.uk/pub/databases/gwas/summary_statistics/GCST90451001-GCST90452000/GCST90451169/GCST90451169.tsv.gz
GCST90451170	Triglycerides_in_large_HDL	Triglycerides in large high-density lipoprotein	GRCh38	599249	https://ftp.ebi.ac.uk/pub/databases/gwas/summary_statistics/GCST90451001-GCST90452000/GCST90451170/GCST90451170.tsv.gz
GCST90451171	Cholesteryl_esters_to_total_lipids_ratio_in_large_LDL	Cholesteryl esters/total lipids ratio in large low-density lipoprotein	GRCh38	599249	https://ftp.ebi.ac.uk/pub/databases/gwas/summary_statistics/GCST90451001-GCST90452000/GCST90451171/GCST90451171.tsv.gz
GCST90451172	Cholesteryl_esters_in_large_LDL	Cholesteryl esters in large low-density lipoprotein	GRCh38	599249	https://ftp.ebi.ac.uk/pub/databases/gwas/summary_statistics/GCST90451001-GCST90452000/GCST90451172/GCST90451172.tsv.gz
GCST90451173	Cholesterol_to_total_lipids_ratio_in_large_LDL	Cholesterol/total lipids ratio in large low-density lipoprotein	GRCh38	599249	https://ftp.ebi.ac.uk/pub/databases/gwas/summary_statistics/GCST90451001-GCST90452000/GCST90451173/GCST90451173.tsv.gz
GCST90451174	Cholesterol_in_large_LDL	Cholesterol in large low-density lipoprotein	GRCh38	599249	https://ftp.ebi.ac.uk/pub/databases/gwas/summary_statistics/GCST90451001-GCST90452000/GCST90451174/GCST90451174.tsv.gz
GCST90451175	Free_cholesterol_to_total_lipids_ratio_in_large_LDL	Free cholesterol/total lipids ratio in large low-density lipoprotein	GRCh38	599249	https://ftp.ebi.ac.uk/pub/databases/gwas/summary_statistics/GCST90451001-GCST90452000/GCST90451175/GCST90451175.tsv.gz
GCST90451176	Free_cholesterol_in_large_LDL	Free cholesterol in large low-density lipoprotein	GRCh38	599249	https://ftp.ebi.ac.uk/pub/databases/gwas/summary_statistics/GCST90451001-GCST90452000/GCST90451176/GCST90451176.tsv.gz
GCST90451177	Total_lipids_in_large_LDL	Total lipids in large low-density lipoprotein	GRCh38	599249	https://ftp.ebi.ac.uk/pub/databases/gwas/summary_statistics/GCST90451001-GCST90452000/GCST90451177/GCST90451177.tsv.gz
GCST90451178	Phospholipids_to_total_lipids_ratio_in_large_LDL	Phospholipids/total lipids ratio in large low-density lipoprotein	GRCh38	599249	https://ftp.ebi.ac.uk/pub/databases/gwas/summary_statistics/GCST90451001-GCST90452000/GCST90451178/GCST90451178.tsv.gz
GCST90451179	Phospholipids_in_large_LDL	Phospholipids in large low-density lipoprotein	GRCh38	599249	https://ftp.ebi.ac.uk/pub/databases/gwas/summary_statistics/GCST90451001-GCST90452000/GCST90451179/GCST90451179.tsv.gz
GCST90451180	Concentration_of_large_LDL_particles	Large low-density lipoprotein particle concentration	GRCh38	599249	https://ftp.ebi.ac.uk/pub/databases/gwas/summary_statistics/GCST90451001-GCST90452000/GCST90451180/GCST90451180.tsv.gz
GCST90451181	Triglycerides_to_total_lipids_ratio_in_large_LDL	Triglycerides/total lipids ratio in large low-density lipoprotein	GRCh38	599249	https://ftp.ebi.ac.uk/pub/databases/gwas/summary_statistics/GCST90451001-GCST90452000/GCST90451181/GCST90451181.tsv.gz
GCST90451182	Triglycerides_in_large_LDL	Triglycerides in large low-density lipoprotein	GRCh38	599249	https://ftp.ebi.ac.uk/pub/databases/gwas/summary_statistics/GCST90451001-GCST90452000/GCST90451182/GCST90451182.tsv.gz
GCST90451183	Cholesteryl_esters_to_total_lipids_ratio_in_large_VLDL	Cholesteryl esters/total lipids ratio in large very-low-density lipoprotein	GRCh38	599249	https://ftp.ebi.ac.uk/pub/databases/gwas/summary_statistics/GCST90451001-GCST90452000/GCST90451183/GCST90451183.tsv.gz
GCST90451184	Cholesteryl_esters_in_large_VLDL	Cholesteryl esters in large very-low-density lipoprotein	GRCh38	599249	https://ftp.ebi.ac.uk/pub/databases/gwas/summary_statistics/GCST90451001-GCST90452000/GCST90451184/GCST90451184.tsv.gz
GCST90451185	Cholesterol_to_total_lipids_ratio_in_large_VLDL	Cholesterol/total lipids ratio in large very-low-density lipoprotein	GRCh38	599249	https://ftp.ebi.ac.uk/pub/databases/gwas/summary_statistics/GCST90451001-GCST90452000/GCST90451185/GCST90451185.tsv.gz
GCST90451186	Cholesterol_in_large_VLDL	Cholesterol in large very-low-density lipoprotein	GRCh38	599249	https://ftp.ebi.ac.uk/pub/databases/gwas/summary_statistics/GCST90451001-GCST90452000/GCST90451186/GCST90451186.tsv.gz
GCST90451187	Free_cholesterol_to_total_lipids_ratio_in_large_VLDL	Free cholesterol/total lipids ratio in large very-low-density lipoprotein	GRCh38	599249	https://ftp.ebi.ac.uk/pub/databases/gwas/summary_statistics/GCST90451001-GCST90452000/GCST90451187/GCST90451187.tsv.gz
GCST90451188	Free_cholesterol_in_large_VLDL	Free cholesterol in large very-low-density lipoprotein	GRCh38	599249	https://ftp.ebi.ac.uk/pub/databases/gwas/summary_statistics/GCST90451001-GCST90452000/GCST90451188/GCST90451188.tsv.gz
GCST90451189	Total_lipids_in_large_VLDL	Total lipids in large very-low-density lipoprotein	GRCh38	599249	https://ftp.ebi.ac.uk/pub/databases/gwas/summary_statistics/GCST90451001-GCST90452000/GCST90451189/GCST90451189.tsv.gz
GCST90451190	Phospholipids_to_total_lipids_ratio_in_large_VLDL	Phospholipids/total lipids ratio in large very-low-density lipoprotein	GRCh38	599249	https://ftp.ebi.ac.uk/pub/databases/gwas/summary_statistics/GCST90451001-GCST90452000/GCST90451190/GCST90451190.tsv.gz
GCST90451191	Phospholipids_in_large_VLDL	Phospholipids in large very-low-density lipoprotein	GRCh38	599249	https://ftp.ebi.ac.uk/pub/databases/gwas/summary_statistics/GCST90451001-GCST90452000/GCST90451191/GCST90451191.tsv.gz
GCST90451192	Concentration_of_large_VLDL_particles	Large very-low-density lipoprotein particle concentration	GRCh38	599249	https://ftp.ebi.ac.uk/pub/databases/gwas/summary_statistics/GCST90451001-GCST90452000/GCST90451192/GCST90451192.tsv.gz
GCST90451193	Triglycerides_to_total_lipids_ratio_in_large_VLDL	Triglycerides/total lipids ratio in large very-low-density lipoprotein	GRCh38	599249	https://ftp.ebi.ac.uk/pub/databases/gwas/summary_statistics/GCST90451001-GCST90452000/GCST90451193/GCST90451193.tsv.gz
GCST90451194	Triglycerides_in_large_VLDL	Triglycerides in large very-low-density lipoprotein	GRCh38	599249	https://ftp.ebi.ac.uk/pub/databases/gwas/summary_statistics/GCST90451001-GCST90452000/GCST90451194/GCST90451194.tsv.gz
GCST90451195	Cholesteryl_esters_to_total_lipids_ratio_in_medium_HDL	Cholesteryl esters/total lipids ratio in medium high-density lipoprotein	GRCh38	599249	https://ftp.ebi.ac.uk/pub/databases/gwas/summary_statistics/GCST90451001-GCST90452000/GCST90451195/GCST90451195.tsv.gz
GCST90451196	Cholesteryl_esters_in_medium_HDL	Cholesteryl esters in medium high-density lipoprotein	GRCh38	599249	https://ftp.ebi.ac.uk/pub/databases/gwas/summary_statistics/GCST90451001-GCST90452000/GCST90451196/GCST90451196.tsv.gz
GCST90451197	Cholesterol_to_total_lipids_ratio_in_medium_HDL	Cholesterol/total lipids ratio in medium high-density lipoprotein	GRCh38	599249	https://ftp.ebi.ac.uk/pub/databases/gwas/summary_statistics/GCST90451001-GCST90452000/GCST90451197/GCST90451197.tsv.gz
GCST90451198	Cholesterol_in_medium_HDL	Cholesterol in medium high-density lipoprotein	GRCh38	599249	https://ftp.ebi.ac.uk/pub/databases/gwas/summary_statistics/GCST90451001-GCST90452000/GCST90451198/GCST90451198.tsv.gz
GCST90451199	Free_cholesterol_to_total_lipids_ratio_in_medium_HDL	Free cholesterol/total lipids ratio in medium high-density lipoprotein	GRCh38	599249	https://ftp.ebi.ac.uk/pub/databases/gwas/summary_statistics/GCST90451001-GCST90452000/GCST90451199/GCST90451199.tsv.gz
GCST90451200	Free_cholesterol_in_medium_HDL	Free cholesterol in medium high-density lipoprotein	GRCh38	599249	https://ftp.ebi.ac.uk/pub/databases/gwas/summary_statistics/GCST90451001-GCST90452000/GCST90451200/GCST90451200.tsv.gz
GCST90451201	Total_lipids_in_medium_HDL	Total lipids in medium high-density lipoprotein	GRCh38	599249	https://ftp.ebi.ac.uk/pub/databases/gwas/summary_statistics/GCST90451001-GCST90452000/GCST90451201/GCST90451201.tsv.gz
GCST90451202	Phospholipids_to_total_lipids_ratio_in_medium_HDL	Phospholipids/total lipids ratio in medium high-density lipoprotein	GRCh38	599249	https://ftp.ebi.ac.uk/pub/databases/gwas/summary_statistics/GCST90451001-GCST90452000/GCST90451202/GCST90451202.tsv.gz
GCST90451203	Phospholipids_in_medium_HDL	Phospholipids in medium high-density lipoprotein	GRCh38	599249	https://ftp.ebi.ac.uk/pub/databases/gwas/summary_statistics/GCST90451001-GCST90452000/GCST90451203/GCST90451203.tsv.gz
GCST90451204	Concentration_of_medium_HDL_particles	Medium high-density lipoprotein particle concentration	GRCh38	599249	https://ftp.ebi.ac.uk/pub/databases/gwas/summary_statistics/GCST90451001-GCST90452000/GCST90451204/GCST90451204.tsv.gz
GCST90451205	Triglycerides_to_total_lipids_ratio_in_medium_HDL	Triglycerides/total lipids ratio in medium high-density lipoprotein	GRCh38	599249	https://ftp.ebi.ac.uk/pub/databases/gwas/summary_statistics/GCST90451001-GCST90452000/GCST90451205/GCST90451205.tsv.gz
GCST90451206	Triglycerides_in_medium_HDL	Triglycerides in medium high-density lipoprotein	GRCh38	599249	https://ftp.ebi.ac.uk/pub/databases/gwas/summary_statistics/GCST90451001-GCST90452000/GCST90451206/GCST90451206.tsv.gz
GCST90451207	Cholesteryl_esters_to_total_lipids_ratio_in_medium_LDL	Cholesteryl esters/total lipids ratio in medium low-density lipoprotein	GRCh38	599249	https://ftp.ebi.ac.uk/pub/databases/gwas/summary_statistics/GCST90451001-GCST90452000/GCST90451207/GCST90451207.tsv.gz
GCST90451208	Cholesteryl_esters_in_medium_LDL	Cholesteryl esters in medium low-density lipoprotein	GRCh38	599249	https://ftp.ebi.ac.uk/pub/databases/gwas/summary_statistics/GCST90451001-GCST90452000/GCST90451208/GCST90451208.tsv.gz
GCST90451209	Cholesterol_to_total_lipids_ratio_in_medium_LDL	Cholesterol/total lipids ratio in medium low-density lipoprotein	GRCh38	599249	https://ftp.ebi.ac.uk/pub/databases/gwas/summary_statistics/GCST90451001-GCST90452000/GCST90451209/GCST90451209.tsv.gz
GCST90451210	Cholesterol_in_medium_LDL	Cholesterol in medium low-density lipoprotein	GRCh38	599249	https://ftp.ebi.ac.uk/pub/databases/gwas/summary_statistics/GCST90451001-GCST90452000/GCST90451210/GCST90451210.tsv.gz
GCST90451211	Free_cholesterol_to_total_lipids_ratio_in_medium_LDL	Free cholesterol/total lipids ratio in medium low-density lipoprotein	GRCh38	599249	https://ftp.ebi.ac.uk/pub/databases/gwas/summary_statistics/GCST90451001-GCST90452000/GCST90451211/GCST90451211.tsv.gz
GCST90451212	Free_cholesterol_in_medium_LDL	Free cholesterol in medium low-density lipoprotein	GRCh38	599249	https://ftp.ebi.ac.uk/pub/databases/gwas/summary_statistics/GCST90451001-GCST90452000/GCST90451212/GCST90451212.tsv.gz
GCST90451213	Total_lipids_in_medium_LDL	Total lipids in medium low-density lipoprotein	GRCh38	599249	https://ftp.ebi.ac.uk/pub/databases/gwas/summary_statistics/GCST90451001-GCST90452000/GCST90451213/GCST90451213.tsv.gz
GCST90451214	Phospholipids_to_total_lipids_ratio_in_medium_LDL	Phospholipids/total lipids ratio in medium low-density lipoprotein	GRCh38	599249	https://ftp.ebi.ac.uk/pub/databases/gwas/summary_statistics/GCST90451001-GCST90452000/GCST90451214/GCST90451214.tsv.gz
GCST90451215	Phospholipids_in_medium_LDL	Phospholipids in medium low-density lipoprotein	GRCh38	599249	https://ftp.ebi.ac.uk/pub/databases/gwas/summary_statistics/GCST90451001-GCST90452000/GCST90451215/GCST90451215.tsv.gz
GCST90451216	Concentration_of_medium_LDL_particles	Medium low-density lipoprotein particle concentration	GRCh38	599249	https://ftp.ebi.ac.uk/pub/databases/gwas/summary_statistics/GCST90451001-GCST90452000/GCST90451216/GCST90451216.tsv.gz
GCST90451217	Triglycerides_to_total_lipids_ratio_in_medium_LDL	Triglycerides/total lipids ratio in medium low-density lipoprotein	GRCh38	599249	https://ftp.ebi.ac.uk/pub/databases/gwas/summary_statistics/GCST90451001-GCST90452000/GCST90451217/GCST90451217.tsv.gz
GCST90451218	Triglycerides_in_medium_LDL	Triglycerides in medium low-density lipoprotein	GRCh38	599249	https://ftp.ebi.ac.uk/pub/databases/gwas/summary_statistics/GCST90451001-GCST90452000/GCST90451218/GCST90451218.tsv.gz
GCST90451219	Ratio_of_monounsaturated_fatty_acids_to_total_fatty_acids	Monounsaturated fatty acids/total fatty acids ratio	GRCh38	599249	https://ftp.ebi.ac.uk/pub/databases/gwas/summary_statistics/GCST90451001-GCST90452000/GCST90451219/GCST90451219.tsv.gz
GCST90451220	Monounsaturated_fatty_acids	Monounsaturated fatty acids	GRCh38	599249	https://ftp.ebi.ac.uk/pub/databases/gwas/summary_statistics/GCST90451001-GCST90452000/GCST90451220/GCST90451220.tsv.gz
GCST90451221	Cholesteryl_esters_to_total_lipids_ratio_in_medium_VLDL	Cholesteryl esters/total lipids ratio in medium very-low-density lipoprotein	GRCh38	599249	https://ftp.ebi.ac.uk/pub/databases/gwas/summary_statistics/GCST90451001-GCST90452000/GCST90451221/GCST90451221.tsv.gz
GCST90451222	Cholesteryl_esters_in_medium_VLDL	Cholesteryl esters in medium very-low-density lipoprotein	GRCh38	599249	https://ftp.ebi.ac.uk/pub/databases/gwas/summary_statistics/GCST90451001-GCST90452000/GCST90451222/GCST90451222.tsv.gz
GCST90451223	Cholesterol_to_total_lipids_ratio_in_medium_VLDL	Cholesterol/total lipids ratio in medium very-low-density lipoprotein	GRCh38	599249	https://ftp.ebi.ac.uk/pub/databases/gwas/summary_statistics/GCST90451001-GCST90452000/GCST90451223/GCST90451223.tsv.gz
GCST90451224	Cholesterol_in_medium_VLDL	Cholesterol in medium very-low-density lipoprotein	GRCh38	599249	https://ftp.ebi.ac.uk/pub/databases/gwas/summary_statistics/GCST90451001-GCST90452000/GCST90451224/GCST90451224.tsv.gz
GCST90451225	Free_cholesterol_to_total_lipids_ratio_in_medium_VLDL	Free cholesterol/total lipids ratio in medium very-low-density lipoprotein	GRCh38	599249	https://ftp.ebi.ac.uk/pub/databases/gwas/summary_statistics/GCST90451001-GCST90452000/GCST90451225/GCST90451225.tsv.gz
GCST90451226	Free_cholesterol_in_medium_VLDL	Free cholesterol in medium very-low-density lipoprotein	GRCh38	599249	https://ftp.ebi.ac.uk/pub/databases/gwas/summary_statistics/GCST90451001-GCST90452000/GCST90451226/GCST90451226.tsv.gz
GCST90451227	Total_lipids_in_medium_VLDL	Total lipids in medium very-low-density lipoprotein	GRCh38	599249	https://ftp.ebi.ac.uk/pub/databases/gwas/summary_statistics/GCST90451001-GCST90452000/GCST90451227/GCST90451227.tsv.gz
GCST90451228	Phospholipids_to_total_lipids_ratio_in_medium_VLDL	Phospholipids/total lipids ratio in medium very-low-density lipoprotein	GRCh38	599249	https://ftp.ebi.ac.uk/pub/databases/gwas/summary_statistics/GCST90451001-GCST90452000/GCST90451228/GCST90451228.tsv.gz
GCST90451229	Phospholipids_in_medium_VLDL	Phospholipids in medium very-low-density lipoprotein	GRCh38	599249	https://ftp.ebi.ac.uk/pub/databases/gwas/summary_statistics/GCST90451001-GCST90452000/GCST90451229/GCST90451229.tsv.gz
GCST90451230	Concentration_of_medium_VLDL_particles	Medium very-low-density lipoprotein particle concentration	GRCh38	599249	https://ftp.ebi.ac.uk/pub/databases/gwas/summary_statistics/GCST90451001-GCST90452000/GCST90451230/GCST90451230.tsv.gz
GCST90451231	Triglycerides_to_total_lipids_ratio_in_medium_VLDL	Triglycerides/total lipids ratio in medium very-low-density lipoprotein	GRCh38	599249	https://ftp.ebi.ac.uk/pub/databases/gwas/summary_statistics/GCST90451001-GCST90452000/GCST90451231/GCST90451231.tsv.gz
GCST90451232	Triglycerides_in_medium_VLDL	Triglycerides in medium very-low-density lipoprotein	GRCh38	599249	https://ftp.ebi.ac.uk/pub/databases/gwas/summary_statistics/GCST90451001-GCST90452000/GCST90451232/GCST90451232.tsv.gz
GCST90451233	Total_cholesterol_minus_HDLC	Total cholesterol minus high-density lipoprotein cholesterol	GRCh38	599249	https://ftp.ebi.ac.uk/pub/databases/gwas/summary_statistics/GCST90451001-GCST90452000/GCST90451233/GCST90451233.tsv.gz
GCST90451234	Ratio_of_omega3_fatty_acids_to_total_fatty_acids	Omega-3 fatty acids/total fatty acids ratio	GRCh38	599249	https://ftp.ebi.ac.uk/pub/databases/gwas/summary_statistics/GCST90451001-GCST90452000/GCST90451234/GCST90451234.tsv.gz
GCST90451235	Omega3_fatty_acids	Omega-3 fatty acids	GRCh38	599249	https://ftp.ebi.ac.uk/pub/databases/gwas/summary_statistics/GCST90451001-GCST90452000/GCST90451235/GCST90451235.tsv.gz
GCST90451236	Ratio_of_omega6_fatty_acids_to_omega3_fatty_acids	Omega-6 fatty acids/omega-3 fatty acids ratio	GRCh38	599249	https://ftp.ebi.ac.uk/pub/databases/gwas/summary_statistics/GCST90451001-GCST90452000/GCST90451236/GCST90451236.tsv.gz
GCST90451237	Ratio_of_omega6_fatty_acids_to_total_fatty_acids	Omega-6 fatty acids/total fatty acids ratio	GRCh38	599249	https://ftp.ebi.ac.uk/pub/databases/gwas/summary_statistics/GCST90451001-GCST90452000/GCST90451237/GCST90451237.tsv.gz
GCST90451238	Omega6_fatty_acids	Omega-6 fatty acids	GRCh38	599249	https://ftp.ebi.ac.uk/pub/databases/gwas/summary_statistics/GCST90451001-GCST90452000/GCST90451238/GCST90451238.tsv.gz
GCST90451239	Phenylalanine	Phenylalanine	GRCh38	599249	https://ftp.ebi.ac.uk/pub/databases/gwas/summary_statistics/GCST90451001-GCST90452000/GCST90451239/GCST90451239.tsv.gz
GCST90451240	Phosphatidylcholines	Phosphatidylcholines	GRCh38	599249	https://ftp.ebi.ac.uk/pub/databases/gwas/summary_statistics/GCST90451001-GCST90452000/GCST90451240/GCST90451240.tsv.gz
GCST90451241	Phosphoglycerides	Phosphoglycerides	GRCh38	599249	https://ftp.ebi.ac.uk/pub/databases/gwas/summary_statistics/GCST90451001-GCST90452000/GCST90451241/GCST90451241.tsv.gz
GCST90451242	Ratio_of_polyunsaturated_fatty_acids_to_monounsaturated_fatty_acids	Polyunsaturated fatty acids/monounsaturated fatty acids ratio	GRCh38	599249	https://ftp.ebi.ac.uk/pub/databases/gwas/summary_statistics/GCST90451001-GCST90452000/GCST90451242/GCST90451242.tsv.gz
GCST90451243	Ratio_of_polyunsaturated_fatty_acids_to_total_fatty_acids	Polyunsaturated fatty acids/total fatty acids ratio	GRCh38	599249	https://ftp.ebi.ac.uk/pub/databases/gwas/summary_statistics/GCST90451001-GCST90452000/GCST90451243/GCST90451243.tsv.gz
GCST90451244	Polyunsaturated_fatty_acids	Polyunsaturated fatty acids	GRCh38	599249	https://ftp.ebi.ac.uk/pub/databases/gwas/summary_statistics/GCST90451001-GCST90452000/GCST90451244/GCST90451244.tsv.gz
GCST90451245	Pyruvate	Pyruvate	GRCh38	599249	https://ftp.ebi.ac.uk/pub/databases/gwas/summary_statistics/GCST90451001-GCST90452000/GCST90451245/GCST90451245.tsv.gz
GCST90451246	Remnant_cholesterol_nonHDL_nonLDL_cholesterol	Remnant cholesterol (non-high-density lipoprotein, non-low-density lipoprotein cholesterol)	GRCh38	599249	https://ftp.ebi.ac.uk/pub/databases/gwas/summary_statistics/GCST90451001-GCST90452000/GCST90451246/GCST90451246.tsv.gz
GCST90451247	Ratio_of_saturated_fatty_acids_to_total_fatty_acids	Saturated fatty acids/total fatty acids ratio	GRCh38	599249	https://ftp.ebi.ac.uk/pub/databases/gwas/summary_statistics/GCST90451001-GCST90452000/GCST90451247/GCST90451247.tsv.gz
GCST90451248	Saturated_fatty_acids	Saturated fatty acids	GRCh38	599249	https://ftp.ebi.ac.uk/pub/databases/gwas/summary_statistics/GCST90451001-GCST90452000/GCST90451248/GCST90451248.tsv.gz
GCST90451249	Cholesteryl_esters_to_total_lipids_ratio_in_small_HDL	Cholesteryl esters/total lipids ratio in small high-density lipoprotein	GRCh38	599249	https://ftp.ebi.ac.uk/pub/databases/gwas/summary_statistics/GCST90451001-GCST90452000/GCST90451249/GCST90451249.tsv.gz
GCST90451250	Cholesteryl_esters_in_small_HDL	Cholesteryl esters in small high-density lipoprotein	GRCh38	599249	https://ftp.ebi.ac.uk/pub/databases/gwas/summary_statistics/GCST90451001-GCST90452000/GCST90451250/GCST90451250.tsv.gz
GCST90451251	Cholesterol_to_total_lipids_ratio_in_small_HDL	Cholesterol/total lipids ratio in small high-density lipoprotein	GRCh38	599249	https://ftp.ebi.ac.uk/pub/databases/gwas/summary_statistics/GCST90451001-GCST90452000/GCST90451251/GCST90451251.tsv.gz
GCST90451252	Cholesterol_in_small_HDL	Cholesterol in small high-density lipoprotein	GRCh38	599249	https://ftp.ebi.ac.uk/pub/databases/gwas/summary_statistics/GCST90451001-GCST90452000/GCST90451252/GCST90451252.tsv.gz
GCST90451253	Free_cholesterol_to_total_lipids_ratio_in_small_HDL	Free cholesterol/total lipids ratio in small high-density lipoprotein	GRCh38	599249	https://ftp.ebi.ac.uk/pub/databases/gwas/summary_statistics/GCST90451001-GCST90452000/GCST90451253/GCST90451253.tsv.gz
GCST90451254	Free_cholesterol_in_small_HDL	Free cholesterol in small high-density lipoprotein	GRCh38	599249	https://ftp.ebi.ac.uk/pub/databases/gwas/summary_statistics/GCST90451001-GCST90452000/GCST90451254/GCST90451254.tsv.gz
GCST90451255	Total_lipids_in_small_HDL	Total lipids in small high-density lipoprotein	GRCh38	599249	https://ftp.ebi.ac.uk/pub/databases/gwas/summary_statistics/GCST90451001-GCST90452000/GCST90451255/GCST90451255.tsv.gz
GCST90451256	Phospholipids_to_total_lipids_ratio_in_small_HDL	Phospholipids/total lipids ratio in small high-density lipoprotein	GRCh38	599249	https://ftp.ebi.ac.uk/pub/databases/gwas/summary_statistics/GCST90451001-GCST90452000/GCST90451256/GCST90451256.tsv.gz
GCST90451257	Phospholipids_in_small_HDL	Phospholipids in small high-density lipoprotein	GRCh38	599249	https://ftp.ebi.ac.uk/pub/databases/gwas/summary_statistics/GCST90451001-GCST90452000/GCST90451257/GCST90451257.tsv.gz
GCST90451258	Concentration_of_small_HDL_particles	Small high-density lipoprotein particle concentration	GRCh38	599249	https://ftp.ebi.ac.uk/pub/databases/gwas/summary_statistics/GCST90451001-GCST90452000/GCST90451258/GCST90451258.tsv.gz
GCST90451259	Triglycerides_to_total_lipids_ratio_in_small_HDL	Triglycerides/total lipids ratio in small high-density lipoprotein	GRCh38	599249	https://ftp.ebi.ac.uk/pub/databases/gwas/summary_statistics/GCST90451001-GCST90452000/GCST90451259/GCST90451259.tsv.gz
GCST90451260	Triglycerides_in_small_HDL	Triglycerides in small high-density lipoprotein	GRCh38	599249	https://ftp.ebi.ac.uk/pub/databases/gwas/summary_statistics/GCST90451001-GCST90452000/GCST90451260/GCST90451260.tsv.gz
GCST90451261	Cholesteryl_esters_to_total_lipids_ratio_in_small_LDL	Cholesteryl esters/total lipids ratio in small low-density lipoprotein	GRCh38	599249	https://ftp.ebi.ac.uk/pub/databases/gwas/summary_statistics/GCST90451001-GCST90452000/GCST90451261/GCST90451261.tsv.gz
GCST90451262	Cholesteryl_esters_in_small_LDL	Cholesteryl esters in small low-density lipoprotein	GRCh38	599249	https://ftp.ebi.ac.uk/pub/databases/gwas/summary_statistics/GCST90451001-GCST90452000/GCST90451262/GCST90451262.tsv.gz
GCST90451263	Cholesterol_to_total_lipids_ratio_in_small_LDL	Cholesterol/total lipids ratio in small low-density lipoprotein	GRCh38	599249	https://ftp.ebi.ac.uk/pub/databases/gwas/summary_statistics/GCST90451001-GCST90452000/GCST90451263/GCST90451263.tsv.gz
GCST90451264	Cholesterol_in_small_LDL	Cholesterol in small low-density lipoprotein	GRCh38	599249	https://ftp.ebi.ac.uk/pub/databases/gwas/summary_statistics/GCST90451001-GCST90452000/GCST90451264/GCST90451264.tsv.gz
GCST90451265	Free_cholesterol_to_total_lipids_ratio_in_small_LDL	Free cholesterol/total lipids ratio in small low-density lipoprotein	GRCh38	599249	https://ftp.ebi.ac.uk/pub/databases/gwas/summary_statistics/GCST90451001-GCST90452000/GCST90451265/GCST90451265.tsv.gz
GCST90451266	Free_cholesterol_in_small_LDL	Free cholesterol in small low-density lipoprotein	GRCh38	599249	https://ftp.ebi.ac.uk/pub/databases/gwas/summary_statistics/GCST90451001-GCST90452000/GCST90451266/GCST90451266.tsv.gz
GCST90451267	Total_lipids_in_small_LDL	Total lipids in small low-density lipoprotein	GRCh38	599249	https://ftp.ebi.ac.uk/pub/databases/gwas/summary_statistics/GCST90451001-GCST90452000/GCST90451267/GCST90451267.tsv.gz
GCST90451268	Phospholipids_to_total_lipids_ratio_in_small_LDL	Phospholipids/total lipids ratio in small low-density lipoprotein	GRCh38	599249	https://ftp.ebi.ac.uk/pub/databases/gwas/summary_statistics/GCST90451001-GCST90452000/GCST90451268/GCST90451268.tsv.gz
GCST90451269	Phospholipids_in_small_LDL	Phospholipids in small low-density lipoprotein	GRCh38	599249	https://ftp.ebi.ac.uk/pub/databases/gwas/summary_statistics/GCST90451001-GCST90452000/GCST90451269/GCST90451269.tsv.gz
GCST90451270	Concentration_of_small_LDL_particles	Small low-density lipoprotein particle concentration	GRCh38	599249	https://ftp.ebi.ac.uk/pub/databases/gwas/summary_statistics/GCST90451001-GCST90452000/GCST90451270/GCST90451270.tsv.gz
GCST90451271	Triglycerides_to_total_lipids_ratio_in_small_LDL	Triglycerides/total lipids ratio in small low-density lipoprotein	GRCh38	599249	https://ftp.ebi.ac.uk/pub/databases/gwas/summary_statistics/GCST90451001-GCST90452000/GCST90451271/GCST90451271.tsv.gz
GCST90451272	Triglycerides_in_small_LDL	Triglycerides in small low-density lipoprotein	GRCh38	599249	https://ftp.ebi.ac.uk/pub/databases/gwas/summary_statistics/GCST90451001-GCST90452000/GCST90451272/GCST90451272.tsv.gz
GCST90451273	Sphingomyelins	Sphingomyelins	GRCh38	599249	https://ftp.ebi.ac.uk/pub/databases/gwas/summary_statistics/GCST90451001-GCST90452000/GCST90451273/GCST90451273.tsv.gz
GCST90451274	Cholesteryl_esters_to_total_lipids_ratio_in_small_VLDL	Cholesteryl esters/total lipids ratio in small very-low-density lipoprotein	GRCh38	599249	https://ftp.ebi.ac.uk/pub/databases/gwas/summary_statistics/GCST90451001-GCST90452000/GCST90451274/GCST90451274.tsv.gz
GCST90451275	Cholesteryl_esters_in_small_VLDL	Cholesteryl esters in small very-low-density lipoprotein	GRCh38	599249	https://ftp.ebi.ac.uk/pub/databases/gwas/summary_statistics/GCST90451001-GCST90452000/GCST90451275/GCST90451275.tsv.gz
GCST90451276	Cholesterol_to_total_lipids_ratio_in_small_VLDL	Cholesterol/total lipids ratio in small very-low-density lipoprotein	GRCh38	599249	https://ftp.ebi.ac.uk/pub/databases/gwas/summary_statistics/GCST90451001-GCST90452000/GCST90451276/GCST90451276.tsv.gz
GCST90451277	Cholesterol_in_small_VLDL	Cholesterol in small very-low-density lipoprotein	GRCh38	599249	https://ftp.ebi.ac.uk/pub/databases/gwas/summary_statistics/GCST90451001-GCST90452000/GCST90451277/GCST90451277.tsv.gz
GCST90451278	Free_cholesterol_to_total_lipids_ratio_in_small_VLDL	Free cholesterol/total lipids ratio in small very-low-density lipoprotein	GRCh38	599249	https://ftp.ebi.ac.uk/pub/databases/gwas/summary_statistics/GCST90451001-GCST90452000/GCST90451278/GCST90451278.tsv.gz
GCST90451279	Free_cholesterol_in_small_VLDL	Free cholesterol in small very-low-density lipoprotein	GRCh38	599249	https://ftp.ebi.ac.uk/pub/databases/gwas/summary_statistics/GCST90451001-GCST90452000/GCST90451279/GCST90451279.tsv.gz
GCST90451280	Total_lipids_in_small_VLDL	Total lipids in small very-low-density lipoprotein	GRCh38	599249	https://ftp.ebi.ac.uk/pub/databases/gwas/summary_statistics/GCST90451001-GCST90452000/GCST90451280/GCST90451280.tsv.gz
GCST90451281	Phospholipids_to_total_lipids_ratio_in_small_VLDL	Phospholipids/total lipids ratio in small very-low-density lipoprotein	GRCh38	599249	https://ftp.ebi.ac.uk/pub/databases/gwas/summary_statistics/GCST90451001-GCST90452000/GCST90451281/GCST90451281.tsv.gz
GCST90451282	Phospholipids_in_small_VLDL	Phospholipids in small very-low-density lipoprotein	GRCh38	599249	https://ftp.ebi.ac.uk/pub/databases/gwas/summary_statistics/GCST90451001-GCST90452000/GCST90451282/GCST90451282.tsv.gz
GCST90451283	Concentration_of_small_VLDL_particles	Small very-low-density lipoprotein particle concentration	GRCh38	599249	https://ftp.ebi.ac.uk/pub/databases/gwas/summary_statistics/GCST90451001-GCST90452000/GCST90451283/GCST90451283.tsv.gz
GCST90451284	Triglycerides_to_total_lipids_ratio_in_small_VLDL	Triglycerides/total lipids ratio in small very-low-density lipoprotein	GRCh38	599249	https://ftp.ebi.ac.uk/pub/databases/gwas/summary_statistics/GCST90451001-GCST90452000/GCST90451284/GCST90451284.tsv.gz
GCST90451285	Triglycerides_in_small_VLDL	Triglycerides in small very-low-density lipoprotein	GRCh38	599249	https://ftp.ebi.ac.uk/pub/databases/gwas/summary_statistics/GCST90451001-GCST90452000/GCST90451285/GCST90451285.tsv.gz
GCST90451286	Ratio_of_triglycerides_to_phosphoglycerides	Triglycerides/phosphoglycerides ratio	GRCh38	599249	https://ftp.ebi.ac.uk/pub/databases/gwas/summary_statistics/GCST90451001-GCST90452000/GCST90451286/GCST90451286.tsv.gz
GCST90451287	Total_concentration_of_branchedchain_amino_acids_leucine_isoleucine_valine	Total branched-chain amino acids (leucine, isoleucine, and valine)	GRCh38	599249	https://ftp.ebi.ac.uk/pub/databases/gwas/summary_statistics/GCST90451001-GCST90452000/GCST90451287/GCST90451287.tsv.gz
GCST90451288	Total_esterified_cholesterol	Total esterified cholesterol	GRCh38	599249	https://ftp.ebi.ac.uk/pub/databases/gwas/summary_statistics/GCST90451001-GCST90452000/GCST90451288/GCST90451288.tsv.gz
GCST90451289	Total_cholesterol	Total cholesterol	GRCh38	599249	https://ftp.ebi.ac.uk/pub/databases/gwas/summary_statistics/GCST90451001-GCST90452000/GCST90451289/GCST90451289.tsv.gz
GCST90451290	Total_fatty_acids	Total fatty acids	GRCh38	599249	https://ftp.ebi.ac.uk/pub/databases/gwas/summary_statistics/GCST90451001-GCST90452000/GCST90451290/GCST90451290.tsv.gz
GCST90451291	Total_free_cholesterol	Total free cholesterol	GRCh38	599249	https://ftp.ebi.ac.uk/pub/databases/gwas/summary_statistics/GCST90451001-GCST90452000/GCST90451291/GCST90451291.tsv.gz
GCST90451292	Total_lipids_in_lipoprotein_particles	Total lipids in lipoprotein particles	GRCh38	599249	https://ftp.ebi.ac.uk/pub/databases/gwas/summary_statistics/GCST90451001-GCST90452000/GCST90451292/GCST90451292.tsv.gz
GCST90451293	Total_phospholipids_in_lipoprotein_particles	Total phospholipids in lipoprotein particles	GRCh38	599249	https://ftp.ebi.ac.uk/pub/databases/gwas/summary_statistics/GCST90451001-GCST90452000/GCST90451293/GCST90451293.tsv.gz
GCST90451294	Total_concentration_of_lipoprotein_particles	Total concentration of lipoprotein particles	GRCh38	599249	https://ftp.ebi.ac.uk/pub/databases/gwas/summary_statistics/GCST90451001-GCST90452000/GCST90451294/GCST90451294.tsv.gz
GCST90451295	Total_triglycerides	Total triglycerides	GRCh38	599249	https://ftp.ebi.ac.uk/pub/databases/gwas/summary_statistics/GCST90451001-GCST90452000/GCST90451295/GCST90451295.tsv.gz
GCST90451296	Tyrosine	Tyrosine	GRCh38	599249	https://ftp.ebi.ac.uk/pub/databases/gwas/summary_statistics/GCST90451001-GCST90452000/GCST90451296/GCST90451296.tsv.gz
GCST90451297	Degree_of_unsaturation	Degree of unsaturation	GRCh38	599249	https://ftp.ebi.ac.uk/pub/databases/gwas/summary_statistics/GCST90451001-GCST90452000/GCST90451297/GCST90451297.tsv.gz
GCST90451298	Valine	Valine	GRCh38	599249	https://ftp.ebi.ac.uk/pub/databases/gwas/summary_statistics/GCST90451001-GCST90452000/GCST90451298/GCST90451298.tsv.gz
GCST90451299	Cholesteryl_esters_in_VLDL	Cholesteryl esters in very-low-density lipoprotein	GRCh38	599249	https://ftp.ebi.ac.uk/pub/databases/gwas/summary_statistics/GCST90451001-GCST90452000/GCST90451299/GCST90451299.tsv.gz
GCST90451300	VLDL_cholesterol	Very-low-density lipoprotein cholesterol	GRCh38	599249	https://ftp.ebi.ac.uk/pub/databases/gwas/summary_statistics/GCST90451001-GCST90452000/GCST90451300/GCST90451300.tsv.gz
GCST90451301	Free_cholesterol_in_VLDL	Free cholesterol in very-low-density lipoprotein	GRCh38	599249	https://ftp.ebi.ac.uk/pub/databases/gwas/summary_statistics/GCST90451001-GCST90452000/GCST90451301/GCST90451301.tsv.gz
GCST90451302	Total_lipids_in_VLDL	Total lipids in very-low-density lipoprotein	GRCh38	599249	https://ftp.ebi.ac.uk/pub/databases/gwas/summary_statistics/GCST90451001-GCST90452000/GCST90451302/GCST90451302.tsv.gz
GCST90451303	Phospholipids_in_VLDL	Phospholipids in very-low-density lipoprotein	GRCh38	599249	https://ftp.ebi.ac.uk/pub/databases/gwas/summary_statistics/GCST90451001-GCST90452000/GCST90451303/GCST90451303.tsv.gz
GCST90451304	Concentration_of_VLDL_particles	Very-low-density lipoprotein particle concentration	GRCh38	599249	https://ftp.ebi.ac.uk/pub/databases/gwas/summary_statistics/GCST90451001-GCST90452000/GCST90451304/GCST90451304.tsv.gz
GCST90451305	Average_diameter_for_VLDL_particles	Mean very-low-density lipoprotein particle diameter	GRCh38	599249	https://ftp.ebi.ac.uk/pub/databases/gwas/summary_statistics/GCST90451001-GCST90452000/GCST90451305/GCST90451305.tsv.gz
GCST90451306	Triglycerides_in_VLDL	Triglycerides in very-low-density lipoprotein	GRCh38	599249	https://ftp.ebi.ac.uk/pub/databases/gwas/summary_statistics/GCST90451001-GCST90452000/GCST90451306/GCST90451306.tsv.gz
GCST90451307	Cholesteryl_esters_to_total_lipids_ratio_in_very_large_HDL	Cholesteryl esters/total lipids ratio in very large high-density lipoprotein	GRCh38	599249	https://ftp.ebi.ac.uk/pub/databases/gwas/summary_statistics/GCST90451001-GCST90452000/GCST90451307/GCST90451307.tsv.gz
GCST90451308	Cholesteryl_esters_in_very_large_HDL	Cholesteryl esters in very large high-density lipoprotein	GRCh38	599249	https://ftp.ebi.ac.uk/pub/databases/gwas/summary_statistics/GCST90451001-GCST90452000/GCST90451308/GCST90451308.tsv.gz
GCST90451309	Cholesterol_to_total_lipids_ratio_in_very_large_HDL	Cholesterol/total lipids ratio in very large high-density lipoprotein	GRCh38	599249	https://ftp.ebi.ac.uk/pub/databases/gwas/summary_statistics/GCST90451001-GCST90452000/GCST90451309/GCST90451309.tsv.gz
GCST90451310	Cholesterol_in_very_large_HDL	Cholesterol in very large high-density lipoprotein	GRCh38	599249	https://ftp.ebi.ac.uk/pub/databases/gwas/summary_statistics/GCST90451001-GCST90452000/GCST90451310/GCST90451310.tsv.gz
GCST90451311	Free_cholesterol_to_total_lipids_ratio_in_very_large_HDL	Free cholesterol/total lipids ratio in very large high-density lipoprotein	GRCh38	599249	https://ftp.ebi.ac.uk/pub/databases/gwas/summary_statistics/GCST90451001-GCST90452000/GCST90451311/GCST90451311.tsv.gz
GCST90451312	Free_cholesterol_in_very_large_HDL	Free cholesterol in very large high-density lipoprotein	GRCh38	599249	https://ftp.ebi.ac.uk/pub/databases/gwas/summary_statistics/GCST90451001-GCST90452000/GCST90451312/GCST90451312.tsv.gz
GCST90451313	Total_lipids_in_very_large_HDL	Total lipids in very large high-density lipoprotein	GRCh38	599249	https://ftp.ebi.ac.uk/pub/databases/gwas/summary_statistics/GCST90451001-GCST90452000/GCST90451313/GCST90451313.tsv.gz
GCST90451314	Phospholipids_to_total_lipids_ratio_in_very_large_HDL	Phospholipids/total lipids ratio in very large high-density lipoprotein	GRCh38	599249	https://ftp.ebi.ac.uk/pub/databases/gwas/summary_statistics/GCST90451001-GCST90452000/GCST90451314/GCST90451314.tsv.gz
GCST90451315	Phospholipids_in_very_large_HDL	Phospholipids in very large high-density lipoprotein	GRCh38	599249	https://ftp.ebi.ac.uk/pub/databases/gwas/summary_statistics/GCST90451001-GCST90452000/GCST90451315/GCST90451315.tsv.gz
GCST90451316	Concentration_of_very_large_HDL_particles	Very large high-density lipoprotein particle concentration	GRCh38	599249	https://ftp.ebi.ac.uk/pub/databases/gwas/summary_statistics/GCST90451001-GCST90452000/GCST90451316/GCST90451316.tsv.gz
GCST90451317	Triglycerides_to_total_lipids_ratio_in_very_large_HDL	Triglycerides/total lipids ratio in very large high-density lipoprotein	GRCh38	599249	https://ftp.ebi.ac.uk/pub/databases/gwas/summary_statistics/GCST90451001-GCST90452000/GCST90451317/GCST90451317.tsv.gz
GCST90451318	Triglycerides_in_very_large_HDL	Triglycerides in very large high-density lipoprotein	GRCh38	599249	https://ftp.ebi.ac.uk/pub/databases/gwas/summary_statistics/GCST90451001-GCST90452000/GCST90451318/GCST90451318.tsv.gz
GCST90451319	Cholesteryl_esters_to_total_lipids_ratio_in_very_large_VLDL	Cholesteryl esters/total lipids ratio in very large very-low-density lipoprotein	GRCh38	599249	https://ftp.ebi.ac.uk/pub/databases/gwas/summary_statistics/GCST90451001-GCST90452000/GCST90451319/GCST90451319.tsv.gz
GCST90451320	Cholesteryl_esters_in_very_large_VLDL	Cholesteryl esters in very large very-low-density lipoprotein	GRCh38	599249	https://ftp.ebi.ac.uk/pub/databases/gwas/summary_statistics/GCST90451001-GCST90452000/GCST90451320/GCST90451320.tsv.gz
GCST90451321	Cholesterol_to_total_lipids_ratio_in_very_large_VLDL	Cholesterol/total lipids ratio in very large very-low-density lipoprotein	GRCh38	599249	https://ftp.ebi.ac.uk/pub/databases/gwas/summary_statistics/GCST90451001-GCST90452000/GCST90451321/GCST90451321.tsv.gz
GCST90451322	Cholesterol_in_very_large_VLDL	Cholesterol in very large very-low-density lipoprotein	GRCh38	599249	https://ftp.ebi.ac.uk/pub/databases/gwas/summary_statistics/GCST90451001-GCST90452000/GCST90451322/GCST90451322.tsv.gz
GCST90451323	Free_cholesterol_to_total_lipids_ratio_in_very_large_VLDL	Free cholesterol/total lipids ratio in very large very-low-density lipoprotein	GRCh38	599249	https://ftp.ebi.ac.uk/pub/databases/gwas/summary_statistics/GCST90451001-GCST90452000/GCST90451323/GCST90451323.tsv.gz
GCST90451324	Free_cholesterol_in_very_large_VLDL	Free cholesterol in very large very-low-density lipoprotein	GRCh38	599249	https://ftp.ebi.ac.uk/pub/databases/gwas/summary_statistics/GCST90451001-GCST90452000/GCST90451324/GCST90451324.tsv.gz
GCST90451325	Total_lipids_in_very_large_VLDL	Total lipids in very large very-low-density lipoprotein	GRCh38	599249	https://ftp.ebi.ac.uk/pub/databases/gwas/summary_statistics/GCST90451001-GCST90452000/GCST90451325/GCST90451325.tsv.gz
GCST90451326	Phospholipids_to_total_lipids_ratio_in_very_large_VLDL	Phospholipids/total lipids ratio in very large very-low-density lipoprotein	GRCh38	599249	https://ftp.ebi.ac.uk/pub/databases/gwas/summary_statistics/GCST90451001-GCST90452000/GCST90451326/GCST90451326.tsv.gz
GCST90451327	Phospholipids_in_very_large_VLDL	Phospholipids in very large very-low-density lipoprotein	GRCh38	599249	https://ftp.ebi.ac.uk/pub/databases/gwas/summary_statistics/GCST90451001-GCST90452000/GCST90451327/GCST90451327.tsv.gz
GCST90451328	Concentration_of_very_large_VLDL_particles	Very large very-low-density lipoprotein particle concentration	GRCh38	599249	https://ftp.ebi.ac.uk/pub/databases/gwas/summary_statistics/GCST90451001-GCST90452000/GCST90451328/GCST90451328.tsv.gz
GCST90451329	Triglycerides_to_total_lipids_ratio_in_very_large_VLDL	Triglycerides/total lipids ratio in very large very-low-density lipoprotein	GRCh38	599249	https://ftp.ebi.ac.uk/pub/databases/gwas/summary_statistics/GCST90451001-GCST90452000/GCST90451329/GCST90451329.tsv.gz
GCST90451330	Triglycerides_in_very_large_VLDL	Triglycerides in very large very-low-density lipoprotein	GRCh38	599249	https://ftp.ebi.ac.uk/pub/databases/gwas/summary_statistics/GCST90451001-GCST90452000/GCST90451330/GCST90451330.tsv.gz
GCST90451331	Cholesteryl_esters_to_total_lipids_ratio_in_very_small_VLDL	Cholesteryl esters/total lipids ratio in very small very-low-density lipoprotein	GRCh38	599249	https://ftp.ebi.ac.uk/pub/databases/gwas/summary_statistics/GCST90451001-GCST90452000/GCST90451331/GCST90451331.tsv.gz
GCST90451332	Cholesteryl_esters_in_very_small_VLDL	Cholesteryl esters in very small very-low-density lipoprotein	GRCh38	599249	https://ftp.ebi.ac.uk/pub/databases/gwas/summary_statistics/GCST90451001-GCST90452000/GCST90451332/GCST90451332.tsv.gz
GCST90451333	Cholesterol_to_total_lipids_ratio_in_very_small_VLDL	Cholesterol/total lipids ratio in very small very-low-density lipoprotein	GRCh38	599249	https://ftp.ebi.ac.uk/pub/databases/gwas/summary_statistics/GCST90451001-GCST90452000/GCST90451333/GCST90451333.tsv.gz
GCST90451334	Cholesterol_in_very_small_VLDL	Cholesterol in very small very-low-density lipoprotein	GRCh38	599249	https://ftp.ebi.ac.uk/pub/databases/gwas/summary_statistics/GCST90451001-GCST90452000/GCST90451334/GCST90451334.tsv.gz
GCST90451335	Free_cholesterol_to_total_lipids_ratio_in_very_small_VLDL	Free cholesterol/total lipids ratio in very small very-low-density lipoprotein	GRCh38	599249	https://ftp.ebi.ac.uk/pub/databases/gwas/summary_statistics/GCST90451001-GCST90452000/GCST90451335/GCST90451335.tsv.gz
GCST90451336	Free_cholesterol_in_very_small_VLDL	Free cholesterol in very small very-low-density lipoprotein	GRCh38	599249	https://ftp.ebi.ac.uk/pub/databases/gwas/summary_statistics/GCST90451001-GCST90452000/GCST90451336/GCST90451336.tsv.gz
GCST90451337	Total_lipids_in_very_small_VLDL	Total lipids in very small very-low-density lipoprotein	GRCh38	599249	https://ftp.ebi.ac.uk/pub/databases/gwas/summary_statistics/GCST90451001-GCST90452000/GCST90451337/GCST90451337.tsv.gz
GCST90451338	Phospholipids_to_total_lipids_ratio_in_very_small_VLDL	Phospholipids/total lipids ratio in very small very-low-density lipoprotein	GRCh38	599249	https://ftp.ebi.ac.uk/pub/databases/gwas/summary_statistics/GCST90451001-GCST90452000/GCST90451338/GCST90451338.tsv.gz
GCST90451339	Phospholipids_in_very_small_VLDL	Phospholipids in very small very-low-density lipoprotein	GRCh38	599249	https://ftp.ebi.ac.uk/pub/databases/gwas/summary_statistics/GCST90451001-GCST90452000/GCST90451339/GCST90451339.tsv.gz
GCST90451340	Concentration_of_very_small_VLDL_particles	Very small very-low-density lipoprotein particle concentration	GRCh38	599249	https://ftp.ebi.ac.uk/pub/databases/gwas/summary_statistics/GCST90451001-GCST90452000/GCST90451340/GCST90451340.tsv.gz
GCST90451341	Triglycerides_to_total_lipids_ratio_in_very_small_VLDL	Triglycerides/total lipids ratio in very small very-low-density lipoprotein	GRCh38	599249	https://ftp.ebi.ac.uk/pub/databases/gwas/summary_statistics/GCST90451001-GCST90452000/GCST90451341/GCST90451341.tsv.gz
GCST90451342	Triglycerides_in_very_small_VLDL	Triglycerides in very small very-low-density lipoprotein	GRCh38	599249	https://ftp.ebi.ac.uk/pub/databases/gwas/summary_statistics/GCST90451001-GCST90452000/GCST90451342/GCST90451342.tsv.gz
GCST90451343	Cholesteryl_esters_to_total_lipids_ratio_in_chylomicrons_and_extremely_large_VLDL	Cholesteryl esters/total lipids ratio in chylomicrons and extremely large very-low-density lipoprotein	GRCh38	599249	https://ftp.ebi.ac.uk/pub/databases/gwas/summary_statistics/GCST90451001-GCST90452000/GCST90451343/GCST90451343.tsv.gz
GCST90451344	Cholesteryl_esters_in_chylomicrons_and_extremely_large_VLDL	Cholesteryl esters in chylomicrons and extremely large very-low-density lipoprotein	GRCh38	599249	https://ftp.ebi.ac.uk/pub/databases/gwas/summary_statistics/GCST90451001-GCST90452000/GCST90451344/GCST90451344.tsv.gz
GCST90451345	Cholesterol_to_total_lipids_ratio_in_chylomicrons_and_extremely_large_VLDL	Cholesterol/total lipids ratio in chylomicrons and extremely large very-low-density lipoprotein	GRCh38	599249	https://ftp.ebi.ac.uk/pub/databases/gwas/summary_statistics/GCST90451001-GCST90452000/GCST90451345/GCST90451345.tsv.gz
GCST90451346	Cholesterol_in_chylomicrons_and_extremely_large_VLDL	Cholesterol in chylomicrons and extremely large very-low-density lipoprotein	GRCh38	599249	https://ftp.ebi.ac.uk/pub/databases/gwas/summary_statistics/GCST90451001-GCST90452000/GCST90451346/GCST90451346.tsv.gz
GCST90451347	Free_cholesterol_to_total_lipids_ratio_in_chylomicrons_and_extremely_large_VLDL	Free cholesterol/total lipids ratio in chylomicrons and extremely large very-low-density lipoprotein	GRCh38	599249	https://ftp.ebi.ac.uk/pub/databases/gwas/summary_statistics/GCST90451001-GCST90452000/GCST90451347/GCST90451347.tsv.gz
GCST90451348	Free_cholesterol_in_chylomicrons_and_extremely_large_VLDL	Free cholesterol in chylomicrons and extremely large very-low-density lipoprotein	GRCh38	599249	https://ftp.ebi.ac.uk/pub/databases/gwas/summary_statistics/GCST90451001-GCST90452000/GCST90451348/GCST90451348.tsv.gz
GCST90451349	Total_lipids_in_chylomicrons_and_extremely_large_VLDL	Total lipids in chylomicrons and extremely large very-low-density lipoprotein	GRCh38	599249	https://ftp.ebi.ac.uk/pub/databases/gwas/summary_statistics/GCST90451001-GCST90452000/GCST90451349/GCST90451349.tsv.gz
GCST90451350	Phospholipids_to_total_lipids_ratio_in_chylomicrons_and_extremely_large_VLDL	Phospholipids/total lipids ratio in chylomicrons and extremely large very-low-density lipoprotein	GRCh38	599249	https://ftp.ebi.ac.uk/pub/databases/gwas/summary_statistics/GCST90451001-GCST90452000/GCST90451350/GCST90451350.tsv.gz
GCST90451351	Phospholipids_in_chylomicrons_and_extremely_large_VLDL	Phospholipids in chylomicrons and extremely large very-low-density lipoprotein	GRCh38	599249	https://ftp.ebi.ac.uk/pub/databases/gwas/summary_statistics/GCST90451001-GCST90452000/GCST90451351/GCST90451351.tsv.gz
GCST90451352	Concentration_of_chylomicrons_and_extremely_large_VLDL_particles	Chylomicrons and extremely large very-low-density lipoprotein particle concentration	GRCh38	599249	https://ftp.ebi.ac.uk/pub/databases/gwas/summary_statistics/GCST90451001-GCST90452000/GCST90451352/GCST90451352.tsv.gz
GCST90451353	Triglycerides_to_total_lipids_ratio_in_chylomicrons_and_extremely_large_VLDL	Triglycerides/total lipids ratio in chylomicrons and extremely large very-low-density lipoprotein	GRCh38	599249	https://ftp.ebi.ac.uk/pub/databases/gwas/summary_statistics/GCST90451001-GCST90452000/GCST90451353/GCST90451353.tsv.gz
GCST90451354	Triglycerides_in_chylomicrons_and_extremely_large_VLDL	Triglycerides in chylomicrons and extremely large very-low-density lipoprotein	GRCh38	599249	https://ftp.ebi.ac.uk/pub/databases/gwas/summary_statistics/GCST90451001-GCST90452000/GCST90451354/GCST90451354.tsv.gz
